[2026-06-12 18:14:29:1429] [INFO]: ==================================================
[2026-06-12 18:14:29:1429] [INFO]: 🚀 TKS API Server with Socket.IO is running on port: 5000
[2026-06-12 18:14:29:1429] [INFO]: 🔐 Bypass MS Auth status: false
[2026-06-12 18:14:29:1429] [INFO]: ==================================================
[2026-06-12 18:14:38:1438] [INFO]: OPTIONS /api/products 204 0 - 7.462 ms
[2026-06-12 18:14:38:1438] [INFO]: OPTIONS /api/products 204 0 - 0.280 ms
[2026-06-12 18:14:38:1438] [INFO]: GET /api/products 304 - - 123.372 ms
[2026-06-12 18:14:38:1438] [INFO]: GET /api/products 304 - - 6.939 ms
[2026-06-12 18:14:38:1438] [INFO]: OPTIONS /api/products/d90166b5-a0aa-429b-8c81-a101cdeed91c/status 204 0 - 0.507 ms
[2026-06-12 18:14:38:1438] [INFO]: OPTIONS /api/products/d90166b5-a0aa-429b-8c81-a101cdeed91c/status 204 0 - 8.601 ms
[2026-06-12 18:14:38:1438] [INFO]: OPTIONS /api/users 204 0 - 0.454 ms
[2026-06-12 18:14:38:1438] [INFO]: OPTIONS /api/users 204 0 - 0.455 ms
[2026-06-12 18:14:38:1438] [INFO]: GET /api/users 304 - - 32.136 ms
[2026-06-12 18:14:38:1438] [INFO]: GET /api/products/d90166b5-a0aa-429b-8c81-a101cdeed91c/status 304 - - 64.942 ms
[2026-06-12 18:14:38:1438] [INFO]: GET /api/users 304 - - 46.482 ms
[2026-06-12 18:14:38:1438] [INFO]: GET /api/products/d90166b5-a0aa-429b-8c81-a101cdeed91c/status 304 - - 37.729 ms
[2026-06-12 18:14:38:1438] [INFO]: GET /api/products/d90166b5-a0aa-429b-8c81-a101cdeed91c/status 304 - - 22.629 ms
[2026-06-12 18:14:44:1444] [INFO]: OPTIONS /api/products/62ccad48-b0de-4c8e-aae2-78ce013793fb/status 204 0 - 0.165 ms
[2026-06-12 18:14:44:1444] [INFO]: GET /api/products/62ccad48-b0de-4c8e-aae2-78ce013793fb/status 200 1486 - 6.996 ms
[2026-06-12 18:14:46:1446] [INFO]: OPTIONS /api/products/b2f86c7e-14f6-4571-857f-b7ef411e48c4/status 204 0 - 0.151 ms
[2026-06-12 18:14:46:1446] [INFO]: GET /api/products/b2f86c7e-14f6-4571-857f-b7ef411e48c4/status 200 1505 - 6.835 ms
[2026-06-12 18:14:47:1447] [INFO]: OPTIONS /api/products/4875830a-8108-43e1-8e19-cafb09c3ba3d/status 204 0 - 0.171 ms
[2026-06-12 18:14:47:1447] [INFO]: GET /api/products/4875830a-8108-43e1-8e19-cafb09c3ba3d/status 200 1007 - 6.106 ms
[2026-06-12 18:14:50:1450] [INFO]: OPTIONS /api/products/d90166b5-a0aa-429b-8c81-a101cdeed91c/status 204 0 - 0.187 ms
[2026-06-12 18:14:50:1450] [INFO]: GET /api/products/d90166b5-a0aa-429b-8c81-a101cdeed91c/status 304 - - 6.889 ms
[2026-06-12 18:14:59:1459] [INFO]: OPTIONS /api/products 204 0 - 0.133 ms
[2026-06-12 18:14:59:1459] [INFO]: OPTIONS /api/products 204 0 - 0.085 ms
[2026-06-12 18:14:59:1459] [INFO]: GET /api/products 304 - - 14.901 ms
[2026-06-12 18:14:59:1459] [INFO]: GET /api/products 304 - - 13.169 ms
[2026-06-12 18:14:59:1459] [INFO]: OPTIONS /api/products/d90166b5-a0aa-429b-8c81-a101cdeed91c/status 204 0 - 0.131 ms
[2026-06-12 18:14:59:1459] [INFO]: OPTIONS /api/users 204 0 - 17.759 ms
[2026-06-12 18:14:59:1459] [INFO]: OPTIONS /api/products/d90166b5-a0aa-429b-8c81-a101cdeed91c/status 204 0 - 7.631 ms
[2026-06-12 18:14:59:1459] [INFO]: OPTIONS /api/users 204 0 - 0.083 ms
[2026-06-12 18:14:59:1459] [INFO]: GET /api/users 304 - - 33.524 ms
[2026-06-12 18:14:59:1459] [INFO]: GET /api/products/d90166b5-a0aa-429b-8c81-a101cdeed91c/status 304 - - 54.355 ms
[2026-06-12 18:14:59:1459] [INFO]: GET /api/users 304 - - 14.666 ms
[2026-06-12 18:14:59:1459] [INFO]: GET /api/products/d90166b5-a0aa-429b-8c81-a101cdeed91c/status 304 - - 54.333 ms
[2026-06-12 18:14:59:1459] [INFO]: GET /api/products/d90166b5-a0aa-429b-8c81-a101cdeed91c/status 304 - - 45.069 ms
[2026-06-12 18:17:09:179] [INFO]: OPTIONS /api/notifications?page=1&limit=5 204 0 - 0.146 ms
[2026-06-12 18:17:09:179] [INFO]: [SOCKET] User connected: Krishna Shelar (8e2089f4-e03a-4dc3-8eb0-4ed4771a785e) - Socket: TWJ3Y3i8ok7q-UN4AAAB
[2026-06-12 18:17:09:179] [INFO]: GET /api/notifications?page=1&limit=5 200 80 - 19.834 ms
[2026-06-12 18:17:10:1710] [INFO]: OPTIONS /api/products 204 0 - 0.111 ms
[2026-06-12 18:17:10:1710] [INFO]: GET /api/notifications?page=1&limit=5 200 80 - 4.154 ms
[2026-06-12 18:17:10:1710] [INFO]: GET /api/products 304 - - 2.901 ms
[2026-06-12 18:17:10:1710] [INFO]: [SOCKET] User connected: Krishna Shelar (8e2089f4-e03a-4dc3-8eb0-4ed4771a785e) - Socket: xtmpSQLq6RjLb4wjAAAE
[2026-06-12 18:17:10:1710] [INFO]: GET /api/notifications?page=1&limit=5 304 - - 2.224 ms
[2026-06-12 18:17:10:1710] [INFO]: GET /api/products 304 - - 1.316 ms
[2026-06-12 18:17:10:1710] [INFO]: [SOCKET] User connected: Krishna Shelar (8e2089f4-e03a-4dc3-8eb0-4ed4771a785e) - Socket: G3Cg9sxg1htE-9fcAAAF
[2026-06-12 18:17:11:1711] [INFO]: OPTIONS /api/products/d90166b5-a0aa-429b-8c81-a101cdeed91c/status 204 0 - 0.059 ms
[2026-06-12 18:17:11:1711] [INFO]: OPTIONS /api/users 204 0 - 0.044 ms
[2026-06-12 18:17:11:1711] [INFO]: GET /api/products/d90166b5-a0aa-429b-8c81-a101cdeed91c/status 304 - - 4.260 ms
[2026-06-12 18:17:11:1711] [INFO]: GET /api/users 304 - - 2.884 ms
[2026-06-12 18:17:11:1711] [INFO]: GET /api/products/d90166b5-a0aa-429b-8c81-a101cdeed91c/status 304 - - 5.236 ms
[2026-06-12 18:17:11:1711] [INFO]: GET /api/users 304 - - 2.374 ms
[2026-06-12 18:17:11:1711] [INFO]: GET /api/products/d90166b5-a0aa-429b-8c81-a101cdeed91c/status 304 - - 7.812 ms
[2026-06-12 18:17:54:1754] [INFO]: [SOCKET] User disconnected: Krishna Shelar (8e2089f4-e03a-4dc3-8eb0-4ed4771a785e) - Socket: TWJ3Y3i8ok7q-UN4AAAB
[2026-06-12 18:19:27:1927] [INFO]: ==================================================
[2026-06-12 18:19:27:1927] [INFO]: 🚀 TKS API Server with Socket.IO is running on port: 5000
[2026-06-12 18:19:27:1927] [INFO]: 🔐 Bypass MS Auth status: false
[2026-06-12 18:19:27:1927] [INFO]: ==================================================
[2026-06-12 18:19:28:1928] [INFO]: [SOCKET] User connected: Krishna Shelar (8e2089f4-e03a-4dc3-8eb0-4ed4771a785e) - Socket: 1gyPH7wBIkDI2OeqAAAB
[2026-06-12 18:19:29:1929] [INFO]: [SOCKET] User connected: Krishna Shelar (8e2089f4-e03a-4dc3-8eb0-4ed4771a785e) - Socket: EtJWxcYmWJUNNX2fAAAD
[2026-06-12 18:22:55:2255] [INFO]: [SOCKET] User disconnected: Krishna Shelar (8e2089f4-e03a-4dc3-8eb0-4ed4771a785e) - Socket: 1gyPH7wBIkDI2OeqAAAB
[2026-06-12 18:22:55:2255] [INFO]: [SOCKET] User disconnected: Krishna Shelar (8e2089f4-e03a-4dc3-8eb0-4ed4771a785e) - Socket: EtJWxcYmWJUNNX2fAAAD
[2026-06-12 18:23:56:2356] [INFO]: OPTIONS /api/auth/microsoft 204 0 - 1.781 ms
[2026-06-12 18:23:56:2356] [INFO]: POST /api/auth/microsoft 200 44345 - 464.234 ms
[2026-06-12 18:23:56:2356] [INFO]: OPTIONS /api/notifications?page=1&limit=5 204 0 - 0.640 ms
[2026-06-12 18:23:56:2356] [INFO]: OPTIONS /api/products 204 0 - 0.231 ms
[2026-06-12 18:23:56:2356] [INFO]: OPTIONS /api/notifications?page=1&limit=5 204 0 - 0.514 ms
[2026-06-12 18:23:56:2356] [INFO]: OPTIONS /api/products 204 0 - 1.148 ms
[2026-06-12 18:23:56:2356] [INFO]: [SOCKET] User connected: Krishna Shelar (8e2089f4-e03a-4dc3-8eb0-4ed4771a785e) - Socket: Glr6yhOz3hDCyaH_AAAG
[2026-06-12 18:23:56:2356] [INFO]: GET /api/products 304 - - 44.822 ms
[2026-06-12 18:23:56:2356] [INFO]: [SOCKET] User connected: Krishna Shelar (8e2089f4-e03a-4dc3-8eb0-4ed4771a785e) - Socket: dGdXB_aRQ4mJ2jtIAAAH
[2026-06-12 18:23:57:2357] [INFO]: GET /api/notifications?page=1&limit=5 304 - - 159.037 ms
[2026-06-12 18:23:57:2357] [INFO]: OPTIONS /api/products/d90166b5-a0aa-429b-8c81-a101cdeed91c/status 204 0 - 0.249 ms
[2026-06-12 18:23:57:2357] [INFO]: OPTIONS /api/users 204 0 - 0.247 ms
[2026-06-12 18:23:57:2357] [INFO]: OPTIONS /api/products/d90166b5-a0aa-429b-8c81-a101cdeed91c/status 204 0 - 0.201 ms
[2026-06-12 18:23:57:2357] [INFO]: OPTIONS /api/users 204 0 - 2.101 ms
[2026-06-12 18:23:57:2357] [INFO]: GET /api/products 304 - - 134.354 ms
[2026-06-12 18:23:57:2357] [INFO]: GET /api/notifications?page=1&limit=5 304 - - 82.070 ms
[2026-06-12 18:23:57:2357] [INFO]: GET /api/users 304 - - 31.327 ms
[2026-06-12 18:23:57:2357] [INFO]: GET /api/products/d90166b5-a0aa-429b-8c81-a101cdeed91c/status 304 - - 81.244 ms
[2026-06-12 18:23:57:2357] [INFO]: GET /api/users 304 - - 16.651 ms
[2026-06-12 18:23:57:2357] [INFO]: GET /api/products/d90166b5-a0aa-429b-8c81-a101cdeed91c/status 304 - - 36.066 ms
[2026-06-12 18:23:57:2357] [INFO]: GET /api/products/d90166b5-a0aa-429b-8c81-a101cdeed91c/status 304 - - 36.602 ms
[2026-06-12 18:24:08:248] [INFO]: OPTIONS /api/products/dcb43061-c0aa-4247-81e6-78967d10457a/status 204 0 - 0.209 ms
[2026-06-12 18:24:08:248] [INFO]: GET /api/products/dcb43061-c0aa-4247-81e6-78967d10457a/status 200 995 - 6.170 ms
[2026-06-12 18:24:31:2431] [INFO]: OPTIONS /api/status 204 0 - 0.149 ms
[2026-06-12 18:24:31:2431] [INFO]: [NOTIFICATION SERVICE] Creating notification for user b966a0f8-a607-49ee-aa2a-358c180e369b: "Task Assigned"
[2026-06-12 18:24:31:2431] [INFO]: [SOCKET] Emitting event "notification" to user room b966a0f8-a607-49ee-aa2a-358c180e369b
[2026-06-12 18:24:31:2431] [INFO]: POST /api/status 201 462 - 80.314 ms
[2026-06-12 18:24:31:2431] [INFO]: OPTIONS /api/products/dcb43061-c0aa-4247-81e6-78967d10457a/status 204 0 - 0.463 ms
[2026-06-12 18:24:31:2431] [INFO]: GET /api/products/dcb43061-c0aa-4247-81e6-78967d10457a/status 200 1458 - 18.827 ms
[2026-06-12 18:24:48:2448] [INFO]: OPTIONS /api/features?productId=dcb43061-c0aa-4247-81e6-78967d10457a 204 0 - 0.131 ms
[2026-06-12 18:24:48:2448] [INFO]: OPTIONS /api/users 204 0 - 0.109 ms
[2026-06-12 18:24:48:2448] [INFO]: OPTIONS /api/features?productId=dcb43061-c0aa-4247-81e6-78967d10457a 204 0 - 0.176 ms
[2026-06-12 18:24:48:2448] [INFO]: OPTIONS /api/users 204 0 - 0.110 ms
[2026-06-12 18:24:48:2448] [INFO]: GET /api/features?productId=dcb43061-c0aa-4247-81e6-78967d10457a 200 1144 - 13.763 ms
[2026-06-12 18:24:48:2448] [INFO]: GET /api/users 304 - - 7.359 ms
[2026-06-12 18:24:48:2448] [INFO]: GET /api/users 304 - - 5.821 ms
[2026-06-12 18:24:48:2448] [INFO]: GET /api/features?productId=dcb43061-c0aa-4247-81e6-78967d10457a 304 - - 14.578 ms
[2026-06-12 18:24:54:2454] [INFO]: OPTIONS /api/features?productId=d90166b5-a0aa-429b-8c81-a101cdeed91c 204 0 - 0.133 ms
[2026-06-12 18:24:54:2454] [INFO]: OPTIONS /api/users 204 0 - 0.114 ms
[2026-06-12 18:24:54:2454] [INFO]: GET /api/users 304 - - 3.159 ms
[2026-06-12 18:24:54:2454] [INFO]: GET /api/features?productId=d90166b5-a0aa-429b-8c81-a101cdeed91c 304 - - 6.864 ms
[2026-06-12 18:24:58:2458] [INFO]: OPTIONS /api/user-stories?productId=d90166b5-a0aa-429b-8c81-a101cdeed91c 204 0 - 0.157 ms
[2026-06-12 18:24:58:2458] [INFO]: OPTIONS /api/user-stories?productId=d90166b5-a0aa-429b-8c81-a101cdeed91c 204 0 - 0.167 ms
[2026-06-12 18:24:58:2458] [INFO]: GET /api/features?productId=d90166b5-a0aa-429b-8c81-a101cdeed91c 304 - - 9.424 ms
[2026-06-12 18:24:58:2458] [INFO]: GET /api/users 304 - - 6.815 ms
[2026-06-12 18:24:58:2458] [INFO]: GET /api/user-stories?productId=d90166b5-a0aa-429b-8c81-a101cdeed91c 304 - - 25.351 ms
[2026-06-12 18:24:58:2458] [INFO]: GET /api/users 304 - - 16.176 ms
[2026-06-12 18:24:58:2458] [INFO]: GET /api/features?productId=d90166b5-a0aa-429b-8c81-a101cdeed91c 304 - - 41.505 ms
[2026-06-12 18:24:58:2458] [INFO]: GET /api/user-stories?productId=d90166b5-a0aa-429b-8c81-a101cdeed91c 304 - - 30.940 ms
[2026-06-12 18:25:03:253] [INFO]: OPTIONS /api/audit-logs? 204 0 - 0.123 ms
[2026-06-12 18:25:03:253] [INFO]: OPTIONS /api/users 204 0 - 0.082 ms
[2026-06-12 18:25:03:253] [INFO]: OPTIONS /api/audit-logs? 204 0 - 0.096 ms
[2026-06-12 18:25:03:253] [INFO]: OPTIONS /api/users 204 0 - 0.120 ms
[2026-06-12 18:25:03:253] [INFO]: GET /api/users 304 - - 3.610 ms
[2026-06-12 18:25:03:253] [INFO]: GET /api/audit-logs? 200 268286 - 12.140 ms
[2026-06-12 18:25:03:253] [INFO]: GET /api/audit-logs? 304 - - 14.531 ms
[2026-06-12 18:25:03:253] [INFO]: GET /api/users 304 - - 21.024 ms
[2026-06-12 18:25:12:2512] [INFO]: OPTIONS /api/audit-logs? 204 0 - 0.152 ms
[2026-06-12 18:25:12:2512] [INFO]: OPTIONS /api/users 204 0 - 0.114 ms
[2026-06-12 18:25:12:2512] [INFO]: GET /api/audit-logs? 304 - - 8.520 ms
[2026-06-12 18:25:12:2512] [INFO]: GET /api/users 304 - - 9.296 ms
[2026-06-12 18:25:19:2519] [INFO]: OPTIONS /api/notifications?page=1&limit=10&search=&type=&isRead= 204 0 - 0.131 ms
[2026-06-12 18:25:19:2519] [INFO]: OPTIONS /api/notifications?page=1&limit=10&search=&type=&isRead= 204 0 - 0.128 ms
[2026-06-12 18:25:19:2519] [INFO]: GET /api/notifications?page=1&limit=10&search=&type=&isRead= 200 81 - 6.758 ms
[2026-06-12 18:25:19:2519] [INFO]: GET /api/notifications?page=1&limit=10&search=&type=&isRead= 304 - - 7.512 ms
[2026-06-12 18:25:30:2530] [INFO]: OPTIONS /api/notifications?page=1&limit=10&search=&type=&isRead= 204 0 - 0.139 ms
[2026-06-12 18:25:30:2530] [INFO]: GET /api/notifications?page=1&limit=10&search=&type=&isRead= 304 - - 4.542 ms
[2026-06-12 18:25:35:2535] [INFO]: OPTIONS /api/notifications?page=1&limit=10&search=&type=USER_STORY&isRead= 204 0 - 0.133 ms
[2026-06-12 18:25:35:2535] [INFO]: GET /api/notifications?page=1&limit=10&search=&type=USER_STORY&isRead= 200 81 - 5.995 ms
[2026-06-12 18:25:36:2536] [INFO]: OPTIONS /api/notifications?page=1&limit=10&search=&type=STATUS&isRead= 204 0 - 0.215 ms
[2026-06-12 18:25:36:2536] [INFO]: GET /api/notifications?page=1&limit=10&search=&type=STATUS&isRead= 200 81 - 4.770 ms
[2026-06-12 18:25:39:2539] [INFO]: OPTIONS /api/audit-logs? 204 0 - 0.139 ms
[2026-06-12 18:25:39:2539] [INFO]: OPTIONS /api/users 204 0 - 0.110 ms
[2026-06-12 18:25:39:2539] [INFO]: OPTIONS /api/audit-logs? 204 0 - 0.107 ms
[2026-06-12 18:25:39:2539] [INFO]: OPTIONS /api/users 204 0 - 0.175 ms
[2026-06-12 18:25:39:2539] [INFO]: GET /api/audit-logs? 304 - - 9.329 ms
[2026-06-12 18:25:39:2539] [INFO]: GET /api/users 304 - - 6.404 ms
[2026-06-12 18:25:39:2539] [INFO]: GET /api/audit-logs? 304 - - 13.760 ms
[2026-06-12 18:25:39:2539] [INFO]: GET /api/users 304 - - 17.209 ms
[2026-06-12 18:25:41:2541] [INFO]: OPTIONS /api/reports/status-distribution?productId=d90166b5-a0aa-429b-8c81-a101cdeed91c& 204 0 - 0.132 ms
[2026-06-12 18:25:41:2541] [INFO]: OPTIONS /api/reports/feature-overview?productId=d90166b5-a0aa-429b-8c81-a101cdeed91c& 204 0 - 0.095 ms
[2026-06-12 18:25:41:2541] [INFO]: OPTIONS /api/reports/story-overview?productId=d90166b5-a0aa-429b-8c81-a101cdeed91c& 204 0 - 0.088 ms
[2026-06-12 18:25:41:2541] [INFO]: OPTIONS /api/reports/sprint-velocity?productId=d90166b5-a0aa-429b-8c81-a101cdeed91c& 204 0 - 0.115 ms
[2026-06-12 18:25:41:2541] [INFO]: OPTIONS /api/reports/workload?productId=d90166b5-a0aa-429b-8c81-a101cdeed91c& 204 0 - 0.101 ms
[2026-06-12 18:25:41:2541] [INFO]: OPTIONS /api/reports/status-distribution?productId=d90166b5-a0aa-429b-8c81-a101cdeed91c& 204 0 - 0.144 ms
[2026-06-12 18:25:41:2541] [INFO]: OPTIONS /api/reports/feature-overview?productId=d90166b5-a0aa-429b-8c81-a101cdeed91c& 204 0 - 0.103 ms
[2026-06-12 18:25:41:2541] [INFO]: OPTIONS /api/reports/story-overview?productId=d90166b5-a0aa-429b-8c81-a101cdeed91c& 204 0 - 0.097 ms
[2026-06-12 18:25:41:2541] [INFO]: OPTIONS /api/reports/sprint-velocity?productId=d90166b5-a0aa-429b-8c81-a101cdeed91c& 204 0 - 0.127 ms
[2026-06-12 18:25:41:2541] [INFO]: OPTIONS /api/reports/release-readiness?productId=d90166b5-a0aa-429b-8c81-a101cdeed91c& 204 0 - 0.124 ms
[2026-06-12 18:25:41:2541] [INFO]: OPTIONS /api/reports/workload?productId=d90166b5-a0aa-429b-8c81-a101cdeed91c& 204 0 - 0.231 ms
[2026-06-12 18:25:41:2541] [INFO]: OPTIONS /api/reports/release-readiness?productId=d90166b5-a0aa-429b-8c81-a101cdeed91c& 204 0 - 0.118 ms
[2026-06-12 18:25:41:2541] [INFO]: GET /api/reports/status-distribution?productId=d90166b5-a0aa-429b-8c81-a101cdeed91c& 304 - - 34.748 ms
[2026-06-12 18:25:41:2541] [INFO]: GET /api/reports/feature-overview?productId=d90166b5-a0aa-429b-8c81-a101cdeed91c& 304 - - 44.698 ms
[2026-06-12 18:25:41:2541] [INFO]: GET /api/reports/story-overview?productId=d90166b5-a0aa-429b-8c81-a101cdeed91c& 304 - - 40.178 ms
[2026-06-12 18:25:41:2541] [INFO]: GET /api/reports/sprint-velocity?productId=d90166b5-a0aa-429b-8c81-a101cdeed91c& 304 - - 35.171 ms
[2026-06-12 18:25:41:2541] [INFO]: GET /api/reports/release-readiness?productId=d90166b5-a0aa-429b-8c81-a101cdeed91c& 304 - - 36.545 ms
[2026-06-12 18:25:41:2541] [INFO]: GET /api/reports/workload?productId=d90166b5-a0aa-429b-8c81-a101cdeed91c& 304 - - 47.839 ms
[2026-06-12 18:25:41:2541] [INFO]: GET /api/reports/status-distribution?productId=d90166b5-a0aa-429b-8c81-a101cdeed91c& 304 - - 40.084 ms
[2026-06-12 18:25:41:2541] [INFO]: GET /api/reports/feature-overview?productId=d90166b5-a0aa-429b-8c81-a101cdeed91c& 304 - - 49.377 ms
[2026-06-12 18:25:41:2541] [INFO]: GET /api/reports/story-overview?productId=d90166b5-a0aa-429b-8c81-a101cdeed91c& 304 - - 44.640 ms
[2026-06-12 18:25:41:2541] [INFO]: GET /api/reports/sprint-velocity?productId=d90166b5-a0aa-429b-8c81-a101cdeed91c& 304 - - 46.866 ms
[2026-06-12 18:25:41:2541] [INFO]: GET /api/reports/release-readiness?productId=d90166b5-a0aa-429b-8c81-a101cdeed91c& 304 - - 37.149 ms
[2026-06-12 18:25:41:2541] [INFO]: GET /api/reports/workload?productId=d90166b5-a0aa-429b-8c81-a101cdeed91c& 304 - - 34.931 ms
[2026-06-12 18:25:47:2547] [INFO]: OPTIONS /api/reports/status-distribution?productId=62ccad48-b0de-4c8e-aae2-78ce013793fb& 204 0 - 0.155 ms
[2026-06-12 18:25:47:2547] [INFO]: OPTIONS /api/reports/feature-overview?productId=62ccad48-b0de-4c8e-aae2-78ce013793fb& 204 0 - 0.133 ms
[2026-06-12 18:25:47:2547] [INFO]: OPTIONS /api/reports/story-overview?productId=62ccad48-b0de-4c8e-aae2-78ce013793fb& 204 0 - 0.101 ms
[2026-06-12 18:25:47:2547] [INFO]: OPTIONS /api/reports/sprint-velocity?productId=62ccad48-b0de-4c8e-aae2-78ce013793fb& 204 0 - 0.169 ms
[2026-06-12 18:25:47:2547] [INFO]: OPTIONS /api/reports/workload?productId=62ccad48-b0de-4c8e-aae2-78ce013793fb& 204 0 - 0.549 ms
[2026-06-12 18:25:47:2547] [INFO]: OPTIONS /api/reports/release-readiness?productId=62ccad48-b0de-4c8e-aae2-78ce013793fb& 204 0 - 0.182 ms
[2026-06-12 18:25:47:2547] [INFO]: GET /api/reports/status-distribution?productId=62ccad48-b0de-4c8e-aae2-78ce013793fb& 200 214 - 26.311 ms
[2026-06-12 18:25:47:2547] [INFO]: GET /api/reports/feature-overview?productId=62ccad48-b0de-4c8e-aae2-78ce013793fb& 200 123 - 30.195 ms
[2026-06-12 18:25:47:2547] [INFO]: GET /api/reports/story-overview?productId=62ccad48-b0de-4c8e-aae2-78ce013793fb& 200 145 - 28.960 ms
[2026-06-12 18:25:47:2547] [INFO]: GET /api/reports/sprint-velocity?productId=62ccad48-b0de-4c8e-aae2-78ce013793fb& 200 34 - 27.264 ms
[2026-06-12 18:25:47:2547] [INFO]: GET /api/reports/workload?productId=62ccad48-b0de-4c8e-aae2-78ce013793fb& 200 906 - 16.433 ms
[2026-06-12 18:25:47:2547] [INFO]: GET /api/reports/release-readiness?productId=62ccad48-b0de-4c8e-aae2-78ce013793fb& 200 129 - 14.294 ms
[2026-06-12 18:25:53:2553] [INFO]: OPTIONS /api/user-stories?productId=62ccad48-b0de-4c8e-aae2-78ce013793fb 204 0 - 0.132 ms
[2026-06-12 18:25:53:2553] [INFO]: OPTIONS /api/features?productId=62ccad48-b0de-4c8e-aae2-78ce013793fb 204 0 - 0.093 ms
[2026-06-12 18:25:53:2553] [INFO]: OPTIONS /api/users 204 0 - 0.087 ms
[2026-06-12 18:25:53:2553] [INFO]: OPTIONS /api/user-stories?productId=62ccad48-b0de-4c8e-aae2-78ce013793fb 204 0 - 0.105 ms
[2026-06-12 18:25:53:2553] [INFO]: OPTIONS /api/features?productId=62ccad48-b0de-4c8e-aae2-78ce013793fb 204 0 - 0.097 ms
[2026-06-12 18:25:53:2553] [INFO]: OPTIONS /api/users 204 0 - 0.164 ms
[2026-06-12 18:25:53:2553] [INFO]: GET /api/users 304 - - 5.541 ms
[2026-06-12 18:25:53:2553] [INFO]: GET /api/features?productId=62ccad48-b0de-4c8e-aae2-78ce013793fb 200 1683 - 14.622 ms
[2026-06-12 18:25:53:2553] [INFO]: GET /api/user-stories?productId=62ccad48-b0de-4c8e-aae2-78ce013793fb 200 2182 - 21.508 ms
[2026-06-12 18:25:53:2553] [INFO]: GET /api/users 304 - - 16.318 ms
[2026-06-12 18:25:53:2553] [INFO]: GET /api/features?productId=62ccad48-b0de-4c8e-aae2-78ce013793fb 304 - - 26.981 ms
[2026-06-12 18:25:53:2553] [INFO]: GET /api/user-stories?productId=62ccad48-b0de-4c8e-aae2-78ce013793fb 304 - - 23.590 ms
[2026-06-12 18:25:57:2557] [INFO]: GET /api/users 304 - - 3.131 ms
[2026-06-12 18:25:57:2557] [INFO]: GET /api/features?productId=62ccad48-b0de-4c8e-aae2-78ce013793fb 304 - - 5.812 ms
[2026-06-12 18:25:57:2557] [INFO]: GET /api/users 304 - - 4.043 ms
[2026-06-12 18:25:57:2557] [INFO]: GET /api/features?productId=62ccad48-b0de-4c8e-aae2-78ce013793fb 304 - - 6.496 ms
[2026-06-12 18:26:06:266] [INFO]: OPTIONS /api/features/312a09e9-d735-4180-b676-8d210d914c55 204 0 - 0.129 ms
[2026-06-12 18:26:06:266] [INFO]: [NOTIFICATION SERVICE] Creating notification for user 03ea1615-7808-4c49-98a6-fdd7216b9ad2: "CRITICAL: Feature Deleted"
[2026-06-12 18:26:06:266] [INFO]: [SOCKET] Emitting event "notification" to user room 03ea1615-7808-4c49-98a6-fdd7216b9ad2
[2026-06-12 18:26:06:266] [INFO]: [NOTIFICATION SERVICE] Creating notification for user 248c2324-dce4-48c3-b76a-f3008493bd82: "CRITICAL: Feature Deleted"
[2026-06-12 18:26:06:266] [INFO]: [SOCKET] Emitting event "notification" to user room 248c2324-dce4-48c3-b76a-f3008493bd82
[2026-06-12 18:26:06:266] [INFO]: [NOTIFICATION SERVICE] Creating notification for user 2b0b79e1-eb82-4404-a414-06cfd62a2438: "CRITICAL: Feature Deleted"
[2026-06-12 18:26:06:266] [INFO]: [SOCKET] Emitting event "notification" to user room 2b0b79e1-eb82-4404-a414-06cfd62a2438
[2026-06-12 18:26:06:266] [INFO]: [NOTIFICATION SERVICE] Creating notification for user 6965596c-6565-4962-8be0-f4813b979c7d: "CRITICAL: Feature Deleted"
[2026-06-12 18:26:06:266] [INFO]: [SOCKET] Emitting event "notification" to user room 6965596c-6565-4962-8be0-f4813b979c7d
[2026-06-12 18:26:06:266] [INFO]: [NOTIFICATION SERVICE] Creating notification for user 6b06ca0f-e46a-4d06-bcb8-b119c036ae3c: "CRITICAL: Feature Deleted"
[2026-06-12 18:26:06:266] [INFO]: [SOCKET] Emitting event "notification" to user room 6b06ca0f-e46a-4d06-bcb8-b119c036ae3c
[2026-06-12 18:26:06:266] [INFO]: [NOTIFICATION SERVICE] Creating notification for user cefc09bb-c879-4817-8ad5-0a48bdfe7971: "CRITICAL: Feature Deleted"
[2026-06-12 18:26:06:266] [INFO]: [SOCKET] Emitting event "notification" to user room cefc09bb-c879-4817-8ad5-0a48bdfe7971
[2026-06-12 18:26:06:266] [INFO]: [NOTIFICATION SERVICE] Creating notification for user f09d310b-33cc-40e0-a1dc-7c47b3a7b7e3: "CRITICAL: Feature Deleted"
[2026-06-12 18:26:06:266] [INFO]: [SOCKET] Emitting event "notification" to user room f09d310b-33cc-40e0-a1dc-7c47b3a7b7e3
[2026-06-12 18:26:06:266] [INFO]: DELETE /api/features/312a09e9-d735-4180-b676-8d210d914c55 200 43 - 134.424 ms
[2026-06-12 18:26:08:268] [INFO]: OPTIONS /api/products/62ccad48-b0de-4c8e-aae2-78ce013793fb/status 204 0 - 0.126 ms
[2026-06-12 18:26:08:268] [INFO]: OPTIONS /api/users 204 0 - 0.137 ms
[2026-06-12 18:26:08:268] [INFO]: OPTIONS /api/products/62ccad48-b0de-4c8e-aae2-78ce013793fb/status 204 0 - 0.093 ms
[2026-06-12 18:26:08:268] [INFO]: OPTIONS /api/users 204 0 - 0.090 ms
[2026-06-12 18:26:08:268] [INFO]: GET /api/users 304 - - 3.438 ms
[2026-06-12 18:26:08:268] [INFO]: GET /api/products/62ccad48-b0de-4c8e-aae2-78ce013793fb/status 304 - - 6.240 ms
[2026-06-12 18:26:08:268] [INFO]: GET /api/users 304 - - 9.312 ms
[2026-06-12 18:26:08:268] [INFO]: GET /api/products/62ccad48-b0de-4c8e-aae2-78ce013793fb/status 304 - - 15.448 ms
[2026-06-12 18:26:14:2614] [INFO]: OPTIONS /api/notifications?page=1&limit=10&search=&type=&isRead= 204 0 - 0.123 ms
[2026-06-12 18:26:14:2614] [INFO]: OPTIONS /api/notifications?page=1&limit=10&search=&type=&isRead= 204 0 - 0.104 ms
[2026-06-12 18:26:14:2614] [INFO]: GET /api/notifications?page=1&limit=10&search=&type=&isRead= 304 - - 4.066 ms
[2026-06-12 18:26:14:2614] [INFO]: GET /api/notifications?page=1&limit=10&search=&type=&isRead= 304 - - 4.385 ms
[2026-06-12 18:26:16:2616] [INFO]: OPTIONS /api/products/62ccad48-b0de-4c8e-aae2-78ce013793fb/status 204 0 - 0.128 ms
[2026-06-12 18:26:16:2616] [INFO]: OPTIONS /api/users 204 0 - 0.133 ms
[2026-06-12 18:26:16:2616] [INFO]: OPTIONS /api/products/62ccad48-b0de-4c8e-aae2-78ce013793fb/status 204 0 - 0.090 ms
[2026-06-12 18:26:16:2616] [INFO]: OPTIONS /api/users 204 0 - 0.123 ms
[2026-06-12 18:26:16:2616] [INFO]: GET /api/users 304 - - 3.723 ms
[2026-06-12 18:26:16:2616] [INFO]: GET /api/products/62ccad48-b0de-4c8e-aae2-78ce013793fb/status 304 - - 10.285 ms
[2026-06-12 18:26:16:2616] [INFO]: GET /api/users 304 - - 6.687 ms
[2026-06-12 18:26:16:2616] [INFO]: GET /api/products/62ccad48-b0de-4c8e-aae2-78ce013793fb/status 304 - - 7.886 ms
[2026-06-12 18:26:20:2620] [INFO]: OPTIONS /api/products/dcb43061-c0aa-4247-81e6-78967d10457a/status 204 0 - 0.134 ms
[2026-06-12 18:26:20:2620] [INFO]: GET /api/products/dcb43061-c0aa-4247-81e6-78967d10457a/status 304 - - 5.078 ms
[2026-06-12 18:26:31:2631] [INFO]: OPTIONS /api/products/dcb43061-c0aa-4247-81e6-78967d10457a/status 204 0 - 0.115 ms
[2026-06-12 18:26:31:2631] [INFO]: GET /api/products/dcb43061-c0aa-4247-81e6-78967d10457a/status 304 - - 5.568 ms
[2026-06-12 18:26:41:2641] [INFO]: OPTIONS /api/features?productId=dcb43061-c0aa-4247-81e6-78967d10457a 204 0 - 0.127 ms
[2026-06-12 18:26:41:2641] [INFO]: OPTIONS /api/users 204 0 - 0.103 ms
[2026-06-12 18:26:41:2641] [INFO]: OPTIONS /api/features?productId=dcb43061-c0aa-4247-81e6-78967d10457a 204 0 - 0.102 ms
[2026-06-12 18:26:41:2641] [INFO]: OPTIONS /api/users 204 0 - 0.087 ms
[2026-06-12 18:26:41:2641] [INFO]: GET /api/users 304 - - 8.062 ms
[2026-06-12 18:26:41:2641] [INFO]: GET /api/features?productId=dcb43061-c0aa-4247-81e6-78967d10457a 304 - - 11.286 ms
[2026-06-12 18:26:41:2641] [INFO]: GET /api/users 304 - - 7.279 ms
[2026-06-12 18:26:41:2641] [INFO]: GET /api/features?productId=dcb43061-c0aa-4247-81e6-78967d10457a 304 - - 14.044 ms
[2026-06-12 18:26:48:2648] [INFO]: OPTIONS /api/features?productId=dcb43061-c0aa-4247-81e6-78967d10457a 204 0 - 0.107 ms
[2026-06-12 18:26:48:2648] [INFO]: OPTIONS /api/user-stories?productId=dcb43061-c0aa-4247-81e6-78967d10457a 204 0 - 0.087 ms
[2026-06-12 18:26:48:2648] [INFO]: OPTIONS /api/users 204 0 - 0.102 ms
[2026-06-12 18:26:48:2648] [INFO]: OPTIONS /api/user-stories?productId=dcb43061-c0aa-4247-81e6-78967d10457a 204 0 - 0.075 ms
[2026-06-12 18:26:48:2648] [INFO]: OPTIONS /api/features?productId=dcb43061-c0aa-4247-81e6-78967d10457a 204 0 - 0.071 ms
[2026-06-12 18:26:48:2648] [INFO]: OPTIONS /api/users 204 0 - 0.099 ms
[2026-06-12 18:26:48:2648] [INFO]: GET /api/users 304 - - 3.675 ms
[2026-06-12 18:26:48:2648] [INFO]: GET /api/features?productId=dcb43061-c0aa-4247-81e6-78967d10457a 304 - - 13.579 ms
[2026-06-12 18:26:48:2648] [INFO]: GET /api/user-stories?productId=dcb43061-c0aa-4247-81e6-78967d10457a 200 1420 - 11.243 ms
[2026-06-12 18:26:48:2648] [INFO]: GET /api/users 304 - - 5.065 ms
[2026-06-12 18:26:48:2648] [INFO]: GET /api/features?productId=dcb43061-c0aa-4247-81e6-78967d10457a 304 - - 13.773 ms
[2026-06-12 18:26:48:2648] [INFO]: GET /api/user-stories?productId=dcb43061-c0aa-4247-81e6-78967d10457a 304 - - 16.847 ms
[2026-06-12 18:26:55:2655] [INFO]: OPTIONS /api/reports/status-distribution?productId=dcb43061-c0aa-4247-81e6-78967d10457a& 204 0 - 0.125 ms
[2026-06-12 18:26:55:2655] [INFO]: OPTIONS /api/reports/feature-overview?productId=dcb43061-c0aa-4247-81e6-78967d10457a& 204 0 - 0.115 ms
[2026-06-12 18:26:55:2655] [INFO]: OPTIONS /api/reports/story-overview?productId=dcb43061-c0aa-4247-81e6-78967d10457a& 204 0 - 0.091 ms
[2026-06-12 18:26:55:2655] [INFO]: OPTIONS /api/reports/sprint-velocity?productId=dcb43061-c0aa-4247-81e6-78967d10457a& 204 0 - 0.083 ms
[2026-06-12 18:26:55:2655] [INFO]: OPTIONS /api/reports/workload?productId=dcb43061-c0aa-4247-81e6-78967d10457a& 204 0 - 0.086 ms
[2026-06-12 18:26:55:2655] [INFO]: OPTIONS /api/reports/release-readiness?productId=dcb43061-c0aa-4247-81e6-78967d10457a& 204 0 - 0.079 ms
[2026-06-12 18:26:55:2655] [INFO]: OPTIONS /api/reports/status-distribution?productId=dcb43061-c0aa-4247-81e6-78967d10457a& 204 0 - 0.079 ms
[2026-06-12 18:26:55:2655] [INFO]: OPTIONS /api/reports/feature-overview?productId=dcb43061-c0aa-4247-81e6-78967d10457a& 204 0 - 0.119 ms
[2026-06-12 18:26:55:2655] [INFO]: OPTIONS /api/reports/story-overview?productId=dcb43061-c0aa-4247-81e6-78967d10457a& 204 0 - 0.083 ms
[2026-06-12 18:26:55:2655] [INFO]: OPTIONS /api/reports/sprint-velocity?productId=dcb43061-c0aa-4247-81e6-78967d10457a& 204 0 - 0.088 ms
[2026-06-12 18:26:55:2655] [INFO]: OPTIONS /api/reports/workload?productId=dcb43061-c0aa-4247-81e6-78967d10457a& 204 0 - 0.145 ms
[2026-06-12 18:26:55:2655] [INFO]: OPTIONS /api/reports/release-readiness?productId=dcb43061-c0aa-4247-81e6-78967d10457a& 204 0 - 0.099 ms
[2026-06-12 18:26:55:2655] [INFO]: GET /api/reports/status-distribution?productId=dcb43061-c0aa-4247-81e6-78967d10457a& 200 214 - 15.712 ms
[2026-06-12 18:26:55:2655] [INFO]: GET /api/reports/feature-overview?productId=dcb43061-c0aa-4247-81e6-78967d10457a& 200 123 - 16.299 ms
[2026-06-12 18:26:55:2655] [INFO]: GET /api/reports/story-overview?productId=dcb43061-c0aa-4247-81e6-78967d10457a& 200 145 - 16.351 ms
[2026-06-12 18:26:55:2655] [INFO]: GET /api/reports/sprint-velocity?productId=dcb43061-c0aa-4247-81e6-78967d10457a& 200 34 - 16.917 ms
[2026-06-12 18:26:55:2655] [INFO]: GET /api/reports/release-readiness?productId=dcb43061-c0aa-4247-81e6-78967d10457a& 200 130 - 19.863 ms
[2026-06-12 18:26:55:2655] [INFO]: GET /api/reports/workload?productId=dcb43061-c0aa-4247-81e6-78967d10457a& 200 906 - 27.401 ms
[2026-06-12 18:26:55:2655] [INFO]: GET /api/reports/status-distribution?productId=dcb43061-c0aa-4247-81e6-78967d10457a& 304 - - 21.943 ms
[2026-06-12 18:26:55:2655] [INFO]: GET /api/reports/feature-overview?productId=dcb43061-c0aa-4247-81e6-78967d10457a& 304 - - 23.837 ms
[2026-06-12 18:26:55:2655] [INFO]: GET /api/reports/story-overview?productId=dcb43061-c0aa-4247-81e6-78967d10457a& 304 - - 21.049 ms
[2026-06-12 18:26:55:2655] [INFO]: GET /api/reports/sprint-velocity?productId=dcb43061-c0aa-4247-81e6-78967d10457a& 304 - - 27.067 ms
[2026-06-12 18:26:55:2655] [INFO]: GET /api/reports/release-readiness?productId=dcb43061-c0aa-4247-81e6-78967d10457a& 304 - - 22.280 ms
[2026-06-12 18:26:55:2655] [INFO]: GET /api/reports/workload?productId=dcb43061-c0aa-4247-81e6-78967d10457a& 304 - - 18.971 ms
[2026-06-12 18:27:14:2714] [INFO]: OPTIONS /api/audit-logs? 204 0 - 0.157 ms
[2026-06-12 18:27:14:2714] [INFO]: OPTIONS /api/users 204 0 - 0.106 ms
[2026-06-12 18:27:14:2714] [INFO]: OPTIONS /api/audit-logs? 204 0 - 0.091 ms
[2026-06-12 18:27:14:2714] [INFO]: OPTIONS /api/users 204 0 - 0.091 ms
[2026-06-12 18:27:14:2714] [INFO]: GET /api/users 304 - - 3.560 ms
[2026-06-12 18:27:14:2714] [INFO]: GET /api/audit-logs? 200 312947 - 12.939 ms
[2026-06-12 18:27:14:2714] [INFO]: GET /api/users 304 - - 8.812 ms
[2026-06-12 18:27:14:2714] [INFO]: GET /api/audit-logs? 304 - - 10.592 ms
[2026-06-12 18:27:23:2723] [INFO]: OPTIONS /api/audit-logs?userId=b966a0f8-a607-49ee-aa2a-358c180e369b 204 0 - 0.131 ms
[2026-06-12 18:27:23:2723] [INFO]: OPTIONS /api/users 204 0 - 0.111 ms
[2026-06-12 18:27:23:2723] [INFO]: GET /api/audit-logs?userId=b966a0f8-a607-49ee-aa2a-358c180e369b 200 2 - 4.056 ms
[2026-06-12 18:27:23:2723] [INFO]: GET /api/users 304 - - 3.413 ms
[2026-06-12 18:27:27:2727] [INFO]: OPTIONS /api/audit-logs?userId=978d6ae0-df04-4186-abe3-31c9ed570491 204 0 - 0.131 ms
[2026-06-12 18:27:27:2727] [INFO]: GET /api/users 304 - - 4.327 ms
[2026-06-12 18:27:27:2727] [INFO]: GET /api/audit-logs?userId=978d6ae0-df04-4186-abe3-31c9ed570491 200 2 - 4.026 ms
[2026-06-12 18:27:31:2731] [INFO]: OPTIONS /api/audit-logs?userId=8e2089f4-e03a-4dc3-8eb0-4ed4771a785e 204 0 - 0.119 ms
[2026-06-12 18:27:31:2731] [INFO]: OPTIONS /api/users 204 0 - 0.099 ms
[2026-06-12 18:27:31:2731] [INFO]: GET /api/audit-logs?userId=8e2089f4-e03a-4dc3-8eb0-4ed4771a785e 200 312947 - 13.396 ms
[2026-06-12 18:27:31:2731] [INFO]: GET /api/users 304 - - 13.224 ms
[2026-06-12 18:27:55:2755] [INFO]: OPTIONS /api/notifications?page=1&limit=10&search=&type=&isRead= 204 0 - 0.126 ms
[2026-06-12 18:27:55:2755] [INFO]: OPTIONS /api/notifications?page=1&limit=10&search=&type=&isRead= 204 0 - 0.088 ms
[2026-06-12 18:27:55:2755] [INFO]: GET /api/notifications?page=1&limit=10&search=&type=&isRead= 304 - - 5.637 ms
[2026-06-12 18:27:55:2755] [INFO]: GET /api/notifications?page=1&limit=10&search=&type=&isRead= 304 - - 5.534 ms
[2026-06-12 18:27:59:2759] [INFO]: OPTIONS /api/audit-logs? 204 0 - 0.447 ms
[2026-06-12 18:27:59:2759] [INFO]: OPTIONS /api/users 204 0 - 0.101 ms
[2026-06-12 18:27:59:2759] [INFO]: OPTIONS /api/audit-logs? 204 0 - 0.131 ms
[2026-06-12 18:27:59:2759] [INFO]: OPTIONS /api/users 204 0 - 0.176 ms
[2026-06-12 18:27:59:2759] [INFO]: GET /api/audit-logs? 304 - - 9.173 ms
[2026-06-12 18:27:59:2759] [INFO]: GET /api/users 304 - - 10.978 ms
[2026-06-12 18:27:59:2759] [INFO]: GET /api/audit-logs? 304 - - 21.982 ms
[2026-06-12 18:27:59:2759] [INFO]: GET /api/users 304 - - 20.779 ms
[2026-06-12 18:28:03:283] [INFO]: OPTIONS /api/reports/status-distribution?productId=dcb43061-c0aa-4247-81e6-78967d10457a& 204 0 - 0.120 ms
[2026-06-12 18:28:03:283] [INFO]: OPTIONS /api/reports/feature-overview?productId=dcb43061-c0aa-4247-81e6-78967d10457a& 204 0 - 0.120 ms
[2026-06-12 18:28:03:283] [INFO]: OPTIONS /api/reports/story-overview?productId=dcb43061-c0aa-4247-81e6-78967d10457a& 204 0 - 0.100 ms
[2026-06-12 18:28:03:283] [INFO]: OPTIONS /api/reports/sprint-velocity?productId=dcb43061-c0aa-4247-81e6-78967d10457a& 204 0 - 0.117 ms
[2026-06-12 18:28:03:283] [INFO]: OPTIONS /api/reports/workload?productId=dcb43061-c0aa-4247-81e6-78967d10457a& 204 0 - 0.100 ms
[2026-06-12 18:28:03:283] [INFO]: OPTIONS /api/reports/status-distribution?productId=dcb43061-c0aa-4247-81e6-78967d10457a& 204 0 - 0.281 ms
[2026-06-12 18:28:03:283] [INFO]: OPTIONS /api/reports/feature-overview?productId=dcb43061-c0aa-4247-81e6-78967d10457a& 204 0 - 0.126 ms
[2026-06-12 18:28:03:283] [INFO]: OPTIONS /api/reports/story-overview?productId=dcb43061-c0aa-4247-81e6-78967d10457a& 204 0 - 0.131 ms
[2026-06-12 18:28:03:283] [INFO]: OPTIONS /api/reports/sprint-velocity?productId=dcb43061-c0aa-4247-81e6-78967d10457a& 204 0 - 0.087 ms
[2026-06-12 18:28:03:283] [INFO]: OPTIONS /api/reports/release-readiness?productId=dcb43061-c0aa-4247-81e6-78967d10457a& 204 0 - 0.093 ms
[2026-06-12 18:28:03:283] [INFO]: OPTIONS /api/reports/workload?productId=dcb43061-c0aa-4247-81e6-78967d10457a& 204 0 - 0.117 ms
[2026-06-12 18:28:03:283] [INFO]: OPTIONS /api/reports/release-readiness?productId=dcb43061-c0aa-4247-81e6-78967d10457a& 204 0 - 0.117 ms
[2026-06-12 18:28:03:283] [INFO]: GET /api/reports/status-distribution?productId=dcb43061-c0aa-4247-81e6-78967d10457a& 304 - - 11.477 ms
[2026-06-12 18:28:03:283] [INFO]: GET /api/reports/feature-overview?productId=dcb43061-c0aa-4247-81e6-78967d10457a& 304 - - 11.745 ms
[2026-06-12 18:28:03:283] [INFO]: GET /api/reports/story-overview?productId=dcb43061-c0aa-4247-81e6-78967d10457a& 304 - - 13.765 ms
[2026-06-12 18:28:03:283] [INFO]: GET /api/reports/sprint-velocity?productId=dcb43061-c0aa-4247-81e6-78967d10457a& 304 - - 15.848 ms
[2026-06-12 18:28:03:283] [INFO]: GET /api/reports/workload?productId=dcb43061-c0aa-4247-81e6-78967d10457a& 304 - - 22.602 ms
[2026-06-12 18:28:03:283] [INFO]: GET /api/reports/release-readiness?productId=dcb43061-c0aa-4247-81e6-78967d10457a& 304 - - 21.409 ms
[2026-06-12 18:28:03:283] [INFO]: GET /api/reports/status-distribution?productId=dcb43061-c0aa-4247-81e6-78967d10457a& 304 - - 20.183 ms
[2026-06-12 18:28:03:283] [INFO]: GET /api/reports/feature-overview?productId=dcb43061-c0aa-4247-81e6-78967d10457a& 304 - - 27.561 ms
[2026-06-12 18:28:03:283] [INFO]: GET /api/reports/story-overview?productId=dcb43061-c0aa-4247-81e6-78967d10457a& 304 - - 22.315 ms
[2026-06-12 18:28:03:283] [INFO]: GET /api/reports/sprint-velocity?productId=dcb43061-c0aa-4247-81e6-78967d10457a& 304 - - 22.967 ms
[2026-06-12 18:28:03:283] [INFO]: GET /api/reports/release-readiness?productId=dcb43061-c0aa-4247-81e6-78967d10457a& 304 - - 16.183 ms
[2026-06-12 18:28:03:283] [INFO]: GET /api/reports/workload?productId=dcb43061-c0aa-4247-81e6-78967d10457a& 304 - - 27.849 ms
[2026-06-12 18:28:07:287] [INFO]: OPTIONS /api/user-stories?productId=dcb43061-c0aa-4247-81e6-78967d10457a 204 0 - 0.122 ms
[2026-06-12 18:28:07:287] [INFO]: OPTIONS /api/features?productId=dcb43061-c0aa-4247-81e6-78967d10457a 204 0 - 0.210 ms
[2026-06-12 18:28:07:287] [INFO]: OPTIONS /api/users 204 0 - 0.103 ms
[2026-06-12 18:28:07:287] [INFO]: OPTIONS /api/user-stories?productId=dcb43061-c0aa-4247-81e6-78967d10457a 204 0 - 0.083 ms
[2026-06-12 18:28:07:287] [INFO]: OPTIONS /api/features?productId=dcb43061-c0aa-4247-81e6-78967d10457a 204 0 - 0.085 ms
[2026-06-12 18:28:07:287] [INFO]: OPTIONS /api/users 204 0 - 0.072 ms
[2026-06-12 18:28:07:287] [INFO]: GET /api/users 304 - - 6.644 ms
[2026-06-12 18:28:07:287] [INFO]: GET /api/features?productId=dcb43061-c0aa-4247-81e6-78967d10457a 304 - - 10.206 ms
[2026-06-12 18:28:07:287] [INFO]: GET /api/user-stories?productId=dcb43061-c0aa-4247-81e6-78967d10457a 304 - - 12.448 ms
[2026-06-12 18:28:07:287] [INFO]: GET /api/users 304 - - 19.696 ms
[2026-06-12 18:28:07:287] [INFO]: GET /api/features?productId=dcb43061-c0aa-4247-81e6-78967d10457a 304 - - 36.987 ms
[2026-06-12 18:28:07:287] [INFO]: GET /api/user-stories?productId=dcb43061-c0aa-4247-81e6-78967d10457a 304 - - 30.984 ms
[2026-06-12 18:28:11:2811] [INFO]: GET /api/users 304 - - 3.310 ms
[2026-06-12 18:28:11:2811] [INFO]: GET /api/features?productId=dcb43061-c0aa-4247-81e6-78967d10457a 304 - - 6.598 ms
[2026-06-12 18:28:11:2811] [INFO]: GET /api/users 304 - - 4.682 ms
[2026-06-12 18:28:11:2811] [INFO]: GET /api/features?productId=dcb43061-c0aa-4247-81e6-78967d10457a 304 - - 8.646 ms
[2026-06-12 18:28:15:2815] [INFO]: OPTIONS /api/products/dcb43061-c0aa-4247-81e6-78967d10457a/status 204 0 - 0.128 ms
[2026-06-12 18:28:15:2815] [INFO]: OPTIONS /api/users 204 0 - 0.085 ms
[2026-06-12 18:28:15:2815] [INFO]: OPTIONS /api/products/dcb43061-c0aa-4247-81e6-78967d10457a/status 204 0 - 0.092 ms
[2026-06-12 18:28:15:2815] [INFO]: OPTIONS /api/users 204 0 - 0.108 ms
[2026-06-12 18:28:15:2815] [INFO]: GET /api/users 304 - - 3.680 ms
[2026-06-12 18:28:15:2815] [INFO]: GET /api/products/dcb43061-c0aa-4247-81e6-78967d10457a/status 304 - - 6.800 ms
[2026-06-12 18:28:15:2815] [INFO]: GET /api/users 304 - - 8.573 ms
[2026-06-12 18:28:15:2815] [INFO]: GET /api/products/dcb43061-c0aa-4247-81e6-78967d10457a/status 304 - - 11.610 ms
[2026-06-12 18:28:32:2832] [INFO]: [SOCKET] User disconnected: Krishna Shelar (8e2089f4-e03a-4dc3-8eb0-4ed4771a785e) - Socket: dGdXB_aRQ4mJ2jtIAAAH
[2026-06-12 18:28:32:2832] [INFO]: [SOCKET] User disconnected: Krishna Shelar (8e2089f4-e03a-4dc3-8eb0-4ed4771a785e) - Socket: Glr6yhOz3hDCyaH_AAAG
[2026-06-12 18:29:23:2923] [INFO]: OPTIONS /api/auth/microsoft 204 0 - 0.339 ms
[2026-06-12 18:29:23:2923] [INFO]: POST /api/auth/microsoft 200 44345 - 18.194 ms
[2026-06-12 18:29:23:2923] [INFO]: OPTIONS /api/notifications?page=1&limit=5 204 0 - 0.192 ms
[2026-06-12 18:29:23:2923] [INFO]: OPTIONS /api/products 204 0 - 0.141 ms
[2026-06-12 18:29:23:2923] [INFO]: OPTIONS /api/notifications?page=1&limit=5 204 0 - 0.157 ms
[2026-06-12 18:29:23:2923] [INFO]: OPTIONS /api/products 204 0 - 0.595 ms
[2026-06-12 18:29:23:2923] [INFO]: [SOCKET] User connected: Krishna Shelar (8e2089f4-e03a-4dc3-8eb0-4ed4771a785e) - Socket: tktqORdEawu5s8NJAAAK
[2026-06-12 18:29:23:2923] [INFO]: [SOCKET] User connected: Krishna Shelar (8e2089f4-e03a-4dc3-8eb0-4ed4771a785e) - Socket: 8WbGIeVC4W4fyxNDAAAL
[2026-06-12 18:29:23:2923] [INFO]: GET /api/products 304 - - 25.747 ms
[2026-06-12 18:29:23:2923] [INFO]: GET /api/notifications?page=1&limit=5 304 - - 69.437 ms
[2026-06-12 18:29:23:2923] [INFO]: GET /api/products 304 - - 18.527 ms
[2026-06-12 18:29:23:2923] [INFO]: GET /api/notifications?page=1&limit=5 304 - - 17.160 ms
[2026-06-12 18:29:23:2923] [INFO]: OPTIONS /api/products/d90166b5-a0aa-429b-8c81-a101cdeed91c/status 204 0 - 0.802 ms
[2026-06-12 18:29:23:2923] [INFO]: OPTIONS /api/users 204 0 - 0.257 ms
[2026-06-12 18:29:24:2924] [INFO]: OPTIONS /api/products/d90166b5-a0aa-429b-8c81-a101cdeed91c/status 204 0 - 0.547 ms
[2026-06-12 18:29:24:2924] [INFO]: OPTIONS /api/users 204 0 - 0.238 ms
[2026-06-12 18:29:24:2924] [INFO]: GET /api/users 304 - - 9.800 ms
[2026-06-12 18:29:24:2924] [INFO]: GET /api/products/d90166b5-a0aa-429b-8c81-a101cdeed91c/status 304 - - 29.723 ms
[2026-06-12 18:29:24:2924] [INFO]: GET /api/users 304 - - 16.516 ms
[2026-06-12 18:29:24:2924] [INFO]: GET /api/products/d90166b5-a0aa-429b-8c81-a101cdeed91c/status 304 - - 21.003 ms
[2026-06-12 18:29:24:2924] [INFO]: GET /api/products/d90166b5-a0aa-429b-8c81-a101cdeed91c/status 304 - - 15.955 ms
[2026-06-12 18:29:34:2934] [INFO]: OPTIONS /api/products/b2f86c7e-14f6-4571-857f-b7ef411e48c4/status 204 0 - 0.133 ms
[2026-06-12 18:29:34:2934] [INFO]: GET /api/products/b2f86c7e-14f6-4571-857f-b7ef411e48c4/status 304 - - 6.686 ms
[2026-06-12 18:29:45:2945] [INFO]: OPTIONS /api/status 204 0 - 0.127 ms
[2026-06-12 18:29:45:2945] [INFO]: [NOTIFICATION SERVICE] Creating notification for user 4b11b349-1bc0-4cf8-ae18-a99706827f90: "Task Assigned"
[2026-06-12 18:29:45:2945] [INFO]: [SOCKET] Emitting event "notification" to user room 4b11b349-1bc0-4cf8-ae18-a99706827f90
[2026-06-12 18:29:45:2945] [INFO]: POST /api/status 201 442 - 58.897 ms
[2026-06-12 18:29:45:2945] [INFO]: OPTIONS /api/products/b2f86c7e-14f6-4571-857f-b7ef411e48c4/status 204 0 - 0.302 ms
[2026-06-12 18:29:45:2945] [INFO]: GET /api/products/b2f86c7e-14f6-4571-857f-b7ef411e48c4/status 200 1948 - 13.154 ms
[2026-06-12 18:29:49:2949] [INFO]: GET /api/products/b2f86c7e-14f6-4571-857f-b7ef411e48c4/status 304 - - 5.720 ms
[2026-06-12 18:29:59:2959] [INFO]: OPTIONS /api/features?productId=b2f86c7e-14f6-4571-857f-b7ef411e48c4 204 0 - 0.142 ms
[2026-06-12 18:29:59:2959] [INFO]: OPTIONS /api/users 204 0 - 0.105 ms
[2026-06-12 18:29:59:2959] [INFO]: OPTIONS /api/features?productId=b2f86c7e-14f6-4571-857f-b7ef411e48c4 204 0 - 0.088 ms
[2026-06-12 18:29:59:2959] [INFO]: OPTIONS /api/users 204 0 - 0.142 ms
[2026-06-12 18:29:59:2959] [INFO]: GET /api/users 304 - - 3.556 ms
[2026-06-12 18:29:59:2959] [INFO]: GET /api/users 304 - - 3.895 ms
[2026-06-12 18:29:59:2959] [INFO]: GET /api/features?productId=b2f86c7e-14f6-4571-857f-b7ef411e48c4 200 1110 - 13.947 ms
[2026-06-12 18:29:59:2959] [INFO]: GET /api/features?productId=b2f86c7e-14f6-4571-857f-b7ef411e48c4 304 - - 10.896 ms
[2026-06-12 18:30:01:301] [INFO]: OPTIONS /api/features?productId=d90166b5-a0aa-429b-8c81-a101cdeed91c 204 0 - 0.118 ms
[2026-06-12 18:30:01:301] [INFO]: GET /api/users 304 - - 3.545 ms
[2026-06-12 18:30:01:301] [INFO]: GET /api/features?productId=d90166b5-a0aa-429b-8c81-a101cdeed91c 304 - - 9.649 ms
[2026-06-12 18:30:12:3012] [INFO]: OPTIONS /api/user-stories?productId=d90166b5-a0aa-429b-8c81-a101cdeed91c 204 0 - 0.111 ms
[2026-06-12 18:30:12:3012] [INFO]: OPTIONS /api/features?productId=d90166b5-a0aa-429b-8c81-a101cdeed91c 204 0 - 0.091 ms
[2026-06-12 18:30:12:3012] [INFO]: OPTIONS /api/users 204 0 - 0.100 ms
[2026-06-12 18:30:12:3012] [INFO]: OPTIONS /api/user-stories?productId=d90166b5-a0aa-429b-8c81-a101cdeed91c 204 0 - 0.091 ms
[2026-06-12 18:30:12:3012] [INFO]: OPTIONS /api/features?productId=d90166b5-a0aa-429b-8c81-a101cdeed91c 204 0 - 0.086 ms
[2026-06-12 18:30:12:3012] [INFO]: OPTIONS /api/users 204 0 - 0.086 ms
[2026-06-12 18:30:12:3012] [INFO]: GET /api/users 304 - - 5.272 ms
[2026-06-12 18:30:12:3012] [INFO]: GET /api/user-stories?productId=d90166b5-a0aa-429b-8c81-a101cdeed91c 304 - - 20.607 ms
[2026-06-12 18:30:12:3012] [INFO]: GET /api/users 304 - - 18.063 ms
[2026-06-12 18:30:12:3012] [INFO]: GET /api/features?productId=d90166b5-a0aa-429b-8c81-a101cdeed91c 304 - - 33.447 ms
[2026-06-12 18:30:12:3012] [INFO]: GET /api/user-stories?productId=d90166b5-a0aa-429b-8c81-a101cdeed91c 304 - - 31.060 ms
[2026-06-12 18:30:12:3012] [INFO]: GET /api/features?productId=d90166b5-a0aa-429b-8c81-a101cdeed91c 304 - - 24.199 ms
[2026-06-12 18:30:23:3023] [INFO]: OPTIONS /api/user-stories/a1aa1d64-17ac-4176-9aa3-13658a00de4b 204 0 - 0.148 ms
[2026-06-12 18:30:23:3023] [INFO]: [NOTIFICATION SERVICE] Creating notification for user 03ea1615-7808-4c49-98a6-fdd7216b9ad2: "CRITICAL: User Story Deleted"
[2026-06-12 18:30:23:3023] [INFO]: [SOCKET] Emitting event "notification" to user room 03ea1615-7808-4c49-98a6-fdd7216b9ad2
[2026-06-12 18:30:23:3023] [INFO]: [NOTIFICATION SERVICE] Creating notification for user 248c2324-dce4-48c3-b76a-f3008493bd82: "CRITICAL: User Story Deleted"
[2026-06-12 18:30:23:3023] [INFO]: [SOCKET] Emitting event "notification" to user room 248c2324-dce4-48c3-b76a-f3008493bd82
[2026-06-12 18:30:23:3023] [INFO]: [NOTIFICATION SERVICE] Creating notification for user 2b0b79e1-eb82-4404-a414-06cfd62a2438: "CRITICAL: User Story Deleted"
[2026-06-12 18:30:23:3023] [INFO]: [SOCKET] Emitting event "notification" to user room 2b0b79e1-eb82-4404-a414-06cfd62a2438
[2026-06-12 18:30:23:3023] [INFO]: [NOTIFICATION SERVICE] Creating notification for user 6965596c-6565-4962-8be0-f4813b979c7d: "CRITICAL: User Story Deleted"
[2026-06-12 18:30:23:3023] [INFO]: [SOCKET] Emitting event "notification" to user room 6965596c-6565-4962-8be0-f4813b979c7d
[2026-06-12 18:30:23:3023] [INFO]: [NOTIFICATION SERVICE] Creating notification for user 6b06ca0f-e46a-4d06-bcb8-b119c036ae3c: "CRITICAL: User Story Deleted"
[2026-06-12 18:30:23:3023] [INFO]: [SOCKET] Emitting event "notification" to user room 6b06ca0f-e46a-4d06-bcb8-b119c036ae3c
[2026-06-12 18:30:23:3023] [INFO]: [NOTIFICATION SERVICE] Creating notification for user cefc09bb-c879-4817-8ad5-0a48bdfe7971: "CRITICAL: User Story Deleted"
[2026-06-12 18:30:23:3023] [INFO]: [SOCKET] Emitting event "notification" to user room cefc09bb-c879-4817-8ad5-0a48bdfe7971
[2026-06-12 18:30:23:3023] [INFO]: [NOTIFICATION SERVICE] Creating notification for user f09d310b-33cc-40e0-a1dc-7c47b3a7b7e3: "CRITICAL: User Story Deleted"
[2026-06-12 18:30:23:3023] [INFO]: [SOCKET] Emitting event "notification" to user room f09d310b-33cc-40e0-a1dc-7c47b3a7b7e3
[2026-06-12 18:30:23:3023] [INFO]: DELETE /api/user-stories/a1aa1d64-17ac-4176-9aa3-13658a00de4b 200 46 - 154.215 ms
[2026-06-12 18:30:25:3025] [INFO]: OPTIONS /api/user-stories?productId=dcb43061-c0aa-4247-81e6-78967d10457a 204 0 - 0.123 ms
[2026-06-12 18:30:25:3025] [INFO]: OPTIONS /api/features?productId=dcb43061-c0aa-4247-81e6-78967d10457a 204 0 - 0.093 ms
[2026-06-12 18:30:25:3025] [INFO]: OPTIONS /api/users 204 0 - 0.159 ms
[2026-06-12 18:30:25:3025] [INFO]: GET /api/users 304 - - 4.634 ms
[2026-06-12 18:30:25:3025] [INFO]: GET /api/features?productId=dcb43061-c0aa-4247-81e6-78967d10457a 304 - - 8.467 ms
[2026-06-12 18:30:25:3025] [INFO]: GET /api/user-stories?productId=dcb43061-c0aa-4247-81e6-78967d10457a 304 - - 11.456 ms
[2026-06-12 18:30:28:3028] [INFO]: OPTIONS /api/reports/status-distribution?productId=dcb43061-c0aa-4247-81e6-78967d10457a& 204 0 - 0.129 ms
[2026-06-12 18:30:28:3028] [INFO]: OPTIONS /api/reports/feature-overview?productId=dcb43061-c0aa-4247-81e6-78967d10457a& 204 0 - 0.111 ms
[2026-06-12 18:30:28:3028] [INFO]: OPTIONS /api/reports/story-overview?productId=dcb43061-c0aa-4247-81e6-78967d10457a& 204 0 - 0.167 ms
[2026-06-12 18:30:28:3028] [INFO]: OPTIONS /api/reports/sprint-velocity?productId=dcb43061-c0aa-4247-81e6-78967d10457a& 204 0 - 0.300 ms
[2026-06-12 18:30:28:3028] [INFO]: OPTIONS /api/reports/workload?productId=dcb43061-c0aa-4247-81e6-78967d10457a& 204 0 - 0.105 ms
[2026-06-12 18:30:28:3028] [INFO]: OPTIONS /api/reports/release-readiness?productId=dcb43061-c0aa-4247-81e6-78967d10457a& 204 0 - 0.107 ms
[2026-06-12 18:30:28:3028] [INFO]: OPTIONS /api/reports/status-distribution?productId=dcb43061-c0aa-4247-81e6-78967d10457a& 204 0 - 0.106 ms
[2026-06-12 18:30:28:3028] [INFO]: OPTIONS /api/reports/story-overview?productId=dcb43061-c0aa-4247-81e6-78967d10457a& 204 0 - 0.091 ms
[2026-06-12 18:30:28:3028] [INFO]: OPTIONS /api/reports/feature-overview?productId=dcb43061-c0aa-4247-81e6-78967d10457a& 204 0 - 0.098 ms
[2026-06-12 18:30:28:3028] [INFO]: OPTIONS /api/reports/sprint-velocity?productId=dcb43061-c0aa-4247-81e6-78967d10457a& 204 0 - 0.086 ms
[2026-06-12 18:30:28:3028] [INFO]: OPTIONS /api/reports/workload?productId=dcb43061-c0aa-4247-81e6-78967d10457a& 204 0 - 0.088 ms
[2026-06-12 18:30:28:3028] [INFO]: OPTIONS /api/reports/release-readiness?productId=dcb43061-c0aa-4247-81e6-78967d10457a& 204 0 - 0.714 ms
[2026-06-12 18:30:28:3028] [INFO]: GET /api/reports/workload?productId=dcb43061-c0aa-4247-81e6-78967d10457a& 304 - - 43.096 ms
[2026-06-12 18:30:28:3028] [INFO]: GET /api/reports/status-distribution?productId=dcb43061-c0aa-4247-81e6-78967d10457a& 304 - - 38.412 ms
[2026-06-12 18:30:28:3028] [INFO]: GET /api/reports/feature-overview?productId=dcb43061-c0aa-4247-81e6-78967d10457a& 304 - - 33.242 ms
[2026-06-12 18:30:28:3028] [INFO]: GET /api/reports/story-overview?productId=dcb43061-c0aa-4247-81e6-78967d10457a& 304 - - 25.696 ms
[2026-06-12 18:30:28:3028] [INFO]: GET /api/reports/sprint-velocity?productId=dcb43061-c0aa-4247-81e6-78967d10457a& 304 - - 30.185 ms
[2026-06-12 18:30:28:3028] [INFO]: GET /api/reports/release-readiness?productId=dcb43061-c0aa-4247-81e6-78967d10457a& 304 - - 27.675 ms
[2026-06-12 18:30:28:3028] [INFO]: GET /api/reports/status-distribution?productId=dcb43061-c0aa-4247-81e6-78967d10457a& 304 - - 36.161 ms
[2026-06-12 18:30:28:3028] [INFO]: GET /api/reports/workload?productId=dcb43061-c0aa-4247-81e6-78967d10457a& 304 - - 51.849 ms
[2026-06-12 18:30:28:3028] [INFO]: GET /api/reports/feature-overview?productId=dcb43061-c0aa-4247-81e6-78967d10457a& 304 - - 42.947 ms
[2026-06-12 18:30:28:3028] [INFO]: GET /api/reports/story-overview?productId=dcb43061-c0aa-4247-81e6-78967d10457a& 304 - - 40.618 ms
[2026-06-12 18:30:28:3028] [INFO]: GET /api/reports/sprint-velocity?productId=dcb43061-c0aa-4247-81e6-78967d10457a& 304 - - 38.369 ms
[2026-06-12 18:30:28:3028] [INFO]: GET /api/reports/release-readiness?productId=dcb43061-c0aa-4247-81e6-78967d10457a& 304 - - 40.387 ms
[2026-06-12 18:30:33:3033] [INFO]: OPTIONS /api/reports/status-distribution?productId=d90166b5-a0aa-429b-8c81-a101cdeed91c& 204 0 - 0.130 ms
[2026-06-12 18:30:33:3033] [INFO]: OPTIONS /api/reports/feature-overview?productId=d90166b5-a0aa-429b-8c81-a101cdeed91c& 204 0 - 0.109 ms
[2026-06-12 18:30:33:3033] [INFO]: OPTIONS /api/reports/story-overview?productId=d90166b5-a0aa-429b-8c81-a101cdeed91c& 204 0 - 0.081 ms
[2026-06-12 18:30:33:3033] [INFO]: OPTIONS /api/reports/sprint-velocity?productId=d90166b5-a0aa-429b-8c81-a101cdeed91c& 204 0 - 0.079 ms
[2026-06-12 18:30:33:3033] [INFO]: OPTIONS /api/reports/workload?productId=d90166b5-a0aa-429b-8c81-a101cdeed91c& 204 0 - 0.104 ms
[2026-06-12 18:30:33:3033] [INFO]: OPTIONS /api/reports/release-readiness?productId=d90166b5-a0aa-429b-8c81-a101cdeed91c& 204 0 - 0.075 ms
[2026-06-12 18:30:33:3033] [INFO]: GET /api/reports/status-distribution?productId=d90166b5-a0aa-429b-8c81-a101cdeed91c& 304 - - 13.799 ms
[2026-06-12 18:30:33:3033] [INFO]: GET /api/reports/feature-overview?productId=d90166b5-a0aa-429b-8c81-a101cdeed91c& 304 - - 17.905 ms
[2026-06-12 18:30:33:3033] [INFO]: GET /api/reports/story-overview?productId=d90166b5-a0aa-429b-8c81-a101cdeed91c& 200 145 - 16.570 ms
[2026-06-12 18:30:33:3033] [INFO]: GET /api/reports/sprint-velocity?productId=d90166b5-a0aa-429b-8c81-a101cdeed91c& 304 - - 17.294 ms
[2026-06-12 18:30:34:3034] [INFO]: GET /api/reports/workload?productId=d90166b5-a0aa-429b-8c81-a101cdeed91c& 200 906 - 16.283 ms
[2026-06-12 18:30:34:3034] [INFO]: GET /api/reports/release-readiness?productId=d90166b5-a0aa-429b-8c81-a101cdeed91c& 304 - - 15.432 ms
[2026-06-12 18:30:39:3039] [INFO]: OPTIONS /api/audit-logs? 204 0 - 0.124 ms
[2026-06-12 18:30:39:3039] [INFO]: OPTIONS /api/users 204 0 - 0.195 ms
[2026-06-12 18:30:39:3039] [INFO]: OPTIONS /api/audit-logs? 204 0 - 0.085 ms
[2026-06-12 18:30:39:3039] [INFO]: OPTIONS /api/users 204 0 - 0.087 ms
[2026-06-12 18:30:39:3039] [INFO]: GET /api/audit-logs? 200 402398 - 10.449 ms
[2026-06-12 18:30:39:3039] [INFO]: GET /api/users 304 - - 10.725 ms
[2026-06-12 18:30:39:3039] [INFO]: GET /api/users 304 - - 5.638 ms
[2026-06-12 18:30:39:3039] [INFO]: GET /api/audit-logs? 304 - - 20.129 ms
[2026-06-12 18:30:53:3053] [INFO]: OPTIONS /api/notifications?page=1&limit=10&search=&type=&isRead= 204 0 - 0.121 ms
[2026-06-12 18:30:53:3053] [INFO]: OPTIONS /api/notifications?page=1&limit=10&search=&type=&isRead= 204 0 - 0.098 ms
[2026-06-12 18:30:53:3053] [INFO]: GET /api/notifications?page=1&limit=10&search=&type=&isRead= 304 - - 5.367 ms
[2026-06-12 18:30:53:3053] [INFO]: GET /api/notifications?page=1&limit=10&search=&type=&isRead= 304 - - 6.157 ms
[2026-06-12 18:30:55:3055] [INFO]: GET /api/notifications?page=1&limit=10&search=&type=&isRead= 304 - - 4.270 ms
[2026-06-12 18:30:57:3057] [INFO]: OPTIONS /api/products/d90166b5-a0aa-429b-8c81-a101cdeed91c/status 204 0 - 0.221 ms
[2026-06-12 18:30:57:3057] [INFO]: OPTIONS /api/users 204 0 - 0.099 ms
[2026-06-12 18:30:57:3057] [INFO]: OPTIONS /api/products/d90166b5-a0aa-429b-8c81-a101cdeed91c/status 204 0 - 0.098 ms
[2026-06-12 18:30:57:3057] [INFO]: OPTIONS /api/users 204 0 - 0.297 ms
[2026-06-12 18:30:57:3057] [INFO]: GET /api/users 304 - - 6.028 ms
[2026-06-12 18:30:57:3057] [INFO]: GET /api/products/d90166b5-a0aa-429b-8c81-a101cdeed91c/status 304 - - 13.894 ms
[2026-06-12 18:30:57:3057] [INFO]: GET /api/users 304 - - 8.346 ms
[2026-06-12 18:30:57:3057] [INFO]: GET /api/products/d90166b5-a0aa-429b-8c81-a101cdeed91c/status 304 - - 20.365 ms
[2026-06-12 18:41:02:412] [INFO]: [SOCKET] User disconnected: Krishna Shelar (8e2089f4-e03a-4dc3-8eb0-4ed4771a785e) - Socket: tktqORdEawu5s8NJAAAK
[2026-06-12 18:41:02:412] [INFO]: [SOCKET] User disconnected: Krishna Shelar (8e2089f4-e03a-4dc3-8eb0-4ed4771a785e) - Socket: 8WbGIeVC4W4fyxNDAAAL
[2026-06-12 18:41:09:419] [INFO]: ==================================================
[2026-06-12 18:41:09:419] [INFO]: 🚀 TKS API Server with Socket.IO is running on port: 5000
[2026-06-12 18:41:09:419] [INFO]: 🔐 Bypass MS Auth status: false
[2026-06-12 18:41:09:419] [INFO]: ==================================================
[2026-06-13 10:59:32:5932] [INFO]: ==================================================
[2026-06-13 10:59:32:5932] [INFO]: 🚀 TKS API Server with Socket.IO is running on port: 5000
[2026-06-13 10:59:32:5932] [INFO]: 🔐 Bypass MS Auth status: false
[2026-06-13 10:59:32:5932] [INFO]: ==================================================
[2026-06-13 10:59:48:5948] [ERROR]: [SOCKET] Connection rejected: Invalid authorization token. Error: jwt expired
[2026-06-13 10:59:48:5948] [INFO]: OPTIONS /api/notifications?page=1&limit=5 204 0 - 6.354 ms
[2026-06-13 10:59:48:5948] [INFO]: OPTIONS /api/products 204 0 - 0.622 ms
[2026-06-13 10:59:48:5948] [INFO]: OPTIONS /api/notifications?page=1&limit=5 204 0 - 0.349 ms
[2026-06-13 10:59:48:5948] [INFO]: OPTIONS /api/products 204 0 - 0.451 ms
[2026-06-13 10:59:49:5949] [INFO]: GET /api/notifications?page=1&limit=5 401 39 - 190.926 ms
[2026-06-13 10:59:49:5949] [INFO]: GET /api/products 401 39 - 23.750 ms
[2026-06-13 10:59:49:5949] [INFO]: GET /api/notifications?page=1&limit=5 401 39 - 12.819 ms
[2026-06-13 10:59:49:5949] [INFO]: GET /api/products 401 39 - 24.468 ms
[2026-06-13 10:59:49:5949] [ERROR]: [SOCKET] Connection rejected: Invalid authorization token. Error: jwt expired
[2026-06-13 19:50:28:5028] [INFO]: ==================================================
[2026-06-13 19:50:28:5028] [INFO]: 🚀 TKS API Server with Socket.IO is running on port: 5000
[2026-06-13 19:50:28:5028] [INFO]: 🔐 Bypass MS Auth status: false
[2026-06-13 19:50:28:5028] [INFO]: ==================================================
[2026-06-15 10:23:16:2316] [INFO]: ==================================================
[2026-06-15 10:23:16:2316] [INFO]: 🚀 TKS API Server with Socket.IO is running on port: 5000
[2026-06-15 10:23:16:2316] [INFO]: 🔐 Bypass MS Auth status: false
[2026-06-15 10:23:16:2316] [INFO]: ==================================================
[2026-06-15 10:33:13:3313] [INFO]: OPTIONS /api/auth/microsoft 204 0 - 3.051 ms
[2026-06-15 10:33:14:3314] [INFO]: POST /api/auth/microsoft 200 44345 - 821.520 ms
[2026-06-15 10:33:14:3314] [INFO]: OPTIONS /api/notifications?page=1&limit=5 204 0 - 0.397 ms
[2026-06-15 10:33:14:3314] [INFO]: OPTIONS /api/products 204 0 - 0.508 ms
[2026-06-15 10:33:14:3314] [INFO]: OPTIONS /api/notifications?page=1&limit=5 204 0 - 1.322 ms
[2026-06-15 10:33:14:3314] [INFO]: OPTIONS /api/products 204 0 - 0.784 ms
[2026-06-15 10:33:14:3314] [INFO]: [SOCKET] User connected: Krishna Shelar (8e2089f4-e03a-4dc3-8eb0-4ed4771a785e) - Socket: SrbsUJev1dmu5-JeAAAC
[2026-06-15 10:33:14:3314] [INFO]: [SOCKET] User connected: Krishna Shelar (8e2089f4-e03a-4dc3-8eb0-4ed4771a785e) - Socket: rtw9PGZX3dHa8rdtAAAD
[2026-06-15 10:33:14:3314] [INFO]: GET /api/products 304 - - 93.265 ms
[2026-06-15 10:33:14:3314] [INFO]: GET /api/notifications?page=1&limit=5 200 80 - 119.178 ms
[2026-06-15 10:33:14:3314] [INFO]: GET /api/products 304 - - 26.539 ms
[2026-06-15 10:33:14:3314] [INFO]: GET /api/notifications?page=1&limit=5 304 - - 16.262 ms
[2026-06-15 10:33:15:3315] [INFO]: OPTIONS /api/products/d90166b5-a0aa-429b-8c81-a101cdeed91c/status 204 0 - 0.389 ms
[2026-06-15 10:33:15:3315] [INFO]: OPTIONS /api/users 204 0 - 0.358 ms
[2026-06-15 10:33:15:3315] [INFO]: OPTIONS /api/users 204 0 - 0.370 ms
[2026-06-15 10:33:15:3315] [INFO]: GET /api/users 304 - - 24.787 ms
[2026-06-15 10:33:15:3315] [INFO]: GET /api/products/d90166b5-a0aa-429b-8c81-a101cdeed91c/status 304 - - 59.242 ms
[2026-06-15 10:33:15:3315] [INFO]: GET /api/users 304 - - 9.747 ms
[2026-06-15 10:33:15:3315] [INFO]: GET /api/products/d90166b5-a0aa-429b-8c81-a101cdeed91c/status 304 - - 19.016 ms
[2026-06-15 10:33:15:3315] [INFO]: GET /api/products/d90166b5-a0aa-429b-8c81-a101cdeed91c/status 304 - - 14.973 ms
[2026-06-15 10:33:23:3323] [INFO]: OPTIONS /api/notifications?page=1&limit=10&search=&type=&isRead= 204 0 - 0.163 ms
[2026-06-15 10:33:23:3323] [INFO]: OPTIONS /api/notifications?page=1&limit=10&search=&type=&isRead= 204 0 - 0.198 ms
[2026-06-15 10:33:23:3323] [INFO]: GET /api/notifications?page=1&limit=10&search=&type=&isRead= 200 81 - 9.208 ms
[2026-06-15 10:33:23:3323] [INFO]: GET /api/notifications?page=1&limit=10&search=&type=&isRead= 304 - - 10.547 ms
[2026-06-15 10:33:25:3325] [INFO]: OPTIONS /api/audit-logs? 204 0 - 0.145 ms
[2026-06-15 10:33:25:3325] [INFO]: OPTIONS /api/users 204 0 - 0.162 ms
[2026-06-15 10:33:25:3325] [INFO]: OPTIONS /api/audit-logs? 204 0 - 0.091 ms
[2026-06-15 10:33:25:3325] [INFO]: OPTIONS /api/users 204 0 - 0.101 ms
[2026-06-15 10:33:25:3325] [INFO]: GET /api/users 304 - - 8.100 ms
[2026-06-15 10:33:25:3325] [INFO]: GET /api/audit-logs? 304 - - 41.639 ms
[2026-06-15 10:33:25:3325] [INFO]: GET /api/users 304 - - 33.719 ms
[2026-06-15 10:33:25:3325] [INFO]: GET /api/audit-logs? 304 - - 24.513 ms
[2026-06-15 10:33:28:3328] [INFO]: OPTIONS /api/reports/status-distribution?productId=d90166b5-a0aa-429b-8c81-a101cdeed91c& 204 0 - 0.140 ms
[2026-06-15 10:33:28:3328] [INFO]: OPTIONS /api/reports/feature-overview?productId=d90166b5-a0aa-429b-8c81-a101cdeed91c& 204 0 - 0.095 ms
[2026-06-15 10:33:28:3328] [INFO]: OPTIONS /api/reports/story-overview?productId=d90166b5-a0aa-429b-8c81-a101cdeed91c& 204 0 - 0.084 ms
[2026-06-15 10:33:28:3328] [INFO]: OPTIONS /api/reports/sprint-velocity?productId=d90166b5-a0aa-429b-8c81-a101cdeed91c& 204 0 - 0.097 ms
[2026-06-15 10:33:28:3328] [INFO]: OPTIONS /api/reports/sprint-velocity?productId=d90166b5-a0aa-429b-8c81-a101cdeed91c& 204 0 - 0.157 ms
[2026-06-15 10:33:28:3328] [INFO]: OPTIONS /api/reports/release-readiness?productId=d90166b5-a0aa-429b-8c81-a101cdeed91c& 204 0 - 0.157 ms
[2026-06-15 10:33:28:3328] [INFO]: OPTIONS /api/reports/workload?productId=d90166b5-a0aa-429b-8c81-a101cdeed91c& 204 0 - 0.099 ms
[2026-06-15 10:33:28:3328] [INFO]: OPTIONS /api/reports/workload?productId=d90166b5-a0aa-429b-8c81-a101cdeed91c& 204 0 - 0.097 ms
[2026-06-15 10:33:28:3328] [INFO]: OPTIONS /api/reports/release-readiness?productId=d90166b5-a0aa-429b-8c81-a101cdeed91c& 204 0 - 0.147 ms
[2026-06-15 10:33:28:3328] [INFO]: GET /api/reports/status-distribution?productId=d90166b5-a0aa-429b-8c81-a101cdeed91c& 200 214 - 31.234 ms
[2026-06-15 10:33:28:3328] [INFO]: GET /api/reports/feature-overview?productId=d90166b5-a0aa-429b-8c81-a101cdeed91c& 200 123 - 25.268 ms
[2026-06-15 10:33:28:3328] [INFO]: GET /api/reports/story-overview?productId=d90166b5-a0aa-429b-8c81-a101cdeed91c& 200 145 - 53.144 ms
[2026-06-15 10:33:28:3328] [INFO]: GET /api/reports/release-readiness?productId=d90166b5-a0aa-429b-8c81-a101cdeed91c& 200 126 - 36.434 ms
[2026-06-15 10:33:28:3328] [INFO]: GET /api/reports/sprint-velocity?productId=d90166b5-a0aa-429b-8c81-a101cdeed91c& 200 35 - 44.142 ms
[2026-06-15 10:33:28:3328] [INFO]: GET /api/reports/status-distribution?productId=d90166b5-a0aa-429b-8c81-a101cdeed91c& 304 - - 32.589 ms
[2026-06-15 10:33:28:3328] [INFO]: GET /api/reports/workload?productId=d90166b5-a0aa-429b-8c81-a101cdeed91c& 200 906 - 51.788 ms
[2026-06-15 10:33:28:3328] [INFO]: GET /api/reports/feature-overview?productId=d90166b5-a0aa-429b-8c81-a101cdeed91c& 304 - - 33.825 ms
[2026-06-15 10:33:28:3328] [INFO]: GET /api/reports/story-overview?productId=d90166b5-a0aa-429b-8c81-a101cdeed91c& 304 - - 31.939 ms
[2026-06-15 10:33:28:3328] [INFO]: GET /api/reports/release-readiness?productId=d90166b5-a0aa-429b-8c81-a101cdeed91c& 304 - - 27.741 ms
[2026-06-15 10:33:28:3328] [INFO]: GET /api/reports/sprint-velocity?productId=d90166b5-a0aa-429b-8c81-a101cdeed91c& 304 - - 22.699 ms
[2026-06-15 10:33:28:3328] [INFO]: GET /api/reports/workload?productId=d90166b5-a0aa-429b-8c81-a101cdeed91c& 304 - - 18.351 ms
[2026-06-15 10:35:46:3546] [INFO]: OPTIONS /api/products/d90166b5-a0aa-429b-8c81-a101cdeed91c/status 204 0 - 0.193 ms
[2026-06-15 10:35:46:3546] [INFO]: OPTIONS /api/users 204 0 - 0.252 ms
[2026-06-15 10:35:46:3546] [INFO]: OPTIONS /api/products/d90166b5-a0aa-429b-8c81-a101cdeed91c/status 204 0 - 0.086 ms
[2026-06-15 10:35:46:3546] [INFO]: OPTIONS /api/users 204 0 - 0.092 ms
[2026-06-15 10:35:46:3546] [INFO]: GET /api/users 304 - - 7.208 ms
[2026-06-15 10:35:46:3546] [INFO]: GET /api/products/d90166b5-a0aa-429b-8c81-a101cdeed91c/status 304 - - 22.404 ms
[2026-06-15 10:35:46:3546] [INFO]: GET /api/users 304 - - 16.243 ms
[2026-06-15 10:35:46:3546] [INFO]: GET /api/products/d90166b5-a0aa-429b-8c81-a101cdeed91c/status 304 - - 15.418 ms
[2026-06-15 10:35:54:3554] [INFO]: OPTIONS /api/features?productId=d90166b5-a0aa-429b-8c81-a101cdeed91c 204 0 - 0.159 ms
[2026-06-15 10:35:54:3554] [INFO]: OPTIONS /api/users 204 0 - 0.084 ms
[2026-06-15 10:35:54:3554] [INFO]: OPTIONS /api/features?productId=d90166b5-a0aa-429b-8c81-a101cdeed91c 204 0 - 0.134 ms
[2026-06-15 10:35:54:3554] [INFO]: OPTIONS /api/users 204 0 - 0.085 ms
[2026-06-15 10:35:54:3554] [INFO]: GET /api/users 304 - - 7.037 ms
[2026-06-15 10:35:54:3554] [INFO]: GET /api/features?productId=d90166b5-a0aa-429b-8c81-a101cdeed91c 200 47223 - 15.263 ms
[2026-06-15 10:35:54:3554] [INFO]: GET /api/users 304 - - 15.772 ms
[2026-06-15 10:35:55:3555] [INFO]: GET /api/features?productId=d90166b5-a0aa-429b-8c81-a101cdeed91c 304 - - 20.043 ms
[2026-06-15 10:35:59:3559] [INFO]: OPTIONS /api/user-stories?productId=d90166b5-a0aa-429b-8c81-a101cdeed91c 204 0 - 0.130 ms
[2026-06-15 10:35:59:3559] [INFO]: OPTIONS /api/user-stories?productId=d90166b5-a0aa-429b-8c81-a101cdeed91c 204 0 - 0.157 ms
[2026-06-15 10:35:59:3559] [INFO]: GET /api/users 304 - - 8.807 ms
[2026-06-15 10:35:59:3559] [INFO]: GET /api/features?productId=d90166b5-a0aa-429b-8c81-a101cdeed91c 304 - - 24.528 ms
[2026-06-15 10:35:59:3559] [INFO]: GET /api/users 304 - - 10.766 ms
[2026-06-15 10:35:59:3559] [INFO]: GET /api/user-stories?productId=d90166b5-a0aa-429b-8c81-a101cdeed91c 200 48988 - 40.202 ms
[2026-06-15 10:35:59:3559] [INFO]: GET /api/features?productId=d90166b5-a0aa-429b-8c81-a101cdeed91c 304 - - 22.803 ms
[2026-06-15 10:35:59:3559] [INFO]: GET /api/user-stories?productId=d90166b5-a0aa-429b-8c81-a101cdeed91c 304 - - 18.597 ms
[2026-06-15 10:36:00:360] [INFO]: OPTIONS /api/products/d90166b5-a0aa-429b-8c81-a101cdeed91c/status 204 0 - 0.186 ms
[2026-06-15 10:36:00:360] [INFO]: OPTIONS /api/users 204 0 - 0.099 ms
[2026-06-15 10:36:00:360] [INFO]: OPTIONS /api/products/d90166b5-a0aa-429b-8c81-a101cdeed91c/status 204 0 - 0.156 ms
[2026-06-15 10:36:00:360] [INFO]: OPTIONS /api/users 204 0 - 0.093 ms
[2026-06-15 10:36:00:360] [INFO]: GET /api/users 304 - - 8.874 ms
[2026-06-15 10:36:00:360] [INFO]: GET /api/products/d90166b5-a0aa-429b-8c81-a101cdeed91c/status 304 - - 29.917 ms
[2026-06-15 10:36:00:360] [INFO]: GET /api/users 304 - - 13.857 ms
[2026-06-15 10:36:00:360] [INFO]: GET /api/products/d90166b5-a0aa-429b-8c81-a101cdeed91c/status 304 - - 32.417 ms
[2026-06-15 10:40:16:4016] [INFO]: ==================================================
[2026-06-15 10:40:16:4016] [INFO]: 🚀 TKS API Server with Socket.IO is running on port: 5000
[2026-06-15 10:40:16:4016] [INFO]: 🔐 Bypass MS Auth status: false
[2026-06-15 10:40:16:4016] [INFO]: ==================================================
[2026-06-15 10:40:18:4018] [INFO]: [SOCKET] User connected: Krishna Shelar (8e2089f4-e03a-4dc3-8eb0-4ed4771a785e) - Socket: QmQjjXbcibUVCIyXAAAC
[2026-06-15 10:40:18:4018] [INFO]: [SOCKET] User connected: Krishna Shelar (8e2089f4-e03a-4dc3-8eb0-4ed4771a785e) - Socket: X-2pKv7sQKzBxBsQAAAD
[2026-06-15 10:53:13:5313] [INFO]: OPTIONS /api/features?productId=d90166b5-a0aa-429b-8c81-a101cdeed91c 204 0 - 1.820 ms
[2026-06-15 10:53:13:5313] [INFO]: OPTIONS /api/users 204 0 - 0.465 ms
[2026-06-15 10:53:13:5313] [INFO]: OPTIONS /api/features?productId=d90166b5-a0aa-429b-8c81-a101cdeed91c 204 0 - 0.291 ms
[2026-06-15 10:53:13:5313] [INFO]: OPTIONS /api/users 204 0 - 0.170 ms
[2026-06-15 10:53:13:5313] [INFO]: GET /api/users 304 - - 142.539 ms
[2026-06-15 10:53:13:5313] [INFO]: GET /api/features?productId=d90166b5-a0aa-429b-8c81-a101cdeed91c 304 - - 114.369 ms
[2026-06-15 10:53:13:5313] [INFO]: GET /api/users 304 - - 10.394 ms
[2026-06-15 10:53:13:5313] [INFO]: GET /api/features?productId=d90166b5-a0aa-429b-8c81-a101cdeed91c 304 - - 20.934 ms
[2026-06-15 10:53:14:5314] [INFO]: OPTIONS /api/user-stories?productId=d90166b5-a0aa-429b-8c81-a101cdeed91c 204 0 - 0.178 ms
[2026-06-15 10:53:14:5314] [INFO]: OPTIONS /api/user-stories?productId=d90166b5-a0aa-429b-8c81-a101cdeed91c 204 0 - 0.231 ms
[2026-06-15 10:53:14:5314] [INFO]: GET /api/users 304 - - 6.474 ms
[2026-06-15 10:53:14:5314] [INFO]: GET /api/features?productId=d90166b5-a0aa-429b-8c81-a101cdeed91c 304 - - 14.972 ms
[2026-06-15 10:53:14:5314] [INFO]: GET /api/users 304 - - 5.737 ms
[2026-06-15 10:53:14:5314] [INFO]: GET /api/user-stories?productId=d90166b5-a0aa-429b-8c81-a101cdeed91c 304 - - 20.588 ms
[2026-06-15 10:53:14:5314] [INFO]: GET /api/features?productId=d90166b5-a0aa-429b-8c81-a101cdeed91c 304 - - 17.731 ms
[2026-06-15 10:53:14:5314] [INFO]: GET /api/user-stories?productId=d90166b5-a0aa-429b-8c81-a101cdeed91c 304 - - 15.585 ms
[2026-06-15 10:53:21:5321] [INFO]: OPTIONS /api/features?productId=d90166b5-a0aa-429b-8c81-a101cdeed91c 204 0 - 0.158 ms
[2026-06-15 10:53:21:5321] [INFO]: OPTIONS /api/users 204 0 - 0.218 ms
[2026-06-15 10:53:21:5321] [INFO]: OPTIONS /api/features?productId=d90166b5-a0aa-429b-8c81-a101cdeed91c 204 0 - 0.233 ms
[2026-06-15 10:53:21:5321] [INFO]: OPTIONS /api/users 204 0 - 0.175 ms
[2026-06-15 10:53:21:5321] [INFO]: GET /api/features?productId=d90166b5-a0aa-429b-8c81-a101cdeed91c 304 - - 14.869 ms
[2026-06-15 10:53:21:5321] [INFO]: GET /api/users 304 - - 7.182 ms
[2026-06-15 10:53:21:5321] [INFO]: GET /api/users 304 - - 5.947 ms
[2026-06-15 10:53:21:5321] [INFO]: GET /api/features?productId=d90166b5-a0aa-429b-8c81-a101cdeed91c 304 - - 12.541 ms
[2026-06-15 10:55:02:552] [INFO]: OPTIONS /api/user-stories?productId=d90166b5-a0aa-429b-8c81-a101cdeed91c 204 0 - 0.143 ms
[2026-06-15 10:55:02:552] [INFO]: OPTIONS /api/features?productId=d90166b5-a0aa-429b-8c81-a101cdeed91c 204 0 - 0.136 ms
[2026-06-15 10:55:02:552] [INFO]: OPTIONS /api/users 204 0 - 0.103 ms
[2026-06-15 10:55:02:552] [INFO]: OPTIONS /api/user-stories?productId=d90166b5-a0aa-429b-8c81-a101cdeed91c 204 0 - 0.152 ms
[2026-06-15 10:55:02:552] [INFO]: OPTIONS /api/features?productId=d90166b5-a0aa-429b-8c81-a101cdeed91c 204 0 - 0.150 ms
[2026-06-15 10:55:02:552] [INFO]: OPTIONS /api/users 204 0 - 0.729 ms
[2026-06-15 10:55:02:552] [INFO]: GET /api/users 304 - - 6.310 ms
[2026-06-15 10:55:02:552] [INFO]: GET /api/user-stories?productId=d90166b5-a0aa-429b-8c81-a101cdeed91c 304 - - 18.105 ms
[2026-06-15 10:55:02:552] [INFO]: GET /api/users 304 - - 8.107 ms
[2026-06-15 10:55:02:552] [INFO]: GET /api/features?productId=d90166b5-a0aa-429b-8c81-a101cdeed91c 304 - - 31.812 ms
[2026-06-15 10:55:02:552] [INFO]: GET /api/user-stories?productId=d90166b5-a0aa-429b-8c81-a101cdeed91c 304 - - 23.146 ms
[2026-06-15 10:55:02:552] [INFO]: GET /api/features?productId=d90166b5-a0aa-429b-8c81-a101cdeed91c 304 - - 19.971 ms
[2026-06-15 10:59:28:5928] [INFO]: OPTIONS /api/features?productId=d90166b5-a0aa-429b-8c81-a101cdeed91c 204 0 - 0.117 ms
[2026-06-15 10:59:28:5928] [INFO]: OPTIONS /api/users 204 0 - 0.158 ms
[2026-06-15 10:59:28:5928] [INFO]: OPTIONS /api/features?productId=d90166b5-a0aa-429b-8c81-a101cdeed91c 204 0 - 0.122 ms
[2026-06-15 10:59:28:5928] [INFO]: OPTIONS /api/users 204 0 - 0.119 ms
[2026-06-15 10:59:28:5928] [INFO]: GET /api/users 304 - - 7.306 ms
[2026-06-15 10:59:28:5928] [INFO]: GET /api/users 304 - - 3.954 ms
[2026-06-15 10:59:28:5928] [INFO]: GET /api/features?productId=d90166b5-a0aa-429b-8c81-a101cdeed91c 304 - - 20.361 ms
[2026-06-15 10:59:28:5928] [INFO]: GET /api/features?productId=d90166b5-a0aa-429b-8c81-a101cdeed91c 304 - - 10.566 ms
[2026-06-15 11:00:38:038] [INFO]: OPTIONS /api/user-stories?productId=d90166b5-a0aa-429b-8c81-a101cdeed91c 204 0 - 0.165 ms
[2026-06-15 11:00:38:038] [INFO]: OPTIONS /api/features?productId=d90166b5-a0aa-429b-8c81-a101cdeed91c 204 0 - 0.094 ms
[2026-06-15 11:00:38:038] [INFO]: OPTIONS /api/users 204 0 - 0.094 ms
[2026-06-15 11:00:38:038] [INFO]: OPTIONS /api/user-stories?productId=d90166b5-a0aa-429b-8c81-a101cdeed91c 204 0 - 0.088 ms
[2026-06-15 11:00:38:038] [INFO]: OPTIONS /api/features?productId=d90166b5-a0aa-429b-8c81-a101cdeed91c 204 0 - 0.099 ms
[2026-06-15 11:00:38:038] [INFO]: OPTIONS /api/users 204 0 - 0.099 ms
[2026-06-15 11:00:38:038] [INFO]: GET /api/users 304 - - 15.168 ms
[2026-06-15 11:00:38:038] [INFO]: GET /api/user-stories?productId=d90166b5-a0aa-429b-8c81-a101cdeed91c 304 - - 20.650 ms
[2026-06-15 11:00:38:038] [INFO]: GET /api/features?productId=d90166b5-a0aa-429b-8c81-a101cdeed91c 304 - - 27.863 ms
[2026-06-15 11:00:38:038] [INFO]: GET /api/users 304 - - 23.479 ms
[2026-06-15 11:00:38:038] [INFO]: GET /api/user-stories?productId=d90166b5-a0aa-429b-8c81-a101cdeed91c 304 - - 24.234 ms
[2026-06-15 11:00:38:038] [INFO]: GET /api/features?productId=d90166b5-a0aa-429b-8c81-a101cdeed91c 304 - - 25.234 ms
[2026-06-15 11:02:35:235] [INFO]: OPTIONS /api/features?productId=d90166b5-a0aa-429b-8c81-a101cdeed91c 204 0 - 0.112 ms
[2026-06-15 11:02:35:235] [INFO]: OPTIONS /api/users 204 0 - 0.231 ms
[2026-06-15 11:02:35:235] [INFO]: OPTIONS /api/features?productId=d90166b5-a0aa-429b-8c81-a101cdeed91c 204 0 - 0.079 ms
[2026-06-15 11:02:35:235] [INFO]: OPTIONS /api/users 204 0 - 0.087 ms
[2026-06-15 11:02:35:235] [INFO]: GET /api/users 304 - - 5.550 ms
[2026-06-15 11:02:35:235] [INFO]: GET /api/features?productId=d90166b5-a0aa-429b-8c81-a101cdeed91c 304 - - 13.064 ms
[2026-06-15 11:02:35:235] [INFO]: GET /api/users 304 - - 8.953 ms
[2026-06-15 11:02:35:235] [INFO]: GET /api/features?productId=d90166b5-a0aa-429b-8c81-a101cdeed91c 304 - - 11.783 ms
[2026-06-15 11:03:04:34] [INFO]: OPTIONS /api/features/ab34c56e-6331-48fa-813d-19998b0b433a 204 0 - 0.125 ms
[2026-06-15 11:03:04:34] [INFO]: [NOTIFICATION SERVICE] Creating notification for user 03ea1615-7808-4c49-98a6-fdd7216b9ad2: "CRITICAL: Feature Deleted"
[2026-06-15 11:03:04:34] [INFO]: [SOCKET] Emitting event "notification" to user room 03ea1615-7808-4c49-98a6-fdd7216b9ad2
[2026-06-15 11:03:04:34] [INFO]: [NOTIFICATION SERVICE] Creating notification for user 248c2324-dce4-48c3-b76a-f3008493bd82: "CRITICAL: Feature Deleted"
[2026-06-15 11:03:04:34] [INFO]: [SOCKET] Emitting event "notification" to user room 248c2324-dce4-48c3-b76a-f3008493bd82
[2026-06-15 11:03:04:34] [INFO]: [NOTIFICATION SERVICE] Creating notification for user 2b0b79e1-eb82-4404-a414-06cfd62a2438: "CRITICAL: Feature Deleted"
[2026-06-15 11:03:04:34] [INFO]: [SOCKET] Emitting event "notification" to user room 2b0b79e1-eb82-4404-a414-06cfd62a2438
[2026-06-15 11:03:04:34] [INFO]: [NOTIFICATION SERVICE] Creating notification for user 6965596c-6565-4962-8be0-f4813b979c7d: "CRITICAL: Feature Deleted"
[2026-06-15 11:03:04:34] [INFO]: [SOCKET] Emitting event "notification" to user room 6965596c-6565-4962-8be0-f4813b979c7d
[2026-06-15 11:03:05:35] [INFO]: [NOTIFICATION SERVICE] Creating notification for user 6b06ca0f-e46a-4d06-bcb8-b119c036ae3c: "CRITICAL: Feature Deleted"
[2026-06-15 11:03:05:35] [INFO]: [SOCKET] Emitting event "notification" to user room 6b06ca0f-e46a-4d06-bcb8-b119c036ae3c
[2026-06-15 11:03:05:35] [INFO]: [NOTIFICATION SERVICE] Creating notification for user cefc09bb-c879-4817-8ad5-0a48bdfe7971: "CRITICAL: Feature Deleted"
[2026-06-15 11:03:05:35] [INFO]: [SOCKET] Emitting event "notification" to user room cefc09bb-c879-4817-8ad5-0a48bdfe7971
[2026-06-15 11:03:05:35] [INFO]: [NOTIFICATION SERVICE] Creating notification for user f09d310b-33cc-40e0-a1dc-7c47b3a7b7e3: "CRITICAL: Feature Deleted"
[2026-06-15 11:03:05:35] [INFO]: [SOCKET] Emitting event "notification" to user room f09d310b-33cc-40e0-a1dc-7c47b3a7b7e3
[2026-06-15 11:03:05:35] [INFO]: DELETE /api/features/ab34c56e-6331-48fa-813d-19998b0b433a 200 43 - 688.355 ms
[2026-06-15 11:03:07:37] [INFO]: OPTIONS /api/features/6b557708-e88a-4cda-bb4d-ffb7e897792e 204 0 - 0.134 ms
[2026-06-15 11:03:07:37] [INFO]: [NOTIFICATION SERVICE] Creating notification for user 03ea1615-7808-4c49-98a6-fdd7216b9ad2: "CRITICAL: Feature Deleted"
[2026-06-15 11:03:07:37] [INFO]: [SOCKET] Emitting event "notification" to user room 03ea1615-7808-4c49-98a6-fdd7216b9ad2
[2026-06-15 11:03:07:37] [INFO]: [NOTIFICATION SERVICE] Creating notification for user 248c2324-dce4-48c3-b76a-f3008493bd82: "CRITICAL: Feature Deleted"
[2026-06-15 11:03:07:37] [INFO]: [SOCKET] Emitting event "notification" to user room 248c2324-dce4-48c3-b76a-f3008493bd82
[2026-06-15 11:03:07:37] [INFO]: [NOTIFICATION SERVICE] Creating notification for user 2b0b79e1-eb82-4404-a414-06cfd62a2438: "CRITICAL: Feature Deleted"
[2026-06-15 11:03:07:37] [INFO]: [SOCKET] Emitting event "notification" to user room 2b0b79e1-eb82-4404-a414-06cfd62a2438
[2026-06-15 11:03:07:37] [INFO]: [NOTIFICATION SERVICE] Creating notification for user 6965596c-6565-4962-8be0-f4813b979c7d: "CRITICAL: Feature Deleted"
[2026-06-15 11:03:07:37] [INFO]: [SOCKET] Emitting event "notification" to user room 6965596c-6565-4962-8be0-f4813b979c7d
[2026-06-15 11:03:07:37] [INFO]: [NOTIFICATION SERVICE] Creating notification for user 6b06ca0f-e46a-4d06-bcb8-b119c036ae3c: "CRITICAL: Feature Deleted"
[2026-06-15 11:03:07:37] [INFO]: [SOCKET] Emitting event "notification" to user room 6b06ca0f-e46a-4d06-bcb8-b119c036ae3c
[2026-06-15 11:03:07:37] [INFO]: [NOTIFICATION SERVICE] Creating notification for user cefc09bb-c879-4817-8ad5-0a48bdfe7971: "CRITICAL: Feature Deleted"
[2026-06-15 11:03:07:37] [INFO]: [SOCKET] Emitting event "notification" to user room cefc09bb-c879-4817-8ad5-0a48bdfe7971
[2026-06-15 11:03:07:37] [INFO]: [NOTIFICATION SERVICE] Creating notification for user f09d310b-33cc-40e0-a1dc-7c47b3a7b7e3: "CRITICAL: Feature Deleted"
[2026-06-15 11:03:07:37] [INFO]: [SOCKET] Emitting event "notification" to user room f09d310b-33cc-40e0-a1dc-7c47b3a7b7e3
[2026-06-15 11:03:07:37] [INFO]: DELETE /api/features/6b557708-e88a-4cda-bb4d-ffb7e897792e 200 43 - 368.426 ms
[2026-06-15 11:03:09:39] [INFO]: OPTIONS /api/features/69395358-7ea4-429f-afef-b309920c8619 204 0 - 0.119 ms
[2026-06-15 11:03:09:39] [INFO]: [NOTIFICATION SERVICE] Creating notification for user 03ea1615-7808-4c49-98a6-fdd7216b9ad2: "CRITICAL: Feature Deleted"
[2026-06-15 11:03:09:39] [INFO]: [SOCKET] Emitting event "notification" to user room 03ea1615-7808-4c49-98a6-fdd7216b9ad2
[2026-06-15 11:03:09:39] [INFO]: [NOTIFICATION SERVICE] Creating notification for user 248c2324-dce4-48c3-b76a-f3008493bd82: "CRITICAL: Feature Deleted"
[2026-06-15 11:03:09:39] [INFO]: [SOCKET] Emitting event "notification" to user room 248c2324-dce4-48c3-b76a-f3008493bd82
[2026-06-15 11:03:09:39] [INFO]: [NOTIFICATION SERVICE] Creating notification for user 2b0b79e1-eb82-4404-a414-06cfd62a2438: "CRITICAL: Feature Deleted"
[2026-06-15 11:03:09:39] [INFO]: [SOCKET] Emitting event "notification" to user room 2b0b79e1-eb82-4404-a414-06cfd62a2438
[2026-06-15 11:03:09:39] [INFO]: [NOTIFICATION SERVICE] Creating notification for user 6965596c-6565-4962-8be0-f4813b979c7d: "CRITICAL: Feature Deleted"
[2026-06-15 11:03:09:39] [INFO]: [SOCKET] Emitting event "notification" to user room 6965596c-6565-4962-8be0-f4813b979c7d
[2026-06-15 11:03:09:39] [INFO]: [NOTIFICATION SERVICE] Creating notification for user 6b06ca0f-e46a-4d06-bcb8-b119c036ae3c: "CRITICAL: Feature Deleted"
[2026-06-15 11:03:09:39] [INFO]: [SOCKET] Emitting event "notification" to user room 6b06ca0f-e46a-4d06-bcb8-b119c036ae3c
[2026-06-15 11:03:09:39] [INFO]: [NOTIFICATION SERVICE] Creating notification for user cefc09bb-c879-4817-8ad5-0a48bdfe7971: "CRITICAL: Feature Deleted"
[2026-06-15 11:03:09:39] [INFO]: [SOCKET] Emitting event "notification" to user room cefc09bb-c879-4817-8ad5-0a48bdfe7971
[2026-06-15 11:03:09:39] [INFO]: [NOTIFICATION SERVICE] Creating notification for user f09d310b-33cc-40e0-a1dc-7c47b3a7b7e3: "CRITICAL: Feature Deleted"
[2026-06-15 11:03:09:39] [INFO]: [SOCKET] Emitting event "notification" to user room f09d310b-33cc-40e0-a1dc-7c47b3a7b7e3
[2026-06-15 11:03:09:39] [INFO]: DELETE /api/features/69395358-7ea4-429f-afef-b309920c8619 200 43 - 154.660 ms
[2026-06-15 11:03:46:346] [INFO]: OPTIONS /api/user-stories?productId=d90166b5-a0aa-429b-8c81-a101cdeed91c 204 0 - 0.128 ms
[2026-06-15 11:03:46:346] [INFO]: OPTIONS /api/features?productId=d90166b5-a0aa-429b-8c81-a101cdeed91c 204 0 - 0.168 ms
[2026-06-15 11:03:46:346] [INFO]: OPTIONS /api/users 204 0 - 0.085 ms
[2026-06-15 11:03:46:346] [INFO]: OPTIONS /api/users 204 0 - 0.143 ms
[2026-06-15 11:03:46:346] [INFO]: OPTIONS /api/user-stories?productId=d90166b5-a0aa-429b-8c81-a101cdeed91c 204 0 - 0.527 ms
[2026-06-15 11:03:46:346] [INFO]: OPTIONS /api/features?productId=d90166b5-a0aa-429b-8c81-a101cdeed91c 204 0 - 0.118 ms
[2026-06-15 11:03:46:346] [INFO]: GET /api/users 304 - - 7.747 ms
[2026-06-15 11:03:46:346] [INFO]: GET /api/features?productId=d90166b5-a0aa-429b-8c81-a101cdeed91c 200 45537 - 14.128 ms
[2026-06-15 11:03:46:346] [INFO]: GET /api/user-stories?productId=d90166b5-a0aa-429b-8c81-a101cdeed91c 200 46782 - 19.335 ms
[2026-06-15 11:03:46:346] [INFO]: GET /api/users 304 - - 8.521 ms
[2026-06-15 11:03:46:346] [INFO]: GET /api/features?productId=d90166b5-a0aa-429b-8c81-a101cdeed91c 304 - - 19.957 ms
[2026-06-15 11:03:46:346] [INFO]: GET /api/user-stories?productId=d90166b5-a0aa-429b-8c81-a101cdeed91c 304 - - 32.929 ms
[2026-06-15 11:05:35:535] [INFO]: OPTIONS /api/products/d90166b5-a0aa-429b-8c81-a101cdeed91c/status 204 0 - 0.140 ms
[2026-06-15 11:05:35:535] [INFO]: OPTIONS /api/products/d90166b5-a0aa-429b-8c81-a101cdeed91c/status 204 0 - 0.204 ms
[2026-06-15 11:05:35:535] [INFO]: OPTIONS /api/users 204 0 - 0.214 ms
[2026-06-15 11:05:35:535] [INFO]: OPTIONS /api/users 204 0 - 0.100 ms
[2026-06-15 11:05:35:535] [INFO]: GET /api/users 304 - - 19.115 ms
[2026-06-15 11:05:35:535] [INFO]: GET /api/products/d90166b5-a0aa-429b-8c81-a101cdeed91c/status 304 - - 64.049 ms
[2026-06-15 11:05:35:535] [INFO]: GET /api/users 304 - - 33.834 ms
[2026-06-15 11:05:35:535] [INFO]: GET /api/products/d90166b5-a0aa-429b-8c81-a101cdeed91c/status 304 - - 62.095 ms
[2026-06-15 11:05:40:540] [INFO]: GET /api/products/d90166b5-a0aa-429b-8c81-a101cdeed91c/status 304 - - 14.914 ms
[2026-06-15 11:07:27:727] [INFO]: OPTIONS /api/features?productId=d90166b5-a0aa-429b-8c81-a101cdeed91c 204 0 - 0.109 ms
[2026-06-15 11:07:27:727] [INFO]: OPTIONS /api/users 204 0 - 0.085 ms
[2026-06-15 11:07:27:727] [INFO]: OPTIONS /api/features?productId=d90166b5-a0aa-429b-8c81-a101cdeed91c 204 0 - 0.160 ms
[2026-06-15 11:07:27:727] [INFO]: OPTIONS /api/users 204 0 - 1.898 ms
[2026-06-15 11:07:27:727] [INFO]: GET /api/users 304 - - 8.511 ms
[2026-06-15 11:07:27:727] [INFO]: GET /api/features?productId=d90166b5-a0aa-429b-8c81-a101cdeed91c 304 - - 25.445 ms
[2026-06-15 11:07:27:727] [INFO]: GET /api/users 304 - - 19.535 ms
[2026-06-15 11:07:27:727] [INFO]: GET /api/features?productId=d90166b5-a0aa-429b-8c81-a101cdeed91c 304 - - 29.008 ms
[2026-06-15 11:07:38:738] [INFO]: OPTIONS /api/user-stories?productId=d90166b5-a0aa-429b-8c81-a101cdeed91c 204 0 - 0.113 ms
[2026-06-15 11:07:38:738] [INFO]: OPTIONS /api/features?productId=d90166b5-a0aa-429b-8c81-a101cdeed91c 204 0 - 0.111 ms
[2026-06-15 11:07:38:738] [INFO]: OPTIONS /api/users 204 0 - 0.087 ms
[2026-06-15 11:07:38:738] [INFO]: OPTIONS /api/user-stories?productId=d90166b5-a0aa-429b-8c81-a101cdeed91c 204 0 - 0.137 ms
[2026-06-15 11:07:38:738] [INFO]: OPTIONS /api/features?productId=d90166b5-a0aa-429b-8c81-a101cdeed91c 204 0 - 0.086 ms
[2026-06-15 11:07:38:738] [INFO]: GET /api/user-stories?productId=d90166b5-a0aa-429b-8c81-a101cdeed91c 304 - - 46.781 ms
[2026-06-15 11:07:38:738] [INFO]: GET /api/users 304 - - 47.942 ms
[2026-06-15 11:07:38:738] [INFO]: GET /api/features?productId=d90166b5-a0aa-429b-8c81-a101cdeed91c 304 - - 58.422 ms
[2026-06-15 11:07:38:738] [INFO]: GET /api/users 304 - - 20.597 ms
[2026-06-15 11:07:38:738] [INFO]: GET /api/user-stories?productId=d90166b5-a0aa-429b-8c81-a101cdeed91c 304 - - 36.641 ms
[2026-06-15 11:07:38:738] [INFO]: GET /api/features?productId=d90166b5-a0aa-429b-8c81-a101cdeed91c 304 - - 30.126 ms
[2026-06-15 11:09:53:953] [INFO]: OPTIONS /api/user-stories?productId=d90166b5-a0aa-429b-8c81-a101cdeed91c 204 0 - 0.141 ms
[2026-06-15 11:09:53:953] [INFO]: OPTIONS /api/features?productId=d90166b5-a0aa-429b-8c81-a101cdeed91c 204 0 - 0.088 ms
[2026-06-15 11:09:53:953] [INFO]: OPTIONS /api/users 204 0 - 0.059 ms
[2026-06-15 11:09:53:953] [INFO]: GET /api/users 304 - - 2.538 ms
[2026-06-15 11:09:53:953] [INFO]: GET /api/features?productId=d90166b5-a0aa-429b-8c81-a101cdeed91c 304 - - 6.437 ms
[2026-06-15 11:09:53:953] [INFO]: GET /api/user-stories?productId=d90166b5-a0aa-429b-8c81-a101cdeed91c 304 - - 36.451 ms
[2026-06-15 11:10:39:1039] [INFO]: OPTIONS /api/products/d90166b5-a0aa-429b-8c81-a101cdeed91c/status 204 0 - 0.191 ms
[2026-06-15 11:10:39:1039] [INFO]: OPTIONS /api/users 204 0 - 0.146 ms
[2026-06-15 11:10:39:1039] [INFO]: OPTIONS /api/products/d90166b5-a0aa-429b-8c81-a101cdeed91c/status 204 0 - 0.080 ms
[2026-06-15 11:10:39:1039] [INFO]: OPTIONS /api/users 204 0 - 0.127 ms
[2026-06-15 11:10:39:1039] [INFO]: GET /api/users 304 - - 8.203 ms
[2026-06-15 11:10:39:1039] [INFO]: GET /api/products/d90166b5-a0aa-429b-8c81-a101cdeed91c/status 304 - - 19.430 ms
[2026-06-15 11:10:39:1039] [INFO]: GET /api/users 304 - - 6.579 ms
[2026-06-15 11:10:39:1039] [INFO]: GET /api/products/d90166b5-a0aa-429b-8c81-a101cdeed91c/status 304 - - 14.155 ms
[2026-06-15 11:11:44:1144] [INFO]: OPTIONS /api/features?productId=d90166b5-a0aa-429b-8c81-a101cdeed91c 204 0 - 0.155 ms
[2026-06-15 11:11:44:1144] [INFO]: OPTIONS /api/users 204 0 - 0.124 ms
[2026-06-15 11:11:44:1144] [INFO]: OPTIONS /api/users 204 0 - 0.119 ms
[2026-06-15 11:11:44:1144] [INFO]: OPTIONS /api/features?productId=d90166b5-a0aa-429b-8c81-a101cdeed91c 204 0 - 0.123 ms
[2026-06-15 11:11:44:1144] [INFO]: GET /api/users 304 - - 11.660 ms
[2026-06-15 11:11:44:1144] [INFO]: GET /api/features?productId=d90166b5-a0aa-429b-8c81-a101cdeed91c 304 - - 23.895 ms
[2026-06-15 11:11:44:1144] [INFO]: GET /api/users 304 - - 9.814 ms
[2026-06-15 11:11:44:1144] [INFO]: GET /api/features?productId=d90166b5-a0aa-429b-8c81-a101cdeed91c 304 - - 20.084 ms
[2026-06-15 11:11:48:1148] [INFO]: OPTIONS /api/products/d90166b5-a0aa-429b-8c81-a101cdeed91c/status 204 0 - 0.106 ms
[2026-06-15 11:11:48:1148] [INFO]: OPTIONS /api/products/d90166b5-a0aa-429b-8c81-a101cdeed91c/status 204 0 - 0.093 ms
[2026-06-15 11:11:48:1148] [INFO]: GET /api/users 304 - - 4.699 ms
[2026-06-15 11:11:48:1148] [INFO]: GET /api/products/d90166b5-a0aa-429b-8c81-a101cdeed91c/status 304 - - 10.745 ms
[2026-06-15 11:11:48:1148] [INFO]: GET /api/users 304 - - 8.716 ms
[2026-06-15 11:11:48:1148] [INFO]: GET /api/products/d90166b5-a0aa-429b-8c81-a101cdeed91c/status 304 - - 13.874 ms
[2026-06-15 11:11:49:1149] [INFO]: OPTIONS /api/user-stories?productId=d90166b5-a0aa-429b-8c81-a101cdeed91c 204 0 - 0.132 ms
[2026-06-15 11:11:49:1149] [INFO]: OPTIONS /api/features?productId=d90166b5-a0aa-429b-8c81-a101cdeed91c 204 0 - 0.081 ms
[2026-06-15 11:11:49:1149] [INFO]: OPTIONS /api/users 204 0 - 0.143 ms
[2026-06-15 11:11:49:1149] [INFO]: OPTIONS /api/user-stories?productId=d90166b5-a0aa-429b-8c81-a101cdeed91c 204 0 - 0.116 ms
[2026-06-15 11:11:49:1149] [INFO]: OPTIONS /api/features?productId=d90166b5-a0aa-429b-8c81-a101cdeed91c 204 0 - 0.079 ms
[2026-06-15 11:11:49:1149] [INFO]: OPTIONS /api/users 204 0 - 0.094 ms
[2026-06-15 11:11:49:1149] [INFO]: GET /api/users 304 - - 8.317 ms
[2026-06-15 11:11:49:1149] [INFO]: GET /api/features?productId=d90166b5-a0aa-429b-8c81-a101cdeed91c 304 - - 17.562 ms
[2026-06-15 11:11:49:1149] [INFO]: GET /api/user-stories?productId=d90166b5-a0aa-429b-8c81-a101cdeed91c 304 - - 20.216 ms
[2026-06-15 11:11:49:1149] [INFO]: GET /api/users 304 - - 10.115 ms
[2026-06-15 11:11:49:1149] [INFO]: GET /api/features?productId=d90166b5-a0aa-429b-8c81-a101cdeed91c 304 - - 25.534 ms
[2026-06-15 11:11:49:1149] [INFO]: GET /api/user-stories?productId=d90166b5-a0aa-429b-8c81-a101cdeed91c 304 - - 22.493 ms
[2026-06-15 11:11:54:1154] [INFO]: GET /api/users 304 - - 3.466 ms
[2026-06-15 11:11:54:1154] [INFO]: GET /api/features?productId=d90166b5-a0aa-429b-8c81-a101cdeed91c 304 - - 7.691 ms
[2026-06-15 11:11:54:1154] [INFO]: GET /api/users 304 - - 4.036 ms
[2026-06-15 11:11:54:1154] [INFO]: GET /api/features?productId=d90166b5-a0aa-429b-8c81-a101cdeed91c 304 - - 7.536 ms
[2026-06-15 11:11:57:1157] [INFO]: [SOCKET] User disconnected: Krishna Shelar (8e2089f4-e03a-4dc3-8eb0-4ed4771a785e) - Socket: QmQjjXbcibUVCIyXAAAC
[2026-06-15 11:11:57:1157] [INFO]: [SOCKET] User disconnected: Krishna Shelar (8e2089f4-e03a-4dc3-8eb0-4ed4771a785e) - Socket: X-2pKv7sQKzBxBsQAAAD
[2026-06-15 11:12:26:1226] [INFO]: OPTIONS /api/auth/microsoft 204 0 - 0.115 ms
[2026-06-15 11:12:26:1226] [INFO]: POST /api/auth/microsoft 200 44345 - 191.825 ms
[2026-06-15 11:12:26:1226] [INFO]: OPTIONS /api/products 204 0 - 0.168 ms
[2026-06-15 11:12:26:1226] [INFO]: OPTIONS /api/products 204 0 - 0.108 ms
[2026-06-15 11:12:26:1226] [INFO]: GET /api/products 304 - - 5.438 ms
[2026-06-15 11:12:26:1226] [INFO]: GET /api/products 304 - - 4.968 ms
[2026-06-15 11:12:26:1226] [INFO]: [SOCKET] User connected: Krishna Shelar (8e2089f4-e03a-4dc3-8eb0-4ed4771a785e) - Socket: g0UI4vHFf2w5GpHDAAAG
[2026-06-15 11:12:26:1226] [INFO]: [SOCKET] User connected: Krishna Shelar (8e2089f4-e03a-4dc3-8eb0-4ed4771a785e) - Socket: v962yNHIoFLU19TUAAAH
[2026-06-15 11:12:26:1226] [INFO]: OPTIONS /api/products/d90166b5-a0aa-429b-8c81-a101cdeed91c/status 204 0 - 0.118 ms
[2026-06-15 11:12:26:1226] [INFO]: OPTIONS /api/users 204 0 - 0.115 ms
[2026-06-15 11:12:26:1226] [INFO]: GET /api/users 304 - - 6.116 ms
[2026-06-15 11:12:26:1226] [INFO]: GET /api/products/d90166b5-a0aa-429b-8c81-a101cdeed91c/status 304 - - 15.530 ms
[2026-06-15 11:12:26:1226] [INFO]: GET /api/users 304 - - 6.357 ms
[2026-06-15 11:12:26:1226] [INFO]: GET /api/products/d90166b5-a0aa-429b-8c81-a101cdeed91c/status 304 - - 15.966 ms
[2026-06-15 11:12:33:1233] [INFO]: OPTIONS /api/features?productId=d90166b5-a0aa-429b-8c81-a101cdeed91c 204 0 - 0.213 ms
[2026-06-15 11:12:33:1233] [INFO]: OPTIONS /api/users 204 0 - 0.114 ms
[2026-06-15 11:12:33:1233] [INFO]: OPTIONS /api/features?productId=d90166b5-a0aa-429b-8c81-a101cdeed91c 204 0 - 0.095 ms
[2026-06-15 11:12:33:1233] [INFO]: OPTIONS /api/users 204 0 - 0.123 ms
[2026-06-15 11:12:33:1233] [INFO]: GET /api/users 304 - - 4.374 ms
[2026-06-15 11:12:33:1233] [INFO]: GET /api/features?productId=d90166b5-a0aa-429b-8c81-a101cdeed91c 304 - - 9.192 ms
[2026-06-15 11:12:33:1233] [INFO]: GET /api/users 304 - - 8.941 ms
[2026-06-15 11:12:33:1233] [INFO]: GET /api/features?productId=d90166b5-a0aa-429b-8c81-a101cdeed91c 304 - - 13.571 ms
[2026-06-15 11:12:33:1233] [INFO]: OPTIONS /api/user-stories?productId=d90166b5-a0aa-429b-8c81-a101cdeed91c 204 0 - 0.124 ms
[2026-06-15 11:12:33:1233] [INFO]: OPTIONS /api/user-stories?productId=d90166b5-a0aa-429b-8c81-a101cdeed91c 204 0 - 0.080 ms
[2026-06-15 11:12:33:1233] [INFO]: GET /api/users 304 - - 4.641 ms
[2026-06-15 11:12:33:1233] [INFO]: GET /api/features?productId=d90166b5-a0aa-429b-8c81-a101cdeed91c 304 - - 11.837 ms
[2026-06-15 11:12:33:1233] [INFO]: GET /api/user-stories?productId=d90166b5-a0aa-429b-8c81-a101cdeed91c 304 - - 10.360 ms
[2026-06-15 11:12:33:1233] [INFO]: GET /api/users 304 - - 5.741 ms
[2026-06-15 11:12:33:1233] [INFO]: GET /api/features?productId=d90166b5-a0aa-429b-8c81-a101cdeed91c 304 - - 14.447 ms
[2026-06-15 11:12:33:1233] [INFO]: GET /api/user-stories?productId=d90166b5-a0aa-429b-8c81-a101cdeed91c 304 - - 13.886 ms
[2026-06-15 11:12:38:1238] [INFO]: OPTIONS /api/features?productId=d90166b5-a0aa-429b-8c81-a101cdeed91c 204 0 - 0.131 ms
[2026-06-15 11:12:38:1238] [INFO]: OPTIONS /api/users 204 0 - 0.079 ms
[2026-06-15 11:12:38:1238] [INFO]: OPTIONS /api/features?productId=d90166b5-a0aa-429b-8c81-a101cdeed91c 204 0 - 0.079 ms
[2026-06-15 11:12:38:1238] [INFO]: OPTIONS /api/users 204 0 - 0.167 ms
[2026-06-15 11:12:38:1238] [INFO]: GET /api/users 304 - - 8.133 ms
[2026-06-15 11:12:38:1238] [INFO]: GET /api/features?productId=d90166b5-a0aa-429b-8c81-a101cdeed91c 304 - - 14.757 ms
[2026-06-15 11:12:38:1238] [INFO]: GET /api/users 304 - - 4.804 ms
[2026-06-15 11:12:38:1238] [INFO]: GET /api/features?productId=d90166b5-a0aa-429b-8c81-a101cdeed91c 304 - - 8.972 ms
[2026-06-15 11:14:01:141] [INFO]: OPTIONS /api/products/d90166b5-a0aa-429b-8c81-a101cdeed91c/status 204 0 - 0.202 ms
[2026-06-15 11:14:01:141] [INFO]: OPTIONS /api/users 204 0 - 0.098 ms
[2026-06-15 11:14:01:141] [INFO]: OPTIONS /api/products/d90166b5-a0aa-429b-8c81-a101cdeed91c/status 204 0 - 0.094 ms
[2026-06-15 11:14:01:141] [INFO]: OPTIONS /api/users 204 0 - 0.069 ms
[2026-06-15 11:14:01:141] [INFO]: GET /api/users 304 - - 8.539 ms
[2026-06-15 11:14:01:141] [INFO]: GET /api/products/d90166b5-a0aa-429b-8c81-a101cdeed91c/status 304 - - 17.692 ms
[2026-06-15 11:14:01:141] [INFO]: GET /api/users 304 - - 8.884 ms
[2026-06-15 11:14:01:141] [INFO]: GET /api/products/d90166b5-a0aa-429b-8c81-a101cdeed91c/status 304 - - 14.692 ms
[2026-06-15 11:14:07:147] [INFO]: OPTIONS /api/user-stories?productId=d90166b5-a0aa-429b-8c81-a101cdeed91c 204 0 - 0.123 ms
[2026-06-15 11:14:07:147] [INFO]: OPTIONS /api/features?productId=d90166b5-a0aa-429b-8c81-a101cdeed91c 204 0 - 0.082 ms
[2026-06-15 11:14:07:147] [INFO]: OPTIONS /api/users 204 0 - 0.095 ms
[2026-06-15 11:14:07:147] [INFO]: OPTIONS /api/user-stories?productId=d90166b5-a0aa-429b-8c81-a101cdeed91c 204 0 - 0.122 ms
[2026-06-15 11:14:07:147] [INFO]: GET /api/users 304 - - 4.744 ms
[2026-06-15 11:14:07:147] [INFO]: GET /api/features?productId=d90166b5-a0aa-429b-8c81-a101cdeed91c 304 - - 8.226 ms
[2026-06-15 11:14:07:147] [INFO]: GET /api/user-stories?productId=d90166b5-a0aa-429b-8c81-a101cdeed91c 304 - - 26.059 ms
[2026-06-15 11:14:07:147] [INFO]: GET /api/users 304 - - 13.474 ms
[2026-06-15 11:14:07:147] [INFO]: GET /api/features?productId=d90166b5-a0aa-429b-8c81-a101cdeed91c 304 - - 31.408 ms
[2026-06-15 11:14:07:147] [INFO]: GET /api/user-stories?productId=d90166b5-a0aa-429b-8c81-a101cdeed91c 304 - - 30.607 ms
[2026-06-15 11:15:00:150] [INFO]: OPTIONS /api/features?productId=d90166b5-a0aa-429b-8c81-a101cdeed91c 204 0 - 0.171 ms
[2026-06-15 11:15:00:150] [INFO]: OPTIONS /api/users 204 0 - 0.123 ms
[2026-06-15 11:15:00:150] [INFO]: OPTIONS /api/features?productId=d90166b5-a0aa-429b-8c81-a101cdeed91c 204 0 - 0.123 ms
[2026-06-15 11:15:00:150] [INFO]: OPTIONS /api/users 204 0 - 0.119 ms
[2026-06-15 11:15:00:150] [INFO]: GET /api/users 304 - - 15.048 ms
[2026-06-15 11:15:00:150] [INFO]: GET /api/features?productId=d90166b5-a0aa-429b-8c81-a101cdeed91c 304 - - 18.759 ms
[2026-06-15 11:15:00:150] [INFO]: GET /api/users 304 - - 7.148 ms
[2026-06-15 11:15:00:150] [INFO]: GET /api/features?productId=d90166b5-a0aa-429b-8c81-a101cdeed91c 304 - - 17.655 ms
[2026-06-15 11:15:36:1536] [INFO]: OPTIONS /api/products/d90166b5-a0aa-429b-8c81-a101cdeed91c/status 204 0 - 0.135 ms
[2026-06-15 11:15:36:1536] [INFO]: OPTIONS /api/users 204 0 - 0.136 ms
[2026-06-15 11:15:36:1536] [INFO]: OPTIONS /api/products/d90166b5-a0aa-429b-8c81-a101cdeed91c/status 204 0 - 0.158 ms
[2026-06-15 11:15:36:1536] [INFO]: OPTIONS /api/users 204 0 - 0.124 ms
[2026-06-15 11:15:36:1536] [INFO]: GET /api/users 304 - - 8.760 ms
[2026-06-15 11:15:36:1536] [INFO]: GET /api/products/d90166b5-a0aa-429b-8c81-a101cdeed91c/status 304 - - 25.505 ms
[2026-06-15 11:15:36:1536] [INFO]: GET /api/users 304 - - 18.905 ms
[2026-06-15 11:15:36:1536] [INFO]: GET /api/products/d90166b5-a0aa-429b-8c81-a101cdeed91c/status 304 - - 28.870 ms
[2026-06-15 11:15:50:1550] [INFO]: OPTIONS /api/products/2b1e469a-71e1-4650-92bd-f96be48e0d81/status 204 0 - 0.154 ms
[2026-06-15 11:15:50:1550] [INFO]: GET /api/products/2b1e469a-71e1-4650-92bd-f96be48e0d81/status 200 45370 - 7.054 ms
[2026-06-15 11:15:52:1552] [INFO]: OPTIONS /api/products/d90166b5-a0aa-429b-8c81-a101cdeed91c/status 204 0 - 0.134 ms
[2026-06-15 11:15:52:1552] [INFO]: GET /api/products/d90166b5-a0aa-429b-8c81-a101cdeed91c/status 304 - - 9.455 ms
[2026-06-15 11:17:20:1720] [INFO]: OPTIONS /api/features?productId=d90166b5-a0aa-429b-8c81-a101cdeed91c 204 0 - 0.282 ms
[2026-06-15 11:17:20:1720] [INFO]: OPTIONS /api/users 204 0 - 0.079 ms
[2026-06-15 11:17:20:1720] [INFO]: OPTIONS /api/features?productId=d90166b5-a0aa-429b-8c81-a101cdeed91c 204 0 - 0.114 ms
[2026-06-15 11:17:20:1720] [INFO]: OPTIONS /api/users 204 0 - 0.100 ms
[2026-06-15 11:17:20:1720] [INFO]: GET /api/users 304 - - 11.523 ms
[2026-06-15 11:17:20:1720] [INFO]: GET /api/users 304 - - 6.670 ms
[2026-06-15 11:17:20:1720] [INFO]: GET /api/features?productId=d90166b5-a0aa-429b-8c81-a101cdeed91c 304 - - 37.753 ms
[2026-06-15 11:17:20:1720] [INFO]: GET /api/features?productId=d90166b5-a0aa-429b-8c81-a101cdeed91c 304 - - 16.301 ms
[2026-06-15 11:26:15:2615] [INFO]: OPTIONS /api/products/d90166b5-a0aa-429b-8c81-a101cdeed91c/status 204 0 - 0.157 ms
[2026-06-15 11:26:15:2615] [INFO]: OPTIONS /api/users 204 0 - 1.660 ms
[2026-06-15 11:26:15:2615] [INFO]: OPTIONS /api/products/d90166b5-a0aa-429b-8c81-a101cdeed91c/status 204 0 - 0.102 ms
[2026-06-15 11:26:15:2615] [INFO]: OPTIONS /api/users 204 0 - 0.248 ms
[2026-06-15 11:26:15:2615] [INFO]: GET /api/users 304 - - 81.275 ms
[2026-06-15 11:26:15:2615] [INFO]: GET /api/users 304 - - 18.729 ms
[2026-06-15 11:26:15:2615] [INFO]: GET /api/products/d90166b5-a0aa-429b-8c81-a101cdeed91c/status 304 - - 130.385 ms
[2026-06-15 11:26:15:2615] [INFO]: GET /api/products/d90166b5-a0aa-429b-8c81-a101cdeed91c/status 304 - - 42.262 ms
[2026-06-15 11:26:55:2655] [INFO]: OPTIONS /api/features?productId=d90166b5-a0aa-429b-8c81-a101cdeed91c 204 0 - 0.120 ms
[2026-06-15 11:26:55:2655] [INFO]: OPTIONS /api/users 204 0 - 0.123 ms
[2026-06-15 11:26:55:2655] [INFO]: OPTIONS /api/features?productId=d90166b5-a0aa-429b-8c81-a101cdeed91c 204 0 - 0.215 ms
[2026-06-15 11:26:55:2655] [INFO]: OPTIONS /api/users 204 0 - 0.081 ms
[2026-06-15 11:26:55:2655] [INFO]: GET /api/users 304 - - 8.070 ms
[2026-06-15 11:26:55:2655] [INFO]: GET /api/users 304 - - 6.515 ms
[2026-06-15 11:26:55:2655] [INFO]: GET /api/features?productId=d90166b5-a0aa-429b-8c81-a101cdeed91c 304 - - 38.863 ms
[2026-06-15 11:26:55:2655] [INFO]: GET /api/features?productId=d90166b5-a0aa-429b-8c81-a101cdeed91c 304 - - 25.297 ms
[2026-06-15 11:26:56:2656] [INFO]: OPTIONS /api/user-stories?productId=d90166b5-a0aa-429b-8c81-a101cdeed91c 204 0 - 0.187 ms
[2026-06-15 11:26:56:2656] [INFO]: OPTIONS /api/user-stories?productId=d90166b5-a0aa-429b-8c81-a101cdeed91c 204 0 - 0.076 ms
[2026-06-15 11:26:56:2656] [INFO]: GET /api/users 304 - - 4.450 ms
[2026-06-15 11:26:56:2656] [INFO]: GET /api/features?productId=d90166b5-a0aa-429b-8c81-a101cdeed91c 304 - - 11.064 ms
[2026-06-15 11:26:56:2656] [INFO]: GET /api/users 304 - - 23.631 ms
[2026-06-15 11:26:56:2656] [INFO]: GET /api/user-stories?productId=d90166b5-a0aa-429b-8c81-a101cdeed91c 304 - - 36.641 ms
[2026-06-15 11:26:56:2656] [INFO]: GET /api/features?productId=d90166b5-a0aa-429b-8c81-a101cdeed91c 304 - - 46.691 ms
[2026-06-15 11:26:56:2656] [INFO]: GET /api/user-stories?productId=d90166b5-a0aa-429b-8c81-a101cdeed91c 304 - - 34.593 ms
[2026-06-15 11:26:57:2657] [INFO]: GET /api/users 304 - - 4.205 ms
[2026-06-15 11:26:57:2657] [INFO]: GET /api/users 304 - - 4.654 ms
[2026-06-15 11:26:57:2657] [INFO]: GET /api/features?productId=d90166b5-a0aa-429b-8c81-a101cdeed91c 304 - - 27.138 ms
[2026-06-15 11:26:57:2657] [INFO]: GET /api/features?productId=d90166b5-a0aa-429b-8c81-a101cdeed91c 304 - - 17.076 ms
[2026-06-15 11:27:15:2715] [INFO]: OPTIONS /api/user-stories?productId=d90166b5-a0aa-429b-8c81-a101cdeed91c 204 0 - 0.099 ms
[2026-06-15 11:27:15:2715] [INFO]: OPTIONS /api/features?productId=d90166b5-a0aa-429b-8c81-a101cdeed91c 204 0 - 0.109 ms
[2026-06-15 11:27:15:2715] [INFO]: OPTIONS /api/users 204 0 - 0.084 ms
[2026-06-15 11:27:15:2715] [INFO]: OPTIONS /api/user-stories?productId=d90166b5-a0aa-429b-8c81-a101cdeed91c 204 0 - 0.070 ms
[2026-06-15 11:27:15:2715] [INFO]: OPTIONS /api/features?productId=d90166b5-a0aa-429b-8c81-a101cdeed91c 204 0 - 0.070 ms
[2026-06-15 11:27:15:2715] [INFO]: GET /api/features?productId=d90166b5-a0aa-429b-8c81-a101cdeed91c 304 - - 17.465 ms
[2026-06-15 11:27:15:2715] [INFO]: GET /api/users 304 - - 33.580 ms
[2026-06-15 11:27:15:2715] [INFO]: GET /api/user-stories?productId=d90166b5-a0aa-429b-8c81-a101cdeed91c 304 - - 39.783 ms
[2026-06-15 11:27:15:2715] [INFO]: GET /api/users 304 - - 16.644 ms
[2026-06-15 11:27:15:2715] [INFO]: GET /api/features?productId=d90166b5-a0aa-429b-8c81-a101cdeed91c 304 - - 35.006 ms
[2026-06-15 11:27:15:2715] [INFO]: GET /api/user-stories?productId=d90166b5-a0aa-429b-8c81-a101cdeed91c 304 - - 40.181 ms
[2026-06-15 11:36:53:3653] [INFO]: [SOCKET] User disconnected: Krishna Shelar (8e2089f4-e03a-4dc3-8eb0-4ed4771a785e) - Socket: g0UI4vHFf2w5GpHDAAAG
[2026-06-15 11:36:53:3653] [INFO]: [SOCKET] User disconnected: Krishna Shelar (8e2089f4-e03a-4dc3-8eb0-4ed4771a785e) - Socket: v962yNHIoFLU19TUAAAH
[2026-06-15 11:36:54:3654] [INFO]: OPTIONS /api/products 204 0 - 0.136 ms
[2026-06-15 11:36:54:3654] [INFO]: [SOCKET] User connected: Krishna Shelar (8e2089f4-e03a-4dc3-8eb0-4ed4771a785e) - Socket: LkHC9R_viqYSOF7oAAAK
[2026-06-15 11:36:54:3654] [INFO]: GET /api/products 304 - - 24.606 ms
[2026-06-15 11:36:54:3654] [INFO]: [SOCKET] User connected: Krishna Shelar (8e2089f4-e03a-4dc3-8eb0-4ed4771a785e) - Socket: lOFZ8bAVulh_MPLEAAAL
[2026-06-15 11:36:54:3654] [INFO]: GET /api/products 304 - - 29.480 ms
[2026-06-15 11:36:54:3654] [INFO]: OPTIONS /api/products/d90166b5-a0aa-429b-8c81-a101cdeed91c/status 204 0 - 0.130 ms
[2026-06-15 11:36:54:3654] [INFO]: OPTIONS /api/users 204 0 - 0.759 ms
[2026-06-15 11:36:54:3654] [INFO]: OPTIONS /api/users 204 0 - 0.681 ms
[2026-06-15 11:36:54:3654] [INFO]: GET /api/users 304 - - 9.646 ms
[2026-06-15 11:36:54:3654] [INFO]: GET /api/products/d90166b5-a0aa-429b-8c81-a101cdeed91c/status 304 - - 27.610 ms
[2026-06-15 11:36:54:3654] [INFO]: GET /api/users 304 - - 26.717 ms
[2026-06-15 11:36:54:3654] [INFO]: GET /api/products/d90166b5-a0aa-429b-8c81-a101cdeed91c/status 304 - - 32.959 ms
[2026-06-15 11:36:54:3654] [INFO]: GET /api/products/d90166b5-a0aa-429b-8c81-a101cdeed91c/status 304 - - 26.951 ms
[2026-06-15 11:37:55:3755] [INFO]: OPTIONS /api/features?productId=d90166b5-a0aa-429b-8c81-a101cdeed91c 204 0 - 0.175 ms
[2026-06-15 11:37:55:3755] [INFO]: OPTIONS /api/users 204 0 - 0.096 ms
[2026-06-15 11:37:55:3755] [INFO]: OPTIONS /api/features?productId=d90166b5-a0aa-429b-8c81-a101cdeed91c 204 0 - 0.178 ms
[2026-06-15 11:37:55:3755] [INFO]: OPTIONS /api/users 204 0 - 0.248 ms
[2026-06-15 11:37:56:3756] [INFO]: GET /api/users 304 - - 69.048 ms
[2026-06-15 11:37:56:3756] [INFO]: GET /api/features?productId=d90166b5-a0aa-429b-8c81-a101cdeed91c 304 - - 112.636 ms
[2026-06-15 11:37:56:3756] [INFO]: GET /api/users 304 - - 117.459 ms
[2026-06-15 11:37:56:3756] [INFO]: GET /api/features?productId=d90166b5-a0aa-429b-8c81-a101cdeed91c 304 - - 164.185 ms
[2026-06-15 11:37:59:3759] [INFO]: OPTIONS /api/user-stories?productId=d90166b5-a0aa-429b-8c81-a101cdeed91c 204 0 - 0.175 ms
[2026-06-15 11:37:59:3759] [INFO]: OPTIONS /api/user-stories?productId=d90166b5-a0aa-429b-8c81-a101cdeed91c 204 0 - 0.088 ms
[2026-06-15 11:37:59:3759] [INFO]: GET /api/users 304 - - 66.725 ms
[2026-06-15 11:37:59:3759] [INFO]: GET /api/features?productId=d90166b5-a0aa-429b-8c81-a101cdeed91c 304 - - 161.884 ms
[2026-06-15 11:37:59:3759] [INFO]: GET /api/user-stories?productId=d90166b5-a0aa-429b-8c81-a101cdeed91c 304 - - 210.724 ms
[2026-06-15 11:37:59:3759] [INFO]: GET /api/users 304 - - 128.677 ms
[2026-06-15 11:37:59:3759] [INFO]: GET /api/features?productId=d90166b5-a0aa-429b-8c81-a101cdeed91c 304 - - 140.816 ms
[2026-06-15 11:37:59:3759] [INFO]: GET /api/user-stories?productId=d90166b5-a0aa-429b-8c81-a101cdeed91c 304 - - 141.427 ms
[2026-06-15 11:38:59:3859] [INFO]: ==================================================
[2026-06-15 11:38:59:3859] [INFO]: 🚀 TKS API Server with Socket.IO is running on port: 5000
[2026-06-15 11:38:59:3859] [INFO]: 🔐 Bypass MS Auth status: false
[2026-06-15 11:38:59:3859] [INFO]: ==================================================
[2026-06-15 11:39:01:391] [INFO]: [SOCKET] User connected: Krishna Shelar (8e2089f4-e03a-4dc3-8eb0-4ed4771a785e) - Socket: eez28rtng2d6lQqhAAAB
[2026-06-15 11:39:02:392] [INFO]: [SOCKET] User connected: Krishna Shelar (8e2089f4-e03a-4dc3-8eb0-4ed4771a785e) - Socket: n50HzwTu_AG0vGXBAAAD
[2026-06-15 11:44:20:4420] [INFO]: ==================================================
[2026-06-15 11:44:20:4420] [INFO]: 🚀 TKS API Server with Socket.IO is running on port: 5000
[2026-06-15 11:44:20:4420] [INFO]: 🔐 Bypass MS Auth status: false
[2026-06-15 11:44:20:4420] [INFO]: ==================================================
[2026-06-15 11:44:22:4422] [INFO]: [SOCKET] User connected: Krishna Shelar (8e2089f4-e03a-4dc3-8eb0-4ed4771a785e) - Socket: zeVP2SQ358G-j2qNAAAC
[2026-06-15 11:44:22:4422] [INFO]: [SOCKET] User connected: Krishna Shelar (8e2089f4-e03a-4dc3-8eb0-4ed4771a785e) - Socket: sHaZA8kWTm9x8NWTAAAD
[2026-06-15 11:47:22:4722] [INFO]: ==================================================
[2026-06-15 11:47:22:4722] [INFO]: 🚀 TKS API Server with Socket.IO is running on port: 5000
[2026-06-15 11:47:22:4722] [INFO]: 🔐 Bypass MS Auth status: false
[2026-06-15 11:47:22:4722] [INFO]: ==================================================
[2026-06-15 11:47:58:4758] [INFO]: OPTIONS /api/products 204 0 - 2.631 ms
[2026-06-15 11:47:58:4758] [INFO]: [SOCKET] User connected: Krishna Shelar (8e2089f4-e03a-4dc3-8eb0-4ed4771a785e) - Socket: ai9YlLj_UD1YxUQDAAAB
[2026-06-15 11:47:58:4758] [INFO]: GET /api/products 200 1492 - 111.429 ms
[2026-06-15 11:47:58:4758] [INFO]: GET /api/products 304 - - 32.140 ms
[2026-06-15 11:47:59:4759] [INFO]: [SOCKET] User connected: Krishna Shelar (8e2089f4-e03a-4dc3-8eb0-4ed4771a785e) - Socket: c-ufpy0qRaa5T1ndAAAD
[2026-06-15 11:47:59:4759] [INFO]: OPTIONS /api/products/69f411d7-819a-4809-8f68-96f88b7cd1cc/status 204 0 - 0.379 ms
[2026-06-15 11:47:59:4759] [INFO]: OPTIONS /api/users 204 0 - 0.346 ms
[2026-06-15 11:47:59:4759] [INFO]: GET /api/users 304 - - 24.035 ms
[2026-06-15 11:47:59:4759] [INFO]: GET /api/users 304 - - 11.422 ms
[2026-06-15 11:47:59:4759] [INFO]: GET /api/products/69f411d7-819a-4809-8f68-96f88b7cd1cc/status 200 93187 - 68.483 ms
[2026-06-15 11:47:59:4759] [INFO]: GET /api/products/69f411d7-819a-4809-8f68-96f88b7cd1cc/status 304 - - 17.848 ms
[2026-06-15 11:51:17:5117] [INFO]: OPTIONS /api/requirements-mapping?projectId=69f411d7-819a-4809-8f68-96f88b7cd1cc 204 0 - 0.337 ms
[2026-06-15 11:51:17:5117] [INFO]: OPTIONS /api/user-stories?productId=69f411d7-819a-4809-8f68-96f88b7cd1cc 204 0 - 0.189 ms
[2026-06-15 11:51:17:5117] [INFO]: OPTIONS /api/functional-requirements?productId=69f411d7-819a-4809-8f68-96f88b7cd1cc 204 0 - 0.182 ms
[2026-06-15 11:51:17:5117] [INFO]: OPTIONS /api/requirements-mapping?projectId=69f411d7-819a-4809-8f68-96f88b7cd1cc 204 0 - 0.408 ms
[2026-06-15 11:51:17:5117] [INFO]: OPTIONS /api/user-stories?productId=69f411d7-819a-4809-8f68-96f88b7cd1cc 204 0 - 0.688 ms
[2026-06-15 11:51:17:5117] [INFO]: OPTIONS /api/functional-requirements?productId=69f411d7-819a-4809-8f68-96f88b7cd1cc 204 0 - 0.296 ms
[2026-06-15 11:51:17:5117] [INFO]: GET /api/functional-requirements?productId=69f411d7-819a-4809-8f68-96f88b7cd1cc 200 1503 - 19.319 ms
[2026-06-15 11:51:17:5117] [INFO]: GET /api/user-stories?productId=69f411d7-819a-4809-8f68-96f88b7cd1cc 200 94284 - 53.470 ms
[2026-06-15 11:51:17:5117] [INFO]: GET /api/requirements-mapping?projectId=69f411d7-819a-4809-8f68-96f88b7cd1cc 200 5233 - 95.541 ms
[2026-06-15 11:51:17:5117] [INFO]: GET /api/functional-requirements?productId=69f411d7-819a-4809-8f68-96f88b7cd1cc 304 - - 32.866 ms
[2026-06-15 11:51:17:5117] [INFO]: GET /api/user-stories?productId=69f411d7-819a-4809-8f68-96f88b7cd1cc 304 - - 34.859 ms
[2026-06-15 11:51:17:5117] [INFO]: GET /api/requirements-mapping?projectId=69f411d7-819a-4809-8f68-96f88b7cd1cc 304 - - 31.920 ms
[2026-06-15 11:51:48:5148] [INFO]: OPTIONS /api/requirements-mapping?projectId=69f411d7-819a-4809-8f68-96f88b7cd1cc&status=Mapped 204 0 - 0.313 ms
[2026-06-15 11:51:48:5148] [INFO]: OPTIONS /api/user-stories?productId=69f411d7-819a-4809-8f68-96f88b7cd1cc 204 0 - 0.122 ms
[2026-06-15 11:51:48:5148] [INFO]: OPTIONS /api/functional-requirements?productId=69f411d7-819a-4809-8f68-96f88b7cd1cc 204 0 - 0.223 ms
[2026-06-15 11:51:48:5148] [INFO]: GET /api/functional-requirements?productId=69f411d7-819a-4809-8f68-96f88b7cd1cc 304 - - 4.027 ms
[2026-06-15 11:51:48:5148] [INFO]: GET /api/requirements-mapping?projectId=69f411d7-819a-4809-8f68-96f88b7cd1cc&status=Mapped 200 1988 - 14.100 ms
[2026-06-15 11:51:48:5148] [INFO]: GET /api/user-stories?productId=69f411d7-819a-4809-8f68-96f88b7cd1cc 304 - - 17.198 ms
[2026-06-15 11:51:49:5149] [INFO]: OPTIONS /api/requirements-mapping?projectId=69f411d7-819a-4809-8f68-96f88b7cd1cc&status=Pending 204 0 - 0.127 ms
[2026-06-15 11:51:49:5149] [INFO]: GET /api/functional-requirements?productId=69f411d7-819a-4809-8f68-96f88b7cd1cc 304 - - 22.137 ms
[2026-06-15 11:51:49:5149] [INFO]: GET /api/user-stories?productId=69f411d7-819a-4809-8f68-96f88b7cd1cc 304 - - 58.463 ms
[2026-06-15 11:51:49:5149] [INFO]: GET /api/requirements-mapping?projectId=69f411d7-819a-4809-8f68-96f88b7cd1cc&status=Pending 200 3246 - 44.820 ms
[2026-06-15 11:51:51:5151] [INFO]: GET /api/functional-requirements?productId=69f411d7-819a-4809-8f68-96f88b7cd1cc 304 - - 8.585 ms
[2026-06-15 11:51:51:5151] [INFO]: GET /api/user-stories?productId=69f411d7-819a-4809-8f68-96f88b7cd1cc 304 - - 14.144 ms
[2026-06-15 11:51:51:5151] [INFO]: GET /api/requirements-mapping?projectId=69f411d7-819a-4809-8f68-96f88b7cd1cc&status=Mapped 304 - - 30.458 ms
[2026-06-15 11:51:52:5152] [INFO]: OPTIONS /api/requirements-mapping?projectId=69f411d7-819a-4809-8f68-96f88b7cd1cc&sprintId=Sprint+1&status=Mapped 204 0 - 0.118 ms
[2026-06-15 11:51:52:5152] [INFO]: GET /api/functional-requirements?productId=69f411d7-819a-4809-8f68-96f88b7cd1cc 304 - - 8.753 ms
[2026-06-15 11:51:52:5152] [INFO]: GET /api/user-stories?productId=69f411d7-819a-4809-8f68-96f88b7cd1cc 304 - - 19.822 ms
[2026-06-15 11:51:52:5152] [INFO]: GET /api/requirements-mapping?projectId=69f411d7-819a-4809-8f68-96f88b7cd1cc&sprintId=Sprint+1&status=Mapped 200 2 - 20.647 ms
[2026-06-15 11:51:54:5154] [INFO]: OPTIONS /api/requirements-mapping?projectId=69f411d7-819a-4809-8f68-96f88b7cd1cc&status=Mapped 204 0 - 0.130 ms
[2026-06-15 11:51:54:5154] [INFO]: OPTIONS /api/user-stories?productId=69f411d7-819a-4809-8f68-96f88b7cd1cc 204 0 - 0.093 ms
[2026-06-15 11:51:54:5154] [INFO]: OPTIONS /api/functional-requirements?productId=69f411d7-819a-4809-8f68-96f88b7cd1cc 204 0 - 0.078 ms
[2026-06-15 11:51:54:5154] [INFO]: GET /api/functional-requirements?productId=69f411d7-819a-4809-8f68-96f88b7cd1cc 304 - - 4.353 ms
[2026-06-15 11:51:54:5154] [INFO]: GET /api/requirements-mapping?projectId=69f411d7-819a-4809-8f68-96f88b7cd1cc&status=Mapped 304 - - 14.318 ms
[2026-06-15 11:51:54:5154] [INFO]: GET /api/user-stories?productId=69f411d7-819a-4809-8f68-96f88b7cd1cc 304 - - 15.411 ms
[2026-06-15 11:52:20:5220] [INFO]: ==================================================
[2026-06-15 11:52:20:5220] [INFO]: 🚀 TKS API Server with Socket.IO is running on port: 5000
[2026-06-15 11:52:20:5220] [INFO]: 🔐 Bypass MS Auth status: true
[2026-06-15 11:52:20:5220] [INFO]: ==================================================
[2026-06-15 11:52:20:5220] [INFO]: [SOCKET] User connected: Krishna Shelar (8e2089f4-e03a-4dc3-8eb0-4ed4771a785e) - Socket: WQdALN9sX3Xu1qNCAAAB
[2026-06-15 11:52:21:5221] [INFO]: [SOCKET] User connected: Krishna Shelar (8e2089f4-e03a-4dc3-8eb0-4ed4771a785e) - Socket: f7VfJMtY9bhEu3J8AAAD
[2026-06-15 11:52:25:5225] [INFO]: ==================================================
[2026-06-15 11:52:25:5225] [INFO]: 🚀 TKS API Server with Socket.IO is running on port: 5000
[2026-06-15 11:52:25:5225] [INFO]: 🔐 Bypass MS Auth status: true
[2026-06-15 11:52:25:5225] [INFO]: ==================================================
[2026-06-15 11:52:26:5226] [INFO]: [SOCKET] User connected: Krishna Shelar (8e2089f4-e03a-4dc3-8eb0-4ed4771a785e) - Socket: vwW8OJZC6L_XLXHCAAAB
[2026-06-15 11:52:27:5227] [INFO]: [SOCKET] User connected: Krishna Shelar (8e2089f4-e03a-4dc3-8eb0-4ed4771a785e) - Socket: _z2-pzIoymYhqpbgAAAD
[2026-06-15 11:53:40:5340] [INFO]: POST /api/auth/microsoft 200 472 - 37.164 ms
[2026-06-15 11:53:40:5340] [INFO]: POST /api/auth/microsoft 200 44345 - 4.207 ms
[2026-06-15 11:53:40:5340] [INFO]: GET /api/products 200 1492 - 3.725 ms
[2026-06-15 11:53:40:5340] [INFO]: GET /api/user-stories?productId=69f411d7-819a-4809-8f68-96f88b7cd1cc 200 94284 - 8.766 ms
[2026-06-15 11:53:40:5340] [INFO]: GET /api/functional-requirements?productId=69f411d7-819a-4809-8f68-96f88b7cd1cc 200 1503 - 4.752 ms
[2026-06-15 11:53:49:5349] [INFO]: ==================================================
[2026-06-15 11:53:49:5349] [INFO]: 🚀 TKS API Server with Socket.IO is running on port: 5000
[2026-06-15 11:53:49:5349] [INFO]: 🔐 Bypass MS Auth status: true
[2026-06-15 11:53:49:5349] [INFO]: ==================================================
[2026-06-15 11:53:51:5351] [INFO]: [SOCKET] User connected: Krishna Shelar (8e2089f4-e03a-4dc3-8eb0-4ed4771a785e) - Socket: 613mGa3SL9B-mP2oAAAC
[2026-06-15 11:53:51:5351] [INFO]: [SOCKET] User connected: Krishna Shelar (8e2089f4-e03a-4dc3-8eb0-4ed4771a785e) - Socket: 8KJu0F7yX079bqvcAAAD
[2026-06-15 11:53:55:5355] [INFO]: POST /api/auth/microsoft 200 472 - 36.725 ms
[2026-06-15 11:53:55:5355] [INFO]: POST /api/auth/microsoft 200 44345 - 4.454 ms
[2026-06-15 11:53:55:5355] [INFO]: GET /api/products 200 1492 - 3.623 ms
[2026-06-15 11:53:55:5355] [INFO]: GET /api/user-stories?productId=69f411d7-819a-4809-8f68-96f88b7cd1cc 200 94284 - 10.648 ms
[2026-06-15 11:53:55:5355] [INFO]: GET /api/functional-requirements?productId=69f411d7-819a-4809-8f68-96f88b7cd1cc 200 1503 - 6.159 ms
[2026-06-15 11:53:55:5355] [INFO]: POST /api/functional-requirements 201 287 - 49.894 ms
[2026-06-15 11:53:55:5355] [INFO]: POST /api/functional-requirements 403 99 - 1.344 ms
[2026-06-15 11:53:55:5355] [INFO]: POST /api/requirements-mapping 201 1005 - 26.885 ms
[2026-06-15 11:53:55:5355] [INFO]: GET /api/requirements-mapping?projectId=69f411d7-819a-4809-8f68-96f88b7cd1cc&status=Mapped 200 2640 - 9.504 ms
[2026-06-15 11:53:55:5355] [INFO]: PUT /api/requirements-mapping/43205f4e-29a6-41ab-8dae-98fffd43e0eb 403 97 - 2.853 ms
[2026-06-15 11:53:55:5355] [INFO]: DELETE /api/requirements-mapping/43205f4e-29a6-41ab-8dae-98fffd43e0eb 403 97 - 1.330 ms
[2026-06-15 11:53:55:5355] [INFO]: DELETE /api/requirements-mapping/43205f4e-29a6-41ab-8dae-98fffd43e0eb 200 56 - 28.903 ms
[2026-06-15 11:54:01:541] [INFO]: ==================================================
[2026-06-15 11:54:01:541] [INFO]: 🚀 TKS API Server with Socket.IO is running on port: 5000
[2026-06-15 11:54:01:541] [INFO]: 🔐 Bypass MS Auth status: true
[2026-06-15 11:54:01:541] [INFO]: ==================================================
[2026-06-15 11:54:03:543] [INFO]: [SOCKET] User connected: Krishna Shelar (8e2089f4-e03a-4dc3-8eb0-4ed4771a785e) - Socket: 4yBix3LRqyP3dXCiAAAB
[2026-06-15 11:54:04:544] [INFO]: [SOCKET] User connected: Krishna Shelar (8e2089f4-e03a-4dc3-8eb0-4ed4771a785e) - Socket: veYkKq5ZRfJSUiRVAAAD
[2026-06-15 11:57:09:579] [INFO]: OPTIONS /api/requirements-mapping?projectId=69f411d7-819a-4809-8f68-96f88b7cd1cc 204 0 - 2.327 ms
[2026-06-15 11:57:09:579] [INFO]: OPTIONS /api/user-stories?productId=69f411d7-819a-4809-8f68-96f88b7cd1cc 204 0 - 0.363 ms
[2026-06-15 11:57:09:579] [INFO]: OPTIONS /api/functional-requirements?productId=69f411d7-819a-4809-8f68-96f88b7cd1cc 204 0 - 0.228 ms
[2026-06-15 11:57:09:579] [INFO]: GET /api/functional-requirements?productId=69f411d7-819a-4809-8f68-96f88b7cd1cc 200 1791 - 51.628 ms
[2026-06-15 11:57:09:579] [INFO]: GET /api/requirements-mapping?projectId=69f411d7-819a-4809-8f68-96f88b7cd1cc 304 - - 136.042 ms
[2026-06-15 11:57:09:579] [INFO]: GET /api/user-stories?productId=69f411d7-819a-4809-8f68-96f88b7cd1cc 304 - - 80.845 ms
[2026-06-15 11:57:57:5757] [INFO]: OPTIONS /api/products/69f411d7-819a-4809-8f68-96f88b7cd1cc/status 204 0 - 0.287 ms
[2026-06-15 11:57:57:5757] [INFO]: OPTIONS /api/users 204 0 - 0.224 ms
[2026-06-15 11:57:57:5757] [INFO]: OPTIONS /api/users 204 0 - 0.323 ms
[2026-06-15 11:57:57:5757] [INFO]: OPTIONS /api/products/69f411d7-819a-4809-8f68-96f88b7cd1cc/status 204 0 - 3.048 ms
[2026-06-15 11:57:57:5757] [INFO]: GET /api/users 304 - - 31.241 ms
[2026-06-15 11:57:57:5757] [INFO]: GET /api/products/69f411d7-819a-4809-8f68-96f88b7cd1cc/status 304 - - 31.888 ms
[2026-06-15 11:57:57:5757] [INFO]: GET /api/users 304 - - 30.262 ms
[2026-06-15 11:57:57:5757] [INFO]: GET /api/products/69f411d7-819a-4809-8f68-96f88b7cd1cc/status 304 - - 31.793 ms
[2026-06-15 11:58:11:5811] [INFO]: OPTIONS /api/requirements-mapping?projectId=69f411d7-819a-4809-8f68-96f88b7cd1cc 204 0 - 0.151 ms
[2026-06-15 11:58:11:5811] [INFO]: OPTIONS /api/user-stories?productId=69f411d7-819a-4809-8f68-96f88b7cd1cc 204 0 - 0.156 ms
[2026-06-15 11:58:11:5811] [INFO]: OPTIONS /api/functional-requirements?productId=69f411d7-819a-4809-8f68-96f88b7cd1cc 204 0 - 0.218 ms
[2026-06-15 11:58:11:5811] [INFO]: OPTIONS /api/requirements-mapping?projectId=69f411d7-819a-4809-8f68-96f88b7cd1cc 204 0 - 0.141 ms
[2026-06-15 11:58:11:5811] [INFO]: OPTIONS /api/user-stories?productId=69f411d7-819a-4809-8f68-96f88b7cd1cc 204 0 - 0.354 ms
[2026-06-15 11:58:11:5811] [INFO]: OPTIONS /api/functional-requirements?productId=69f411d7-819a-4809-8f68-96f88b7cd1cc 204 0 - 0.136 ms
[2026-06-15 11:58:11:5811] [INFO]: GET /api/functional-requirements?productId=69f411d7-819a-4809-8f68-96f88b7cd1cc 304 - - 12.943 ms
[2026-06-15 11:58:11:5811] [INFO]: GET /api/requirements-mapping?projectId=69f411d7-819a-4809-8f68-96f88b7cd1cc 304 - - 22.897 ms
[2026-06-15 11:58:11:5811] [INFO]: GET /api/functional-requirements?productId=69f411d7-819a-4809-8f68-96f88b7cd1cc 304 - - 12.492 ms
[2026-06-15 11:58:11:5811] [INFO]: GET /api/user-stories?productId=69f411d7-819a-4809-8f68-96f88b7cd1cc 304 - - 26.501 ms
[2026-06-15 11:58:11:5811] [INFO]: GET /api/requirements-mapping?projectId=69f411d7-819a-4809-8f68-96f88b7cd1cc 304 - - 20.633 ms
[2026-06-15 11:58:11:5811] [INFO]: GET /api/user-stories?productId=69f411d7-819a-4809-8f68-96f88b7cd1cc 304 - - 20.477 ms
[2026-06-15 11:58:14:5814] [INFO]: OPTIONS /api/requirements-mapping?projectId=69f411d7-819a-4809-8f68-96f88b7cd1cc&status=Mapped 204 0 - 0.302 ms
[2026-06-15 11:58:14:5814] [INFO]: GET /api/functional-requirements?productId=69f411d7-819a-4809-8f68-96f88b7cd1cc 304 - - 9.829 ms
[2026-06-15 11:58:14:5814] [INFO]: GET /api/user-stories?productId=69f411d7-819a-4809-8f68-96f88b7cd1cc 304 - - 22.691 ms
[2026-06-15 11:58:14:5814] [INFO]: GET /api/requirements-mapping?projectId=69f411d7-819a-4809-8f68-96f88b7cd1cc&status=Mapped 304 - - 16.878 ms
[2026-06-15 11:58:16:5816] [INFO]: OPTIONS /api/requirements-mapping?projectId=69f411d7-819a-4809-8f68-96f88b7cd1cc&status=Pending 204 0 - 0.141 ms
[2026-06-15 11:58:16:5816] [INFO]: GET /api/functional-requirements?productId=69f411d7-819a-4809-8f68-96f88b7cd1cc 304 - - 4.720 ms
[2026-06-15 11:58:16:5816] [INFO]: GET /api/user-stories?productId=69f411d7-819a-4809-8f68-96f88b7cd1cc 304 - - 14.472 ms
[2026-06-15 11:58:16:5816] [INFO]: GET /api/requirements-mapping?projectId=69f411d7-819a-4809-8f68-96f88b7cd1cc&status=Pending 304 - - 10.922 ms
[2026-06-15 11:58:19:5819] [INFO]: OPTIONS /api/requirements-mapping?projectId=69f411d7-819a-4809-8f68-96f88b7cd1cc 204 0 - 0.308 ms
[2026-06-15 11:58:19:5819] [INFO]: OPTIONS /api/user-stories?productId=69f411d7-819a-4809-8f68-96f88b7cd1cc 204 0 - 0.091 ms
[2026-06-15 11:58:19:5819] [INFO]: OPTIONS /api/functional-requirements?productId=69f411d7-819a-4809-8f68-96f88b7cd1cc 204 0 - 0.127 ms
[2026-06-15 11:58:19:5819] [INFO]: GET /api/functional-requirements?productId=69f411d7-819a-4809-8f68-96f88b7cd1cc 304 - - 6.054 ms
[2026-06-15 11:58:19:5819] [INFO]: GET /api/requirements-mapping?projectId=69f411d7-819a-4809-8f68-96f88b7cd1cc 304 - - 16.567 ms
[2026-06-15 11:58:19:5819] [INFO]: GET /api/user-stories?productId=69f411d7-819a-4809-8f68-96f88b7cd1cc 304 - - 18.975 ms
[2026-06-15 11:58:25:5825] [INFO]: OPTIONS /api/products/69f411d7-819a-4809-8f68-96f88b7cd1cc/status 204 0 - 0.119 ms
[2026-06-15 11:58:25:5825] [INFO]: OPTIONS /api/users 204 0 - 0.155 ms
[2026-06-15 11:58:25:5825] [INFO]: OPTIONS /api/products/69f411d7-819a-4809-8f68-96f88b7cd1cc/status 204 0 - 0.110 ms
[2026-06-15 11:58:25:5825] [INFO]: OPTIONS /api/users 204 0 - 0.137 ms
[2026-06-15 11:58:25:5825] [INFO]: GET /api/users 304 - - 5.639 ms
[2026-06-15 11:58:25:5825] [INFO]: GET /api/products/69f411d7-819a-4809-8f68-96f88b7cd1cc/status 304 - - 13.583 ms
[2026-06-15 11:58:25:5825] [INFO]: GET /api/users 304 - - 5.420 ms
[2026-06-15 11:58:25:5825] [INFO]: GET /api/products/69f411d7-819a-4809-8f68-96f88b7cd1cc/status 304 - - 15.428 ms
[2026-06-15 11:58:26:5826] [INFO]: OPTIONS /api/user-stories?productId=69f411d7-819a-4809-8f68-96f88b7cd1cc 204 0 - 0.139 ms
[2026-06-15 11:58:26:5826] [INFO]: OPTIONS /api/features?productId=69f411d7-819a-4809-8f68-96f88b7cd1cc 204 0 - 0.074 ms
[2026-06-15 11:58:26:5826] [INFO]: OPTIONS /api/user-stories?productId=69f411d7-819a-4809-8f68-96f88b7cd1cc 204 0 - 0.139 ms
[2026-06-15 11:58:26:5826] [INFO]: OPTIONS /api/features?productId=69f411d7-819a-4809-8f68-96f88b7cd1cc 204 0 - 0.077 ms
[2026-06-15 11:58:26:5826] [INFO]: GET /api/users 304 - - 10.345 ms
[2026-06-15 11:58:26:5826] [INFO]: GET /api/features?productId=69f411d7-819a-4809-8f68-96f88b7cd1cc 200 47223 - 18.819 ms
[2026-06-15 11:58:26:5826] [INFO]: GET /api/user-stories?productId=69f411d7-819a-4809-8f68-96f88b7cd1cc 304 - - 19.922 ms
[2026-06-15 11:58:26:5826] [INFO]: GET /api/users 304 - - 10.877 ms
[2026-06-15 11:58:26:5826] [INFO]: GET /api/features?productId=69f411d7-819a-4809-8f68-96f88b7cd1cc 304 - - 17.449 ms
[2026-06-15 11:58:26:5826] [INFO]: GET /api/user-stories?productId=69f411d7-819a-4809-8f68-96f88b7cd1cc 304 - - 21.609 ms
[2026-06-15 11:58:27:5827] [INFO]: OPTIONS /api/requirements-mapping?projectId=69f411d7-819a-4809-8f68-96f88b7cd1cc 204 0 - 0.145 ms
[2026-06-15 11:58:27:5827] [INFO]: OPTIONS /api/functional-requirements?productId=69f411d7-819a-4809-8f68-96f88b7cd1cc 204 0 - 0.094 ms
[2026-06-15 11:58:27:5827] [INFO]: OPTIONS /api/requirements-mapping?projectId=69f411d7-819a-4809-8f68-96f88b7cd1cc 204 0 - 0.092 ms
[2026-06-15 11:58:27:5827] [INFO]: OPTIONS /api/functional-requirements?productId=69f411d7-819a-4809-8f68-96f88b7cd1cc 204 0 - 0.089 ms
[2026-06-15 11:58:27:5827] [INFO]: GET /api/functional-requirements?productId=69f411d7-819a-4809-8f68-96f88b7cd1cc 304 - - 4.230 ms
[2026-06-15 11:58:27:5827] [INFO]: GET /api/user-stories?productId=69f411d7-819a-4809-8f68-96f88b7cd1cc 304 - - 18.332 ms
[2026-06-15 11:58:27:5827] [INFO]: GET /api/requirements-mapping?projectId=69f411d7-819a-4809-8f68-96f88b7cd1cc 304 - - 15.823 ms
[2026-06-15 11:58:27:5827] [INFO]: GET /api/functional-requirements?productId=69f411d7-819a-4809-8f68-96f88b7cd1cc 304 - - 9.642 ms
[2026-06-15 11:58:27:5827] [INFO]: GET /api/user-stories?productId=69f411d7-819a-4809-8f68-96f88b7cd1cc 304 - - 15.605 ms
[2026-06-15 11:58:27:5827] [INFO]: GET /api/requirements-mapping?projectId=69f411d7-819a-4809-8f68-96f88b7cd1cc 304 - - 13.517 ms
[2026-06-15 11:58:29:5829] [INFO]: GET /api/users 304 - - 4.349 ms
[2026-06-15 11:58:29:5829] [INFO]: GET /api/products/69f411d7-819a-4809-8f68-96f88b7cd1cc/status 304 - - 9.639 ms
[2026-06-15 11:58:29:5829] [INFO]: GET /api/users 304 - - 4.569 ms
[2026-06-15 11:58:29:5829] [INFO]: GET /api/products/69f411d7-819a-4809-8f68-96f88b7cd1cc/status 304 - - 10.319 ms
[2026-06-15 11:58:45:5845] [INFO]: OPTIONS /api/features?productId=69f411d7-819a-4809-8f68-96f88b7cd1cc 204 0 - 0.201 ms
[2026-06-15 11:58:45:5845] [INFO]: OPTIONS /api/users 204 0 - 0.096 ms
[2026-06-15 11:58:45:5845] [INFO]: OPTIONS /api/features?productId=69f411d7-819a-4809-8f68-96f88b7cd1cc 204 0 - 0.083 ms
[2026-06-15 11:58:45:5845] [INFO]: OPTIONS /api/users 204 0 - 0.090 ms
[2026-06-15 11:58:45:5845] [INFO]: GET /api/users 304 - - 6.877 ms
[2026-06-15 11:58:45:5845] [INFO]: GET /api/features?productId=69f411d7-819a-4809-8f68-96f88b7cd1cc 304 - - 11.906 ms
[2026-06-15 11:58:45:5845] [INFO]: GET /api/users 304 - - 4.728 ms
[2026-06-15 11:58:45:5845] [INFO]: GET /api/features?productId=69f411d7-819a-4809-8f68-96f88b7cd1cc 304 - - 7.372 ms
[2026-06-15 11:59:08:598] [INFO]: OPTIONS /api/products/69f411d7-819a-4809-8f68-96f88b7cd1cc/status 204 0 - 0.122 ms
[2026-06-15 11:59:08:598] [INFO]: OPTIONS /api/users 204 0 - 0.126 ms
[2026-06-15 11:59:08:598] [INFO]: OPTIONS /api/users 204 0 - 0.116 ms
[2026-06-15 11:59:08:598] [INFO]: OPTIONS /api/products/69f411d7-819a-4809-8f68-96f88b7cd1cc/status 204 0 - 0.079 ms
[2026-06-15 11:59:08:598] [INFO]: GET /api/users 304 - - 7.096 ms
[2026-06-15 11:59:08:598] [INFO]: GET /api/products/69f411d7-819a-4809-8f68-96f88b7cd1cc/status 304 - - 14.970 ms
[2026-06-15 11:59:08:598] [INFO]: GET /api/users 304 - - 10.534 ms
[2026-06-15 11:59:08:598] [INFO]: GET /api/products/69f411d7-819a-4809-8f68-96f88b7cd1cc/status 304 - - 17.165 ms
[2026-06-15 11:59:13:5913] [INFO]: OPTIONS /api/features?productId=69f411d7-819a-4809-8f68-96f88b7cd1cc 204 0 - 0.111 ms
[2026-06-15 11:59:13:5913] [INFO]: OPTIONS /api/users 204 0 - 0.082 ms
[2026-06-15 11:59:13:5913] [INFO]: OPTIONS /api/features?productId=69f411d7-819a-4809-8f68-96f88b7cd1cc 204 0 - 0.194 ms
[2026-06-15 11:59:13:5913] [INFO]: OPTIONS /api/users 204 0 - 0.109 ms
[2026-06-15 11:59:13:5913] [INFO]: GET /api/users 304 - - 4.572 ms
[2026-06-15 11:59:13:5913] [INFO]: GET /api/features?productId=69f411d7-819a-4809-8f68-96f88b7cd1cc 304 - - 9.388 ms
[2026-06-15 11:59:13:5913] [INFO]: GET /api/users 304 - - 5.367 ms
[2026-06-15 11:59:13:5913] [INFO]: GET /api/features?productId=69f411d7-819a-4809-8f68-96f88b7cd1cc 304 - - 9.042 ms
[2026-06-15 11:59:33:5933] [INFO]: OPTIONS /api/products/69f411d7-819a-4809-8f68-96f88b7cd1cc/status 204 0 - 0.131 ms
[2026-06-15 11:59:33:5933] [INFO]: OPTIONS /api/users 204 0 - 0.134 ms
[2026-06-15 11:59:33:5933] [INFO]: OPTIONS /api/products/69f411d7-819a-4809-8f68-96f88b7cd1cc/status 204 0 - 0.147 ms
[2026-06-15 11:59:33:5933] [INFO]: OPTIONS /api/users 204 0 - 0.135 ms
[2026-06-15 11:59:33:5933] [INFO]: GET /api/users 304 - - 3.789 ms
[2026-06-15 11:59:33:5933] [INFO]: GET /api/products/69f411d7-819a-4809-8f68-96f88b7cd1cc/status 304 - - 12.406 ms
[2026-06-15 11:59:33:5933] [INFO]: GET /api/users 304 - - 5.720 ms
[2026-06-15 11:59:33:5933] [INFO]: GET /api/products/69f411d7-819a-4809-8f68-96f88b7cd1cc/status 304 - - 9.635 ms
[2026-06-15 12:11:26:1126] [INFO]: OPTIONS /api/features?productId=69f411d7-819a-4809-8f68-96f88b7cd1cc 204 0 - 0.196 ms
[2026-06-15 12:11:26:1126] [INFO]: OPTIONS /api/users 204 0 - 0.083 ms
[2026-06-15 12:11:26:1126] [INFO]: OPTIONS /api/features?productId=69f411d7-819a-4809-8f68-96f88b7cd1cc 204 0 - 0.196 ms
[2026-06-15 12:11:26:1126] [INFO]: OPTIONS /api/users 204 0 - 0.091 ms
[2026-06-15 12:11:26:1126] [INFO]: GET /api/users 304 - - 29.171 ms
[2026-06-15 12:11:26:1126] [INFO]: GET /api/features?productId=69f411d7-819a-4809-8f68-96f88b7cd1cc 304 - - 38.901 ms
[2026-06-15 12:11:26:1126] [INFO]: GET /api/users 304 - - 10.939 ms
[2026-06-15 12:11:26:1126] [INFO]: GET /api/features?productId=69f411d7-819a-4809-8f68-96f88b7cd1cc 304 - - 16.146 ms
[2026-06-15 12:11:31:1131] [INFO]: OPTIONS /api/user-stories?productId=69f411d7-819a-4809-8f68-96f88b7cd1cc 204 0 - 0.167 ms
[2026-06-15 12:11:31:1131] [INFO]: OPTIONS /api/features?productId=69f411d7-819a-4809-8f68-96f88b7cd1cc 204 0 - 0.081 ms
[2026-06-15 12:11:31:1131] [INFO]: OPTIONS /api/users 204 0 - 0.075 ms
[2026-06-15 12:11:31:1131] [INFO]: OPTIONS /api/user-stories?productId=69f411d7-819a-4809-8f68-96f88b7cd1cc 204 0 - 0.131 ms
[2026-06-15 12:11:31:1131] [INFO]: GET /api/users 304 - - 7.871 ms
[2026-06-15 12:11:31:1131] [INFO]: GET /api/user-stories?productId=69f411d7-819a-4809-8f68-96f88b7cd1cc 304 - - 18.779 ms
[2026-06-15 12:11:31:1131] [INFO]: GET /api/users 304 - - 7.343 ms
[2026-06-15 12:11:31:1131] [INFO]: GET /api/features?productId=69f411d7-819a-4809-8f68-96f88b7cd1cc 304 - - 24.078 ms
[2026-06-15 12:11:31:1131] [INFO]: GET /api/features?productId=69f411d7-819a-4809-8f68-96f88b7cd1cc 304 - - 14.295 ms
[2026-06-15 12:11:31:1131] [INFO]: GET /api/user-stories?productId=69f411d7-819a-4809-8f68-96f88b7cd1cc 304 - - 23.907 ms
[2026-06-15 12:11:32:1132] [INFO]: OPTIONS /api/requirements-mapping?projectId=69f411d7-819a-4809-8f68-96f88b7cd1cc 204 0 - 0.104 ms
[2026-06-15 12:11:32:1132] [INFO]: OPTIONS /api/functional-requirements?productId=69f411d7-819a-4809-8f68-96f88b7cd1cc 204 0 - 0.078 ms
[2026-06-15 12:11:32:1132] [INFO]: OPTIONS /api/requirements-mapping?projectId=69f411d7-819a-4809-8f68-96f88b7cd1cc 204 0 - 0.084 ms
[2026-06-15 12:11:32:1132] [INFO]: OPTIONS /api/functional-requirements?productId=69f411d7-819a-4809-8f68-96f88b7cd1cc 204 0 - 0.143 ms
[2026-06-15 12:11:32:1132] [INFO]: GET /api/functional-requirements?productId=69f411d7-819a-4809-8f68-96f88b7cd1cc 304 - - 5.136 ms
[2026-06-15 12:11:32:1132] [INFO]: GET /api/user-stories?productId=69f411d7-819a-4809-8f68-96f88b7cd1cc 304 - - 22.930 ms
[2026-06-15 12:11:32:1132] [INFO]: GET /api/requirements-mapping?projectId=69f411d7-819a-4809-8f68-96f88b7cd1cc 304 - - 19.906 ms
[2026-06-15 12:11:32:1132] [INFO]: GET /api/functional-requirements?productId=69f411d7-819a-4809-8f68-96f88b7cd1cc 304 - - 11.704 ms
[2026-06-15 12:11:32:1132] [INFO]: GET /api/user-stories?productId=69f411d7-819a-4809-8f68-96f88b7cd1cc 304 - - 22.840 ms
[2026-06-15 12:11:32:1132] [INFO]: GET /api/requirements-mapping?projectId=69f411d7-819a-4809-8f68-96f88b7cd1cc 304 - - 19.805 ms
[2026-06-15 12:13:09:139] [INFO]: OPTIONS /api/user-stories?productId=69f411d7-819a-4809-8f68-96f88b7cd1cc 204 0 - 0.179 ms
[2026-06-15 12:13:09:139] [INFO]: OPTIONS /api/features?productId=69f411d7-819a-4809-8f68-96f88b7cd1cc 204 0 - 0.087 ms
[2026-06-15 12:13:09:139] [INFO]: OPTIONS /api/users 204 0 - 0.089 ms
[2026-06-15 12:13:09:139] [INFO]: OPTIONS /api/user-stories?productId=69f411d7-819a-4809-8f68-96f88b7cd1cc 204 0 - 0.085 ms
[2026-06-15 12:13:09:139] [INFO]: OPTIONS /api/features?productId=69f411d7-819a-4809-8f68-96f88b7cd1cc 204 0 - 0.084 ms
[2026-06-15 12:13:09:139] [INFO]: OPTIONS /api/users 204 0 - 0.129 ms
[2026-06-15 12:13:09:139] [INFO]: GET /api/users 304 - - 5.696 ms
[2026-06-15 12:13:09:139] [INFO]: GET /api/features?productId=69f411d7-819a-4809-8f68-96f88b7cd1cc 304 - - 13.412 ms
[2026-06-15 12:13:09:139] [INFO]: GET /api/user-stories?productId=69f411d7-819a-4809-8f68-96f88b7cd1cc 304 - - 20.370 ms
[2026-06-15 12:13:09:139] [INFO]: GET /api/users 304 - - 10.902 ms
[2026-06-15 12:13:09:139] [INFO]: GET /api/features?productId=69f411d7-819a-4809-8f68-96f88b7cd1cc 304 - - 16.223 ms
[2026-06-15 12:13:09:139] [INFO]: GET /api/user-stories?productId=69f411d7-819a-4809-8f68-96f88b7cd1cc 304 - - 18.580 ms
[2026-06-15 12:13:10:1310] [INFO]: GET /api/users 304 - - 3.781 ms
[2026-06-15 12:13:10:1310] [INFO]: GET /api/features?productId=69f411d7-819a-4809-8f68-96f88b7cd1cc 304 - - 7.881 ms
[2026-06-15 12:13:10:1310] [INFO]: GET /api/users 304 - - 5.045 ms
[2026-06-15 12:13:10:1310] [INFO]: GET /api/features?productId=69f411d7-819a-4809-8f68-96f88b7cd1cc 304 - - 26.453 ms
[2026-06-15 12:13:11:1311] [INFO]: OPTIONS /api/products/69f411d7-819a-4809-8f68-96f88b7cd1cc/status 204 0 - 0.110 ms
[2026-06-15 12:13:11:1311] [INFO]: OPTIONS /api/products/69f411d7-819a-4809-8f68-96f88b7cd1cc/status 204 0 - 0.122 ms
[2026-06-15 12:13:11:1311] [INFO]: GET /api/users 304 - - 4.414 ms
[2026-06-15 12:13:11:1311] [INFO]: GET /api/users 304 - - 5.617 ms
[2026-06-15 12:13:11:1311] [INFO]: GET /api/products/69f411d7-819a-4809-8f68-96f88b7cd1cc/status 304 - - 15.257 ms
[2026-06-15 12:13:11:1311] [INFO]: GET /api/products/69f411d7-819a-4809-8f68-96f88b7cd1cc/status 304 - - 12.169 ms
[2026-06-15 12:14:40:1440] [INFO]: OPTIONS /api/products 204 0 - 0.071 ms
[2026-06-15 12:14:40:1440] [INFO]: GET /api/products 304 - - 7.209 ms
[2026-06-15 12:14:40:1440] [INFO]: OPTIONS /api/products/69f411d7-819a-4809-8f68-96f88b7cd1cc/status 204 0 - 0.061 ms
[2026-06-15 12:14:40:1440] [INFO]: OPTIONS /api/users 204 0 - 0.084 ms
[2026-06-15 12:14:40:1440] [INFO]: OPTIONS /api/users 204 0 - 0.089 ms
[2026-06-15 12:14:40:1440] [INFO]: GET /api/users 304 - - 5.263 ms
[2026-06-15 12:14:40:1440] [INFO]: GET /api/products/69f411d7-819a-4809-8f68-96f88b7cd1cc/status 304 - - 10.233 ms
[2026-06-15 12:14:40:1440] [INFO]: GET /api/users 304 - - 6.337 ms
[2026-06-15 12:14:40:1440] [INFO]: GET /api/products/69f411d7-819a-4809-8f68-96f88b7cd1cc/status 304 - - 11.339 ms
[2026-06-15 12:18:19:1819] [INFO]: OPTIONS /api/requirements-mapping?projectId=69f411d7-819a-4809-8f68-96f88b7cd1cc 204 0 - 0.107 ms
[2026-06-15 12:18:19:1819] [INFO]: OPTIONS /api/user-stories?productId=69f411d7-819a-4809-8f68-96f88b7cd1cc 204 0 - 0.080 ms
[2026-06-15 12:18:19:1819] [INFO]: OPTIONS /api/functional-requirements?productId=69f411d7-819a-4809-8f68-96f88b7cd1cc 204 0 - 0.079 ms
[2026-06-15 12:18:19:1819] [INFO]: OPTIONS /api/requirements-mapping?projectId=69f411d7-819a-4809-8f68-96f88b7cd1cc 204 0 - 0.078 ms
[2026-06-15 12:18:19:1819] [INFO]: OPTIONS /api/user-stories?productId=69f411d7-819a-4809-8f68-96f88b7cd1cc 204 0 - 0.086 ms
[2026-06-15 12:18:19:1819] [INFO]: GET /api/functional-requirements?productId=69f411d7-819a-4809-8f68-96f88b7cd1cc 304 - - 13.231 ms
[2026-06-15 12:18:19:1819] [INFO]: GET /api/user-stories?productId=69f411d7-819a-4809-8f68-96f88b7cd1cc 304 - - 29.186 ms
[2026-06-15 12:18:19:1819] [INFO]: GET /api/requirements-mapping?projectId=69f411d7-819a-4809-8f68-96f88b7cd1cc 304 - - 38.649 ms
[2026-06-15 12:18:19:1819] [INFO]: GET /api/functional-requirements?productId=69f411d7-819a-4809-8f68-96f88b7cd1cc 304 - - 16.970 ms
[2026-06-15 12:18:19:1819] [INFO]: GET /api/user-stories?productId=69f411d7-819a-4809-8f68-96f88b7cd1cc 304 - - 26.522 ms
[2026-06-15 12:18:19:1819] [INFO]: GET /api/requirements-mapping?projectId=69f411d7-819a-4809-8f68-96f88b7cd1cc 304 - - 29.352 ms
[2026-06-15 12:19:09:199] [INFO]: OPTIONS /api/features?productId=69f411d7-819a-4809-8f68-96f88b7cd1cc 204 0 - 0.108 ms
[2026-06-15 12:19:09:199] [INFO]: OPTIONS /api/users 204 0 - 0.085 ms
[2026-06-15 12:19:09:199] [INFO]: OPTIONS /api/features?productId=69f411d7-819a-4809-8f68-96f88b7cd1cc 204 0 - 0.078 ms
[2026-06-15 12:19:09:199] [INFO]: OPTIONS /api/users 204 0 - 0.077 ms
[2026-06-15 12:19:09:199] [INFO]: GET /api/users 304 - - 4.434 ms
[2026-06-15 12:19:09:199] [INFO]: GET /api/features?productId=69f411d7-819a-4809-8f68-96f88b7cd1cc 304 - - 9.130 ms
[2026-06-15 12:19:09:199] [INFO]: GET /api/users 304 - - 5.954 ms
[2026-06-15 12:19:09:199] [INFO]: GET /api/features?productId=69f411d7-819a-4809-8f68-96f88b7cd1cc 304 - - 15.158 ms
[2026-06-15 12:19:18:1918] [INFO]: OPTIONS /api/products/69f411d7-819a-4809-8f68-96f88b7cd1cc/status 204 0 - 0.107 ms
[2026-06-15 12:19:18:1918] [INFO]: OPTIONS /api/users 204 0 - 0.092 ms
[2026-06-15 12:19:18:1918] [INFO]: OPTIONS /api/products/69f411d7-819a-4809-8f68-96f88b7cd1cc/status 204 0 - 0.144 ms
[2026-06-15 12:19:18:1918] [INFO]: OPTIONS /api/users 204 0 - 0.073 ms
[2026-06-15 12:19:18:1918] [INFO]: GET /api/users 304 - - 3.823 ms
[2026-06-15 12:19:18:1918] [INFO]: GET /api/products/69f411d7-819a-4809-8f68-96f88b7cd1cc/status 304 - - 11.646 ms
[2026-06-15 12:19:18:1918] [INFO]: GET /api/users 304 - - 5.713 ms
[2026-06-15 12:19:18:1918] [INFO]: GET /api/products/69f411d7-819a-4809-8f68-96f88b7cd1cc/status 304 - - 17.245 ms
[2026-06-15 12:19:28:1928] [INFO]: OPTIONS /api/features?productId=69f411d7-819a-4809-8f68-96f88b7cd1cc 204 0 - 0.103 ms
[2026-06-15 12:19:28:1928] [INFO]: OPTIONS /api/users 204 0 - 0.086 ms
[2026-06-15 12:19:28:1928] [INFO]: OPTIONS /api/features?productId=69f411d7-819a-4809-8f68-96f88b7cd1cc 204 0 - 0.084 ms
[2026-06-15 12:19:28:1928] [INFO]: OPTIONS /api/users 204 0 - 0.103 ms
[2026-06-15 12:19:28:1928] [INFO]: GET /api/users 304 - - 5.952 ms
[2026-06-15 12:19:28:1928] [INFO]: GET /api/features?productId=69f411d7-819a-4809-8f68-96f88b7cd1cc 304 - - 10.756 ms
[2026-06-15 12:19:28:1928] [INFO]: GET /api/users 304 - - 5.869 ms
[2026-06-15 12:19:28:1928] [INFO]: GET /api/features?productId=69f411d7-819a-4809-8f68-96f88b7cd1cc 304 - - 8.234 ms
[2026-06-15 12:29:16:2916] [INFO]: OPTIONS /api/products/69f411d7-819a-4809-8f68-96f88b7cd1cc/status 204 0 - 0.174 ms
[2026-06-15 12:29:16:2916] [INFO]: OPTIONS /api/users 204 0 - 0.137 ms
[2026-06-15 12:29:16:2916] [INFO]: OPTIONS /api/products/69f411d7-819a-4809-8f68-96f88b7cd1cc/status 204 0 - 0.105 ms
[2026-06-15 12:29:16:2916] [INFO]: OPTIONS /api/users 204 0 - 0.495 ms
[2026-06-15 12:29:16:2916] [INFO]: GET /api/users 304 - - 24.599 ms
[2026-06-15 12:29:16:2916] [INFO]: GET /api/products/69f411d7-819a-4809-8f68-96f88b7cd1cc/status 304 - - 46.183 ms
[2026-06-15 12:29:16:2916] [INFO]: GET /api/users 304 - - 17.760 ms
[2026-06-15 12:29:16:2916] [INFO]: GET /api/products/69f411d7-819a-4809-8f68-96f88b7cd1cc/status 304 - - 22.253 ms
[2026-06-15 12:50:12:5012] [INFO]: [SOCKET] User disconnected: Krishna Shelar (8e2089f4-e03a-4dc3-8eb0-4ed4771a785e) - Socket: 4yBix3LRqyP3dXCiAAAB
[2026-06-15 12:50:12:5012] [INFO]: [SOCKET] User disconnected: Krishna Shelar (8e2089f4-e03a-4dc3-8eb0-4ed4771a785e) - Socket: veYkKq5ZRfJSUiRVAAAD
[2026-06-15 12:53:29:5329] [INFO]: [SOCKET] User connected: Krishna Shelar (8e2089f4-e03a-4dc3-8eb0-4ed4771a785e) - Socket: nSsUcKZvwTsmw9M6AAAG
[2026-06-15 12:53:29:5329] [INFO]: [SOCKET] User connected: Krishna Shelar (8e2089f4-e03a-4dc3-8eb0-4ed4771a785e) - Socket: _4pvLVQWikFxTicpAAAH
[2026-06-15 12:54:59:5459] [INFO]: [SOCKET] User disconnected: Krishna Shelar (8e2089f4-e03a-4dc3-8eb0-4ed4771a785e) - Socket: nSsUcKZvwTsmw9M6AAAG
[2026-06-15 12:54:59:5459] [INFO]: [SOCKET] User disconnected: Krishna Shelar (8e2089f4-e03a-4dc3-8eb0-4ed4771a785e) - Socket: _4pvLVQWikFxTicpAAAH
[2026-06-15 12:55:00:550] [INFO]: OPTIONS /api/products 204 0 - 0.422 ms
[2026-06-15 12:55:00:550] [INFO]: [SOCKET] User connected: Krishna Shelar (8e2089f4-e03a-4dc3-8eb0-4ed4771a785e) - Socket: utQb5ZUtq6oMMsLoAAAK
[2026-06-15 12:55:00:550] [INFO]: GET /api/products 304 - - 22.308 ms
[2026-06-15 12:55:00:550] [INFO]: GET /api/products 304 - - 6.219 ms
[2026-06-15 12:55:00:550] [INFO]: [SOCKET] User connected: Krishna Shelar (8e2089f4-e03a-4dc3-8eb0-4ed4771a785e) - Socket: kQ6_9nzGIJLab7jJAAAL
[2026-06-15 12:55:00:550] [INFO]: OPTIONS /api/products/69f411d7-819a-4809-8f68-96f88b7cd1cc/status 204 0 - 0.219 ms
[2026-06-15 12:55:00:550] [INFO]: OPTIONS /api/users 204 0 - 0.174 ms
[2026-06-15 12:55:00:550] [INFO]: OPTIONS /api/users 204 0 - 0.176 ms
[2026-06-15 12:55:00:550] [INFO]: GET /api/users 304 - - 15.976 ms
[2026-06-15 12:55:00:550] [INFO]: GET /api/products/69f411d7-819a-4809-8f68-96f88b7cd1cc/status 304 - - 28.957 ms
[2026-06-15 12:55:00:550] [INFO]: GET /api/users 304 - - 21.557 ms
[2026-06-15 12:55:00:550] [INFO]: GET /api/products/69f411d7-819a-4809-8f68-96f88b7cd1cc/status 304 - - 24.738 ms
[2026-06-15 12:55:00:550] [INFO]: GET /api/products/69f411d7-819a-4809-8f68-96f88b7cd1cc/status 304 - - 16.905 ms
[2026-06-15 12:57:29:5729] [INFO]: OPTIONS /api/features?productId=69f411d7-819a-4809-8f68-96f88b7cd1cc 204 0 - 0.099 ms
[2026-06-15 12:57:29:5729] [INFO]: OPTIONS /api/users 204 0 - 0.084 ms
[2026-06-15 12:57:29:5729] [INFO]: OPTIONS /api/features?productId=69f411d7-819a-4809-8f68-96f88b7cd1cc 204 0 - 0.150 ms
[2026-06-15 12:57:29:5729] [INFO]: OPTIONS /api/users 204 0 - 0.079 ms
[2026-06-15 12:57:29:5729] [INFO]: GET /api/users 304 - - 17.116 ms
[2026-06-15 12:57:29:5729] [INFO]: GET /api/users 304 - - 3.150 ms
[2026-06-15 12:57:29:5729] [INFO]: GET /api/features?productId=69f411d7-819a-4809-8f68-96f88b7cd1cc 304 - - 30.849 ms
[2026-06-15 12:57:29:5729] [INFO]: GET /api/features?productId=69f411d7-819a-4809-8f68-96f88b7cd1cc 304 - - 12.820 ms
[2026-06-15 12:57:33:5733] [INFO]: OPTIONS /api/products/69f411d7-819a-4809-8f68-96f88b7cd1cc/status 204 0 - 0.117 ms
[2026-06-15 12:57:33:5733] [INFO]: OPTIONS /api/products/69f411d7-819a-4809-8f68-96f88b7cd1cc/status 204 0 - 0.074 ms
[2026-06-15 12:57:33:5733] [INFO]: GET /api/users 304 - - 5.703 ms
[2026-06-15 12:57:33:5733] [INFO]: GET /api/products/69f411d7-819a-4809-8f68-96f88b7cd1cc/status 304 - - 14.356 ms
[2026-06-15 12:57:33:5733] [INFO]: GET /api/users 304 - - 21.189 ms
[2026-06-15 12:57:33:5733] [INFO]: GET /api/products/69f411d7-819a-4809-8f68-96f88b7cd1cc/status 304 - - 21.979 ms
[2026-06-15 12:57:36:5736] [INFO]: GET /api/products/69f411d7-819a-4809-8f68-96f88b7cd1cc/status 304 - - 10.113 ms
[2026-06-15 14:09:14:914] [INFO]: OPTIONS /api/requirements-mapping?projectId=69f411d7-819a-4809-8f68-96f88b7cd1cc 204 0 - 0.103 ms
[2026-06-15 14:09:14:914] [INFO]: OPTIONS /api/user-stories?productId=69f411d7-819a-4809-8f68-96f88b7cd1cc 204 0 - 0.091 ms
[2026-06-15 14:09:14:914] [INFO]: OPTIONS /api/functional-requirements?productId=69f411d7-819a-4809-8f68-96f88b7cd1cc 204 0 - 0.082 ms
[2026-06-15 14:09:14:914] [INFO]: OPTIONS /api/requirements-mapping?projectId=69f411d7-819a-4809-8f68-96f88b7cd1cc 204 0 - 0.081 ms
[2026-06-15 14:09:14:914] [INFO]: OPTIONS /api/functional-requirements?productId=69f411d7-819a-4809-8f68-96f88b7cd1cc 204 0 - 3.096 ms
[2026-06-15 14:09:14:914] [INFO]: OPTIONS /api/user-stories?productId=69f411d7-819a-4809-8f68-96f88b7cd1cc 204 0 - 0.081 ms
[2026-06-15 14:09:14:914] [INFO]: GET /api/functional-requirements?productId=69f411d7-819a-4809-8f68-96f88b7cd1cc 304 - - 20.188 ms
[2026-06-15 14:09:14:914] [INFO]: GET /api/functional-requirements?productId=69f411d7-819a-4809-8f68-96f88b7cd1cc 304 - - 9.999 ms
[2026-06-15 14:09:14:914] [INFO]: GET /api/user-stories?productId=69f411d7-819a-4809-8f68-96f88b7cd1cc 304 - - 40.839 ms
[2026-06-15 14:09:14:914] [INFO]: GET /api/requirements-mapping?projectId=69f411d7-819a-4809-8f68-96f88b7cd1cc 304 - - 53.511 ms
[2026-06-15 14:09:14:914] [INFO]: GET /api/user-stories?productId=69f411d7-819a-4809-8f68-96f88b7cd1cc 304 - - 37.724 ms
[2026-06-15 14:09:14:914] [INFO]: GET /api/requirements-mapping?projectId=69f411d7-819a-4809-8f68-96f88b7cd1cc 304 - - 35.457 ms
[2026-06-15 14:10:15:1015] [INFO]: OPTIONS /api/requirements-mapping?projectId=69f411d7-819a-4809-8f68-96f88b7cd1cc&status=Mapped 204 0 - 0.112 ms
[2026-06-15 14:10:15:1015] [INFO]: OPTIONS /api/user-stories?productId=69f411d7-819a-4809-8f68-96f88b7cd1cc 204 0 - 0.085 ms
[2026-06-15 14:10:15:1015] [INFO]: OPTIONS /api/functional-requirements?productId=69f411d7-819a-4809-8f68-96f88b7cd1cc 204 0 - 0.073 ms
[2026-06-15 14:10:15:1015] [INFO]: GET /api/functional-requirements?productId=69f411d7-819a-4809-8f68-96f88b7cd1cc 304 - - 4.776 ms
[2026-06-15 14:10:15:1015] [INFO]: GET /api/requirements-mapping?projectId=69f411d7-819a-4809-8f68-96f88b7cd1cc&status=Mapped 304 - - 11.815 ms
[2026-06-15 14:10:15:1015] [INFO]: GET /api/user-stories?productId=69f411d7-819a-4809-8f68-96f88b7cd1cc 304 - - 12.846 ms
[2026-06-15 14:10:16:1016] [INFO]: OPTIONS /api/requirements-mapping?projectId=69f411d7-819a-4809-8f68-96f88b7cd1cc&status=Pending 204 0 - 0.098 ms
[2026-06-15 14:10:16:1016] [INFO]: GET /api/functional-requirements?productId=69f411d7-819a-4809-8f68-96f88b7cd1cc 304 - - 4.593 ms
[2026-06-15 14:10:16:1016] [INFO]: GET /api/user-stories?productId=69f411d7-819a-4809-8f68-96f88b7cd1cc 304 - - 10.653 ms
[2026-06-15 14:10:16:1016] [INFO]: GET /api/requirements-mapping?projectId=69f411d7-819a-4809-8f68-96f88b7cd1cc&status=Pending 304 - - 9.297 ms
[2026-06-15 14:10:19:1019] [INFO]: OPTIONS /api/requirements-mapping?projectId=69f411d7-819a-4809-8f68-96f88b7cd1cc 204 0 - 0.229 ms
[2026-06-15 14:10:19:1019] [INFO]: GET /api/functional-requirements?productId=69f411d7-819a-4809-8f68-96f88b7cd1cc 304 - - 11.386 ms
[2026-06-15 14:10:19:1019] [INFO]: GET /api/user-stories?productId=69f411d7-819a-4809-8f68-96f88b7cd1cc 304 - - 15.848 ms
[2026-06-15 14:10:19:1019] [INFO]: GET /api/requirements-mapping?projectId=69f411d7-819a-4809-8f68-96f88b7cd1cc 304 - - 17.078 ms
[2026-06-15 14:10:24:1024] [INFO]: OPTIONS /api/products/69f411d7-819a-4809-8f68-96f88b7cd1cc/status 204 0 - 0.119 ms
[2026-06-15 14:10:24:1024] [INFO]: OPTIONS /api/users 204 0 - 0.069 ms
[2026-06-15 14:10:24:1024] [INFO]: OPTIONS /api/products/69f411d7-819a-4809-8f68-96f88b7cd1cc/status 204 0 - 0.125 ms
[2026-06-15 14:10:24:1024] [INFO]: OPTIONS /api/users 204 0 - 0.070 ms
[2026-06-15 14:10:24:1024] [INFO]: GET /api/users 304 - - 13.851 ms
[2026-06-15 14:10:24:1024] [INFO]: GET /api/products/69f411d7-819a-4809-8f68-96f88b7cd1cc/status 304 - - 27.890 ms
[2026-06-15 14:10:24:1024] [INFO]: GET /api/users 304 - - 8.464 ms
[2026-06-15 14:10:24:1024] [INFO]: GET /api/products/69f411d7-819a-4809-8f68-96f88b7cd1cc/status 304 - - 28.113 ms
[2026-06-15 14:13:05:135] [INFO]: OPTIONS /api/features?productId=69f411d7-819a-4809-8f68-96f88b7cd1cc 204 0 - 0.102 ms
[2026-06-15 14:13:05:135] [INFO]: OPTIONS /api/users 204 0 - 0.063 ms
[2026-06-15 14:13:05:135] [INFO]: OPTIONS /api/features?productId=69f411d7-819a-4809-8f68-96f88b7cd1cc 204 0 - 0.063 ms
[2026-06-15 14:13:05:135] [INFO]: OPTIONS /api/users 204 0 - 0.065 ms
[2026-06-15 14:13:05:135] [INFO]: GET /api/users 304 - - 8.141 ms
[2026-06-15 14:13:05:135] [INFO]: GET /api/features?productId=69f411d7-819a-4809-8f68-96f88b7cd1cc 304 - - 15.358 ms
[2026-06-15 14:13:05:135] [INFO]: GET /api/users 304 - - 21.518 ms
[2026-06-15 14:13:05:135] [INFO]: GET /api/features?productId=69f411d7-819a-4809-8f68-96f88b7cd1cc 304 - - 19.484 ms
[2026-06-15 14:13:09:139] [INFO]: OPTIONS /api/user-stories?productId=69f411d7-819a-4809-8f68-96f88b7cd1cc 204 0 - 0.110 ms
[2026-06-15 14:13:09:139] [INFO]: OPTIONS /api/user-stories?productId=69f411d7-819a-4809-8f68-96f88b7cd1cc 204 0 - 0.059 ms
[2026-06-15 14:13:09:139] [INFO]: GET /api/users 304 - - 2.956 ms
[2026-06-15 14:13:09:139] [INFO]: GET /api/features?productId=69f411d7-819a-4809-8f68-96f88b7cd1cc 304 - - 8.542 ms
[2026-06-15 14:13:09:139] [INFO]: GET /api/user-stories?productId=69f411d7-819a-4809-8f68-96f88b7cd1cc 304 - - 9.408 ms
[2026-06-15 14:13:09:139] [INFO]: GET /api/users 304 - - 6.439 ms
[2026-06-15 14:13:09:139] [INFO]: GET /api/features?productId=69f411d7-819a-4809-8f68-96f88b7cd1cc 304 - - 10.721 ms
[2026-06-15 14:13:09:139] [INFO]: GET /api/user-stories?productId=69f411d7-819a-4809-8f68-96f88b7cd1cc 304 - - 10.152 ms
[2026-06-15 14:13:12:1312] [INFO]: OPTIONS /api/requirements-mapping?projectId=69f411d7-819a-4809-8f68-96f88b7cd1cc 204 0 - 0.078 ms
[2026-06-15 14:13:12:1312] [INFO]: OPTIONS /api/functional-requirements?productId=69f411d7-819a-4809-8f68-96f88b7cd1cc 204 0 - 0.052 ms
[2026-06-15 14:13:12:1312] [INFO]: OPTIONS /api/requirements-mapping?projectId=69f411d7-819a-4809-8f68-96f88b7cd1cc 204 0 - 0.059 ms
[2026-06-15 14:13:12:1312] [INFO]: OPTIONS /api/functional-requirements?productId=69f411d7-819a-4809-8f68-96f88b7cd1cc 204 0 - 0.085 ms
[2026-06-15 14:13:12:1312] [INFO]: GET /api/functional-requirements?productId=69f411d7-819a-4809-8f68-96f88b7cd1cc 304 - - 4.799 ms
[2026-06-15 14:13:12:1312] [INFO]: GET /api/functional-requirements?productId=69f411d7-819a-4809-8f68-96f88b7cd1cc 304 - - 4.848 ms
[2026-06-15 14:13:12:1312] [INFO]: GET /api/requirements-mapping?projectId=69f411d7-819a-4809-8f68-96f88b7cd1cc 304 - - 20.598 ms
[2026-06-15 14:13:12:1312] [INFO]: GET /api/user-stories?productId=69f411d7-819a-4809-8f68-96f88b7cd1cc 304 - - 30.962 ms
[2026-06-15 14:13:12:1312] [INFO]: GET /api/user-stories?productId=69f411d7-819a-4809-8f68-96f88b7cd1cc 304 - - 24.957 ms
[2026-06-15 14:13:12:1312] [INFO]: GET /api/requirements-mapping?projectId=69f411d7-819a-4809-8f68-96f88b7cd1cc 304 - - 35.159 ms
[2026-06-15 14:13:15:1315] [INFO]: OPTIONS /api/products/69f411d7-819a-4809-8f68-96f88b7cd1cc/status 204 0 - 0.109 ms
[2026-06-15 14:13:15:1315] [INFO]: OPTIONS /api/users 204 0 - 0.066 ms
[2026-06-15 14:13:15:1315] [INFO]: OPTIONS /api/products/69f411d7-819a-4809-8f68-96f88b7cd1cc/status 204 0 - 0.056 ms
[2026-06-15 14:13:15:1315] [INFO]: OPTIONS /api/users 204 0 - 0.055 ms
[2026-06-15 14:13:15:1315] [INFO]: GET /api/users 304 - - 11.121 ms
[2026-06-15 14:13:15:1315] [INFO]: GET /api/products/69f411d7-819a-4809-8f68-96f88b7cd1cc/status 304 - - 14.176 ms
[2026-06-15 14:13:15:1315] [INFO]: GET /api/users 304 - - 4.278 ms
[2026-06-15 14:13:15:1315] [INFO]: GET /api/products/69f411d7-819a-4809-8f68-96f88b7cd1cc/status 304 - - 14.654 ms
[2026-06-15 14:13:36:1336] [INFO]: OPTIONS /api/products 204 0 - 0.107 ms
[2026-06-15 14:13:37:1337] [INFO]: POST /api/products 201 153 - 135.838 ms
[2026-06-15 14:13:37:1337] [INFO]: OPTIONS /api/products/080555b6-cc1e-4b6a-8b82-577855957eed/status 204 0 - 0.165 ms
[2026-06-15 14:13:37:1337] [INFO]: GET /api/products/080555b6-cc1e-4b6a-8b82-577855957eed/status 200 2 - 18.707 ms
[2026-06-15 14:14:49:1449] [INFO]: ==================================================
[2026-06-15 14:14:49:1449] [INFO]: 🚀 TKS API Server with Socket.IO is running on port: 5000
[2026-06-15 14:14:49:1449] [INFO]: 🔐 Bypass MS Auth status: true
[2026-06-15 14:14:49:1449] [INFO]: ==================================================
[2026-06-15 14:14:50:1450] [INFO]: [SOCKET] User connected: Krishna Shelar (8e2089f4-e03a-4dc3-8eb0-4ed4771a785e) - Socket: 0snx3U21IP6sykZxAAAB
[2026-06-15 14:14:51:1451] [INFO]: [SOCKET] User connected: Krishna Shelar (8e2089f4-e03a-4dc3-8eb0-4ed4771a785e) - Socket: CKrur8iAxgLQuyvqAAAD
[2026-06-15 14:16:12:1612] [INFO]: OPTIONS /api/products/080555b6-cc1e-4b6a-8b82-577855957eed 204 0 - 1.290 ms
[2026-06-15 14:16:12:1612] [INFO]: DELETE /api/products/080555b6-cc1e-4b6a-8b82-577855957eed 200 43 - 72.263 ms
[2026-06-15 14:16:12:1612] [INFO]: OPTIONS /api/products/69f411d7-819a-4809-8f68-96f88b7cd1cc/status 204 0 - 0.403 ms
[2026-06-15 14:16:12:1612] [INFO]: GET /api/products/69f411d7-819a-4809-8f68-96f88b7cd1cc/status 304 - - 22.943 ms
[2026-06-15 14:20:59:2059] [INFO]: OPTIONS /api/products 204 0 - 0.243 ms
[2026-06-15 14:20:59:2059] [INFO]: POST /api/products 201 154 - 46.690 ms
[2026-06-15 14:20:59:2059] [INFO]: OPTIONS /api/products/1b23d601-3afc-4811-acf6-99b835a9223f/status 204 0 - 0.242 ms
[2026-06-15 14:20:59:2059] [INFO]: GET /api/products/1b23d601-3afc-4811-acf6-99b835a9223f/status 200 2 - 76.337 ms
[2026-06-15 14:21:06:216] [INFO]: OPTIONS /api/products/1b23d601-3afc-4811-acf6-99b835a9223f 204 0 - 0.223 ms
[2026-06-15 14:21:06:216] [INFO]: DELETE /api/products/1b23d601-3afc-4811-acf6-99b835a9223f 200 43 - 19.666 ms
[2026-06-15 14:21:06:216] [INFO]: OPTIONS /api/products/69f411d7-819a-4809-8f68-96f88b7cd1cc/status 204 0 - 0.163 ms
[2026-06-15 14:21:06:216] [INFO]: GET /api/products/69f411d7-819a-4809-8f68-96f88b7cd1cc/status 304 - - 9.921 ms
[2026-06-15 14:27:05:275] [INFO]: [SOCKET] User disconnected: Krishna Shelar (8e2089f4-e03a-4dc3-8eb0-4ed4771a785e) - Socket: 0snx3U21IP6sykZxAAAB
[2026-06-15 14:27:05:275] [INFO]: [SOCKET] User disconnected: Krishna Shelar (8e2089f4-e03a-4dc3-8eb0-4ed4771a785e) - Socket: CKrur8iAxgLQuyvqAAAD
[2026-06-15 14:27:06:276] [INFO]: OPTIONS /api/products 204 0 - 0.241 ms
[2026-06-15 14:27:06:276] [INFO]: OPTIONS /api/products 204 0 - 0.208 ms
[2026-06-15 14:27:06:276] [INFO]: [SOCKET] User connected: Krishna Shelar (8e2089f4-e03a-4dc3-8eb0-4ed4771a785e) - Socket: QkEd8ZVj-4o8g4hXAAAG
[2026-06-15 14:27:06:276] [INFO]: [SOCKET] User connected: Krishna Shelar (8e2089f4-e03a-4dc3-8eb0-4ed4771a785e) - Socket: D29wFI8jnsGMtqRhAAAH
[2026-06-15 14:27:06:276] [INFO]: GET /api/products 200 1492 - 24.594 ms
[2026-06-15 14:27:06:276] [INFO]: GET /api/products 304 - - 7.758 ms
[2026-06-15 14:27:06:276] [INFO]: OPTIONS /api/products/69f411d7-819a-4809-8f68-96f88b7cd1cc/status 204 0 - 0.210 ms
[2026-06-15 14:27:06:276] [INFO]: OPTIONS /api/users 204 0 - 0.193 ms
[2026-06-15 14:27:06:276] [INFO]: OPTIONS /api/products/69f411d7-819a-4809-8f68-96f88b7cd1cc/status 204 0 - 4.352 ms
[2026-06-15 14:27:06:276] [INFO]: OPTIONS /api/users 204 0 - 0.271 ms
[2026-06-15 14:27:06:276] [INFO]: GET /api/products/69f411d7-819a-4809-8f68-96f88b7cd1cc/status 304 - - 30.125 ms
[2026-06-15 14:27:06:276] [INFO]: GET /api/users 304 - - 24.201 ms
[2026-06-15 14:27:06:276] [INFO]: GET /api/users 304 - - 6.270 ms
[2026-06-15 14:27:06:276] [INFO]: GET /api/products/69f411d7-819a-4809-8f68-96f88b7cd1cc/status 304 - - 20.543 ms
[2026-06-15 14:27:06:276] [INFO]: GET /api/products/69f411d7-819a-4809-8f68-96f88b7cd1cc/status 304 - - 8.446 ms
[2026-06-15 14:27:10:2710] [INFO]: [SOCKET] User disconnected: Krishna Shelar (8e2089f4-e03a-4dc3-8eb0-4ed4771a785e) - Socket: QkEd8ZVj-4o8g4hXAAAG
[2026-06-15 14:27:10:2710] [INFO]: [SOCKET] User disconnected: Krishna Shelar (8e2089f4-e03a-4dc3-8eb0-4ed4771a785e) - Socket: D29wFI8jnsGMtqRhAAAH
[2026-06-15 14:31:53:3153] [INFO]: OPTIONS /api/auth/microsoft 204 0 - 0.173 ms
[2026-06-15 14:31:53:3153] [INFO]: POST /api/auth/microsoft 200 44345 - 21.114 ms
[2026-06-15 14:31:53:3153] [INFO]: OPTIONS /api/products 204 0 - 0.232 ms
[2026-06-15 14:31:53:3153] [INFO]: OPTIONS /api/products 204 0 - 0.230 ms
[2026-06-15 14:31:53:3153] [INFO]: GET /api/products 304 - - 80.756 ms
[2026-06-15 14:31:53:3153] [INFO]: [SOCKET] User connected: Krishna Shelar (8e2089f4-e03a-4dc3-8eb0-4ed4771a785e) - Socket: zNf4uGZPXT0xYrbUAAAK
[2026-06-15 14:31:53:3153] [INFO]: [SOCKET] User connected: Krishna Shelar (8e2089f4-e03a-4dc3-8eb0-4ed4771a785e) - Socket: h4ebUUFI1eZDiexnAAAL
[2026-06-15 14:31:53:3153] [INFO]: GET /api/products 304 - - 43.425 ms
[2026-06-15 14:31:53:3153] [INFO]: OPTIONS /api/products/69f411d7-819a-4809-8f68-96f88b7cd1cc/status 204 0 - 0.184 ms
[2026-06-15 14:31:53:3153] [INFO]: OPTIONS /api/users 204 0 - 0.159 ms
[2026-06-15 14:31:53:3153] [INFO]: GET /api/users 304 - - 23.593 ms
[2026-06-15 14:31:53:3153] [INFO]: GET /api/products/69f411d7-819a-4809-8f68-96f88b7cd1cc/status 304 - - 42.714 ms
[2026-06-15 14:31:53:3153] [INFO]: GET /api/users 304 - - 54.184 ms
[2026-06-15 14:31:53:3153] [INFO]: GET /api/products/69f411d7-819a-4809-8f68-96f88b7cd1cc/status 304 - - 60.657 ms
[2026-06-15 14:31:53:3153] [INFO]: GET /api/products/69f411d7-819a-4809-8f68-96f88b7cd1cc/status 304 - - 67.879 ms
[2026-06-15 14:32:44:3244] [INFO]: OPTIONS /api/status/1922af32-7773-4581-bbad-6dc9165944ce 204 0 - 0.257 ms
[2026-06-15 14:32:44:3244] [INFO]: [NOTIFICATION SERVICE] Creating notification for user 8e2089f4-e03a-4dc3-8eb0-4ed4771a785e: "Task Status Changed"
[2026-06-15 14:32:44:3244] [INFO]: [SOCKET] Emitting event "notification" to user room 8e2089f4-e03a-4dc3-8eb0-4ed4771a785e
[2026-06-15 14:32:44:3244] [INFO]: PUT /api/status/1922af32-7773-4581-bbad-6dc9165944ce 200 44365 - 167.318 ms
[2026-06-15 14:32:45:3245] [INFO]: [NOTIFICATION SERVICE] Creating notification for user 8e2089f4-e03a-4dc3-8eb0-4ed4771a785e: "Task Status Changed"
[2026-06-15 14:32:45:3245] [INFO]: [SOCKET] Emitting event "notification" to user room 8e2089f4-e03a-4dc3-8eb0-4ed4771a785e
[2026-06-15 14:32:45:3245] [INFO]: PUT /api/status/1922af32-7773-4581-bbad-6dc9165944ce 200 44358 - 76.178 ms
[2026-06-15 14:32:47:3247] [INFO]: OPTIONS /api/features?productId=69f411d7-819a-4809-8f68-96f88b7cd1cc 204 0 - 0.133 ms
[2026-06-15 14:32:47:3247] [INFO]: OPTIONS /api/users 204 0 - 0.138 ms
[2026-06-15 14:32:47:3247] [INFO]: OPTIONS /api/features?productId=69f411d7-819a-4809-8f68-96f88b7cd1cc 204 0 - 0.120 ms
[2026-06-15 14:32:47:3247] [INFO]: OPTIONS /api/users 204 0 - 0.082 ms
[2026-06-15 14:32:47:3247] [INFO]: GET /api/users 304 - - 8.226 ms
[2026-06-15 14:32:47:3247] [INFO]: GET /api/features?productId=69f411d7-819a-4809-8f68-96f88b7cd1cc 304 - - 21.049 ms
[2026-06-15 14:32:47:3247] [INFO]: GET /api/users 304 - - 25.657 ms
[2026-06-15 14:32:47:3247] [INFO]: GET /api/features?productId=69f411d7-819a-4809-8f68-96f88b7cd1cc 304 - - 28.109 ms
[2026-06-15 14:32:58:3258] [INFO]: OPTIONS /api/features?productId=8b3ec194-05bc-492d-a545-7a212191c5bf 204 0 - 0.202 ms
[2026-06-15 14:32:58:3258] [INFO]: OPTIONS /api/users 204 0 - 0.118 ms
[2026-06-15 14:32:58:3258] [INFO]: GET /api/users 304 - - 5.513 ms
[2026-06-15 14:32:58:3258] [INFO]: GET /api/features?productId=8b3ec194-05bc-492d-a545-7a212191c5bf 200 1683 - 9.036 ms
[2026-06-15 14:33:01:331] [INFO]: OPTIONS /api/features?productId=69f411d7-819a-4809-8f68-96f88b7cd1cc 204 0 - 0.160 ms
[2026-06-15 14:33:01:331] [INFO]: GET /api/users 304 - - 6.980 ms
[2026-06-15 14:33:01:331] [INFO]: GET /api/features?productId=69f411d7-819a-4809-8f68-96f88b7cd1cc 304 - - 10.402 ms
[2026-06-15 14:33:35:3335] [INFO]: OPTIONS /api/user-stories?productId=69f411d7-819a-4809-8f68-96f88b7cd1cc 204 0 - 0.156 ms
[2026-06-15 14:33:35:3335] [INFO]: OPTIONS /api/features?productId=69f411d7-819a-4809-8f68-96f88b7cd1cc 204 0 - 0.128 ms
[2026-06-15 14:33:35:3335] [INFO]: OPTIONS /api/users 204 0 - 0.077 ms
[2026-06-15 14:33:35:3335] [INFO]: OPTIONS /api/user-stories?productId=69f411d7-819a-4809-8f68-96f88b7cd1cc 204 0 - 0.078 ms
[2026-06-15 14:33:35:3335] [INFO]: OPTIONS /api/features?productId=69f411d7-819a-4809-8f68-96f88b7cd1cc 204 0 - 0.077 ms
[2026-06-15 14:33:35:3335] [INFO]: OPTIONS /api/users 204 0 - 0.088 ms
[2026-06-15 14:33:35:3335] [INFO]: GET /api/users 304 - - 5.663 ms
[2026-06-15 14:33:35:3335] [INFO]: GET /api/features?productId=69f411d7-819a-4809-8f68-96f88b7cd1cc 304 - - 15.776 ms
[2026-06-15 14:33:35:3335] [INFO]: GET /api/user-stories?productId=69f411d7-819a-4809-8f68-96f88b7cd1cc 304 - - 34.518 ms
[2026-06-15 14:33:35:3335] [INFO]: GET /api/users 304 - - 13.819 ms
[2026-06-15 14:33:35:3335] [INFO]: GET /api/features?productId=69f411d7-819a-4809-8f68-96f88b7cd1cc 304 - - 33.846 ms
[2026-06-15 14:33:35:3335] [INFO]: GET /api/user-stories?productId=69f411d7-819a-4809-8f68-96f88b7cd1cc 304 - - 42.132 ms
[2026-06-15 14:33:44:3344] [INFO]: OPTIONS /api/user-stories/d34adbbe-deb0-474d-8d50-37dbfd65796e 204 0 - 0.131 ms
[2026-06-15 14:33:44:3344] [INFO]: [NOTIFICATION SERVICE] Creating notification for user 03ea1615-7808-4c49-98a6-fdd7216b9ad2: "CRITICAL: User Story Deleted"
[2026-06-15 14:33:44:3344] [INFO]: [SOCKET] Emitting event "notification" to user room 03ea1615-7808-4c49-98a6-fdd7216b9ad2
[2026-06-15 14:33:44:3344] [INFO]: [NOTIFICATION SERVICE] Creating notification for user 248c2324-dce4-48c3-b76a-f3008493bd82: "CRITICAL: User Story Deleted"
[2026-06-15 14:33:44:3344] [INFO]: [SOCKET] Emitting event "notification" to user room 248c2324-dce4-48c3-b76a-f3008493bd82
[2026-06-15 14:33:44:3344] [INFO]: [NOTIFICATION SERVICE] Creating notification for user 2b0b79e1-eb82-4404-a414-06cfd62a2438: "CRITICAL: User Story Deleted"
[2026-06-15 14:33:44:3344] [INFO]: [SOCKET] Emitting event "notification" to user room 2b0b79e1-eb82-4404-a414-06cfd62a2438
[2026-06-15 14:33:44:3344] [INFO]: [NOTIFICATION SERVICE] Creating notification for user 6965596c-6565-4962-8be0-f4813b979c7d: "CRITICAL: User Story Deleted"
[2026-06-15 14:33:44:3344] [INFO]: [SOCKET] Emitting event "notification" to user room 6965596c-6565-4962-8be0-f4813b979c7d
[2026-06-15 14:33:44:3344] [INFO]: [NOTIFICATION SERVICE] Creating notification for user 6b06ca0f-e46a-4d06-bcb8-b119c036ae3c: "CRITICAL: User Story Deleted"
[2026-06-15 14:33:44:3344] [INFO]: [SOCKET] Emitting event "notification" to user room 6b06ca0f-e46a-4d06-bcb8-b119c036ae3c
[2026-06-15 14:33:44:3344] [INFO]: [NOTIFICATION SERVICE] Creating notification for user cefc09bb-c879-4817-8ad5-0a48bdfe7971: "CRITICAL: User Story Deleted"
[2026-06-15 14:33:44:3344] [INFO]: [SOCKET] Emitting event "notification" to user room cefc09bb-c879-4817-8ad5-0a48bdfe7971
[2026-06-15 14:33:44:3344] [INFO]: [NOTIFICATION SERVICE] Creating notification for user f09d310b-33cc-40e0-a1dc-7c47b3a7b7e3: "CRITICAL: User Story Deleted"
[2026-06-15 14:33:44:3344] [INFO]: [SOCKET] Emitting event "notification" to user room f09d310b-33cc-40e0-a1dc-7c47b3a7b7e3
[2026-06-15 14:33:44:3344] [INFO]: DELETE /api/user-stories/d34adbbe-deb0-474d-8d50-37dbfd65796e 200 46 - 165.133 ms
[2026-06-15 14:33:54:3354] [INFO]: OPTIONS /api/requirements-mapping?projectId=69f411d7-819a-4809-8f68-96f88b7cd1cc 204 0 - 0.230 ms
[2026-06-15 14:33:54:3354] [INFO]: OPTIONS /api/user-stories?productId=69f411d7-819a-4809-8f68-96f88b7cd1cc 204 0 - 0.092 ms
[2026-06-15 14:33:54:3354] [INFO]: OPTIONS /api/functional-requirements?productId=69f411d7-819a-4809-8f68-96f88b7cd1cc 204 0 - 0.082 ms
[2026-06-15 14:33:54:3354] [INFO]: OPTIONS /api/requirements-mapping?projectId=69f411d7-819a-4809-8f68-96f88b7cd1cc 204 0 - 0.101 ms
[2026-06-15 14:33:54:3354] [INFO]: OPTIONS /api/user-stories?productId=69f411d7-819a-4809-8f68-96f88b7cd1cc 204 0 - 0.076 ms
[2026-06-15 14:33:54:3354] [INFO]: OPTIONS /api/functional-requirements?productId=69f411d7-819a-4809-8f68-96f88b7cd1cc 204 0 - 0.078 ms
[2026-06-15 14:33:54:3354] [INFO]: GET /api/functional-requirements?productId=69f411d7-819a-4809-8f68-96f88b7cd1cc 304 - - 8.847 ms
[2026-06-15 14:33:54:3354] [INFO]: GET /api/user-stories?productId=69f411d7-819a-4809-8f68-96f88b7cd1cc 200 49697 - 17.638 ms
[2026-06-15 14:33:54:3354] [INFO]: GET /api/functional-requirements?productId=69f411d7-819a-4809-8f68-96f88b7cd1cc 304 - - 15.884 ms
[2026-06-15 14:33:54:3354] [INFO]: GET /api/requirements-mapping?projectId=69f411d7-819a-4809-8f68-96f88b7cd1cc 200 4572 - 42.141 ms
[2026-06-15 14:33:54:3354] [INFO]: GET /api/user-stories?productId=69f411d7-819a-4809-8f68-96f88b7cd1cc 304 - - 35.717 ms
[2026-06-15 14:33:54:3354] [INFO]: GET /api/requirements-mapping?projectId=69f411d7-819a-4809-8f68-96f88b7cd1cc 304 - - 38.691 ms
[2026-06-15 14:34:03:343] [INFO]: OPTIONS /api/features?productId=69f411d7-819a-4809-8f68-96f88b7cd1cc 204 0 - 0.160 ms
[2026-06-15 14:34:03:343] [INFO]: OPTIONS /api/users 204 0 - 0.100 ms
[2026-06-15 14:34:03:343] [INFO]: OPTIONS /api/features?productId=69f411d7-819a-4809-8f68-96f88b7cd1cc 204 0 - 0.095 ms
[2026-06-15 14:34:03:343] [INFO]: OPTIONS /api/users 204 0 - 0.100 ms
[2026-06-15 14:34:03:343] [INFO]: GET /api/users 304 - - 6.148 ms
[2026-06-15 14:34:03:343] [INFO]: GET /api/features?productId=69f411d7-819a-4809-8f68-96f88b7cd1cc 304 - - 12.249 ms
[2026-06-15 14:34:03:343] [INFO]: GET /api/users 304 - - 12.227 ms
[2026-06-15 14:34:03:343] [INFO]: GET /api/features?productId=69f411d7-819a-4809-8f68-96f88b7cd1cc 304 - - 15.233 ms
[2026-06-15 14:35:05:355] [INFO]: OPTIONS /api/user-stories?productId=69f411d7-819a-4809-8f68-96f88b7cd1cc 204 0 - 0.180 ms
[2026-06-15 14:35:05:355] [INFO]: OPTIONS /api/features?productId=69f411d7-819a-4809-8f68-96f88b7cd1cc 204 0 - 0.134 ms
[2026-06-15 14:35:05:355] [INFO]: OPTIONS /api/users 204 0 - 0.092 ms
[2026-06-15 14:35:05:355] [INFO]: OPTIONS /api/user-stories?productId=69f411d7-819a-4809-8f68-96f88b7cd1cc 204 0 - 0.166 ms
[2026-06-15 14:35:05:355] [INFO]: OPTIONS /api/features?productId=69f411d7-819a-4809-8f68-96f88b7cd1cc 204 0 - 0.085 ms
[2026-06-15 14:35:05:355] [INFO]: GET /api/users 304 - - 9.974 ms
[2026-06-15 14:35:05:355] [INFO]: GET /api/features?productId=69f411d7-819a-4809-8f68-96f88b7cd1cc 304 - - 17.110 ms
[2026-06-15 14:35:05:355] [INFO]: GET /api/users 304 - - 13.249 ms
[2026-06-15 14:35:05:355] [INFO]: GET /api/user-stories?productId=69f411d7-819a-4809-8f68-96f88b7cd1cc 304 - - 30.972 ms
[2026-06-15 14:35:05:355] [INFO]: GET /api/features?productId=69f411d7-819a-4809-8f68-96f88b7cd1cc 304 - - 14.628 ms
[2026-06-15 14:35:05:355] [INFO]: GET /api/user-stories?productId=69f411d7-819a-4809-8f68-96f88b7cd1cc 304 - - 20.083 ms
[2026-06-15 14:36:03:363] [INFO]: OPTIONS /api/products/69f411d7-819a-4809-8f68-96f88b7cd1cc/status 204 0 - 0.142 ms
[2026-06-15 14:36:03:363] [INFO]: OPTIONS /api/users 204 0 - 0.288 ms
[2026-06-15 14:36:03:363] [INFO]: OPTIONS /api/products/69f411d7-819a-4809-8f68-96f88b7cd1cc/status 204 0 - 0.093 ms
[2026-06-15 14:36:03:363] [INFO]: OPTIONS /api/users 204 0 - 0.104 ms
[2026-06-15 14:36:03:363] [INFO]: GET /api/users 304 - - 4.432 ms
[2026-06-15 14:36:03:363] [INFO]: GET /api/users 304 - - 6.760 ms
[2026-06-15 14:36:03:363] [INFO]: GET /api/products/69f411d7-819a-4809-8f68-96f88b7cd1cc/status 200 93187 - 38.596 ms
[2026-06-15 14:36:03:363] [INFO]: GET /api/products/69f411d7-819a-4809-8f68-96f88b7cd1cc/status 304 - - 33.137 ms
[2026-06-15 14:38:02:382] [INFO]: OPTIONS /api/features?productId=69f411d7-819a-4809-8f68-96f88b7cd1cc 204 0 - 0.181 ms
[2026-06-15 14:38:02:382] [INFO]: OPTIONS /api/users 204 0 - 0.129 ms
[2026-06-15 14:38:02:382] [INFO]: OPTIONS /api/features?productId=69f411d7-819a-4809-8f68-96f88b7cd1cc 204 0 - 0.083 ms
[2026-06-15 14:38:02:382] [INFO]: OPTIONS /api/users 204 0 - 0.079 ms
[2026-06-15 14:38:02:382] [INFO]: GET /api/users 304 - - 7.947 ms
[2026-06-15 14:38:02:382] [INFO]: GET /api/features?productId=69f411d7-819a-4809-8f68-96f88b7cd1cc 304 - - 32.368 ms
[2026-06-15 14:38:02:382] [INFO]: GET /api/users 304 - - 27.269 ms
[2026-06-15 14:38:02:382] [INFO]: GET /api/features?productId=69f411d7-819a-4809-8f68-96f88b7cd1cc 304 - - 26.187 ms
[2026-06-15 14:42:41:4241] [INFO]: [SOCKET] User disconnected: Krishna Shelar (8e2089f4-e03a-4dc3-8eb0-4ed4771a785e) - Socket: h4ebUUFI1eZDiexnAAAL
[2026-06-15 14:42:41:4241] [INFO]: [SOCKET] User disconnected: Krishna Shelar (8e2089f4-e03a-4dc3-8eb0-4ed4771a785e) - Socket: zNf4uGZPXT0xYrbUAAAK
[2026-06-15 14:47:53:4753] [INFO]: OPTIONS /api/auth/microsoft 204 0 - 0.127 ms
[2026-06-15 14:47:53:4753] [INFO]: POST /api/auth/microsoft 200 44345 - 49.152 ms
[2026-06-15 14:47:53:4753] [INFO]: OPTIONS /api/products 204 0 - 0.202 ms
[2026-06-15 14:47:53:4753] [INFO]: OPTIONS /api/products 204 0 - 0.251 ms
[2026-06-15 14:47:53:4753] [INFO]: [SOCKET] User connected: Krishna Shelar (8e2089f4-e03a-4dc3-8eb0-4ed4771a785e) - Socket: 6h8596giK1kpd6i_AAAN
[2026-06-15 14:47:53:4753] [INFO]: [SOCKET] User connected: Krishna Shelar (8e2089f4-e03a-4dc3-8eb0-4ed4771a785e) - Socket: ZR2gcE8Za98APxRjAAAP
[2026-06-15 14:47:53:4753] [INFO]: GET /api/products 304 - - 50.328 ms
[2026-06-15 14:47:53:4753] [INFO]: GET /api/products 304 - - 20.241 ms
[2026-06-15 14:47:53:4753] [INFO]: OPTIONS /api/products/69f411d7-819a-4809-8f68-96f88b7cd1cc/status 204 0 - 0.154 ms
[2026-06-15 14:47:53:4753] [INFO]: OPTIONS /api/users 204 0 - 0.088 ms
[2026-06-15 14:47:53:4753] [INFO]: GET /api/users 304 - - 44.083 ms
[2026-06-15 14:47:53:4753] [INFO]: GET /api/products/69f411d7-819a-4809-8f68-96f88b7cd1cc/status 304 - - 75.330 ms
[2026-06-15 14:47:53:4753] [INFO]: GET /api/users 304 - - 35.198 ms
[2026-06-15 14:47:53:4753] [INFO]: GET /api/products/69f411d7-819a-4809-8f68-96f88b7cd1cc/status 304 - - 23.688 ms
[2026-06-15 14:47:53:4753] [INFO]: GET /api/products/69f411d7-819a-4809-8f68-96f88b7cd1cc/status 304 - - 32.948 ms
[2026-06-15 14:48:34:4834] [INFO]: OPTIONS /api/products/c90864ea-b65c-4209-874d-0d4df18f4118/status 204 0 - 0.143 ms
[2026-06-15 14:48:34:4834] [INFO]: GET /api/products/c90864ea-b65c-4209-874d-0d4df18f4118/status 200 45370 - 14.500 ms
[2026-06-15 14:48:39:4839] [INFO]: OPTIONS /api/products/69f411d7-819a-4809-8f68-96f88b7cd1cc/status 204 0 - 0.164 ms
[2026-06-15 14:48:39:4839] [INFO]: GET /api/products/69f411d7-819a-4809-8f68-96f88b7cd1cc/status 304 - - 8.169 ms
[2026-06-15 14:49:19:4919] [INFO]: OPTIONS /api/features?productId=69f411d7-819a-4809-8f68-96f88b7cd1cc 204 0 - 0.104 ms
[2026-06-15 14:49:19:4919] [INFO]: OPTIONS /api/users 204 0 - 0.167 ms
[2026-06-15 14:49:19:4919] [INFO]: OPTIONS /api/features?productId=69f411d7-819a-4809-8f68-96f88b7cd1cc 204 0 - 0.156 ms
[2026-06-15 14:49:19:4919] [INFO]: OPTIONS /api/users 204 0 - 0.070 ms
[2026-06-15 14:49:19:4919] [INFO]: GET /api/features?productId=69f411d7-819a-4809-8f68-96f88b7cd1cc 304 - - 12.338 ms
[2026-06-15 14:49:19:4919] [INFO]: GET /api/users 304 - - 20.472 ms
[2026-06-15 14:49:19:4919] [INFO]: GET /api/features?productId=69f411d7-819a-4809-8f68-96f88b7cd1cc 304 - - 11.197 ms
[2026-06-15 14:49:19:4919] [INFO]: GET /api/users 304 - - 7.021 ms
[2026-06-15 14:49:29:4929] [INFO]: OPTIONS /api/user-stories?productId=69f411d7-819a-4809-8f68-96f88b7cd1cc 204 0 - 0.103 ms
[2026-06-15 14:49:29:4929] [INFO]: OPTIONS /api/features?productId=69f411d7-819a-4809-8f68-96f88b7cd1cc 204 0 - 0.109 ms
[2026-06-15 14:49:29:4929] [INFO]: OPTIONS /api/users 204 0 - 0.071 ms
[2026-06-15 14:49:29:4929] [INFO]: OPTIONS /api/user-stories?productId=69f411d7-819a-4809-8f68-96f88b7cd1cc 204 0 - 0.122 ms
[2026-06-15 14:49:29:4929] [INFO]: OPTIONS /api/features?productId=69f411d7-819a-4809-8f68-96f88b7cd1cc 204 0 - 0.085 ms
[2026-06-15 14:49:29:4929] [INFO]: GET /api/users 304 - - 6.544 ms
[2026-06-15 14:49:29:4929] [INFO]: GET /api/features?productId=69f411d7-819a-4809-8f68-96f88b7cd1cc 304 - - 9.415 ms
[2026-06-15 14:49:29:4929] [INFO]: GET /api/users 304 - - 3.933 ms
[2026-06-15 14:49:29:4929] [INFO]: GET /api/features?productId=69f411d7-819a-4809-8f68-96f88b7cd1cc 304 - - 12.731 ms
[2026-06-15 14:49:29:4929] [INFO]: GET /api/user-stories?productId=69f411d7-819a-4809-8f68-96f88b7cd1cc 304 - - 38.203 ms
[2026-06-15 14:49:29:4929] [INFO]: GET /api/user-stories?productId=69f411d7-819a-4809-8f68-96f88b7cd1cc 304 - - 28.081 ms
[2026-06-15 14:49:35:4935] [INFO]: OPTIONS /api/requirements-mapping?projectId=69f411d7-819a-4809-8f68-96f88b7cd1cc 204 0 - 0.104 ms
[2026-06-15 14:49:35:4935] [INFO]: OPTIONS /api/user-stories?productId=69f411d7-819a-4809-8f68-96f88b7cd1cc 204 0 - 0.074 ms
[2026-06-15 14:49:35:4935] [INFO]: OPTIONS /api/functional-requirements?productId=69f411d7-819a-4809-8f68-96f88b7cd1cc 204 0 - 0.072 ms
[2026-06-15 14:49:35:4935] [INFO]: OPTIONS /api/requirements-mapping?projectId=69f411d7-819a-4809-8f68-96f88b7cd1cc 204 0 - 0.140 ms
[2026-06-15 14:49:35:4935] [INFO]: OPTIONS /api/user-stories?productId=69f411d7-819a-4809-8f68-96f88b7cd1cc 204 0 - 0.093 ms
[2026-06-15 14:49:35:4935] [INFO]: OPTIONS /api/functional-requirements?productId=69f411d7-819a-4809-8f68-96f88b7cd1cc 204 0 - 0.727 ms
[2026-06-15 14:49:35:4935] [INFO]: GET /api/user-stories?productId=69f411d7-819a-4809-8f68-96f88b7cd1cc 304 - - 12.925 ms
[2026-06-15 14:49:35:4935] [INFO]: GET /api/functional-requirements?productId=69f411d7-819a-4809-8f68-96f88b7cd1cc 304 - - 21.918 ms
[2026-06-15 14:49:35:4935] [INFO]: GET /api/user-stories?productId=69f411d7-819a-4809-8f68-96f88b7cd1cc 304 - - 16.646 ms
[2026-06-15 14:49:35:4935] [INFO]: GET /api/requirements-mapping?projectId=69f411d7-819a-4809-8f68-96f88b7cd1cc 304 - - 38.859 ms
[2026-06-15 14:49:35:4935] [INFO]: GET /api/functional-requirements?productId=69f411d7-819a-4809-8f68-96f88b7cd1cc 304 - - 10.482 ms
[2026-06-15 14:49:35:4935] [INFO]: GET /api/requirements-mapping?projectId=69f411d7-819a-4809-8f68-96f88b7cd1cc 304 - - 19.361 ms
[2026-06-15 14:49:39:4939] [INFO]: OPTIONS /api/products/69f411d7-819a-4809-8f68-96f88b7cd1cc/status 204 0 - 0.116 ms
[2026-06-15 14:49:39:4939] [INFO]: OPTIONS /api/users 204 0 - 0.161 ms
[2026-06-15 14:49:39:4939] [INFO]: OPTIONS /api/products/69f411d7-819a-4809-8f68-96f88b7cd1cc/status 204 0 - 0.074 ms
[2026-06-15 14:49:39:4939] [INFO]: OPTIONS /api/users 204 0 - 0.074 ms
[2026-06-15 14:49:39:4939] [INFO]: GET /api/users 304 - - 5.205 ms
[2026-06-15 14:49:39:4939] [INFO]: GET /api/products/69f411d7-819a-4809-8f68-96f88b7cd1cc/status 304 - - 12.067 ms
[2026-06-15 14:49:39:4939] [INFO]: GET /api/users 304 - - 15.886 ms
[2026-06-15 14:49:39:4939] [INFO]: GET /api/products/69f411d7-819a-4809-8f68-96f88b7cd1cc/status 304 - - 19.186 ms
[2026-06-15 14:50:17:5017] [INFO]: [SOCKET] User disconnected: Krishna Shelar (8e2089f4-e03a-4dc3-8eb0-4ed4771a785e) - Socket: ZR2gcE8Za98APxRjAAAP
[2026-06-15 14:50:17:5017] [INFO]: [SOCKET] User disconnected: Krishna Shelar (8e2089f4-e03a-4dc3-8eb0-4ed4771a785e) - Socket: 6h8596giK1kpd6i_AAAN
[2026-06-15 14:50:29:5029] [INFO]: OPTIONS /api/auth/microsoft 204 0 - 0.125 ms
[2026-06-15 14:50:29:5029] [INFO]: POST /api/auth/microsoft 200 44345 - 7.443 ms
[2026-06-15 14:50:29:5029] [INFO]: OPTIONS /api/products 204 0 - 0.171 ms
[2026-06-15 14:50:29:5029] [INFO]: OPTIONS /api/products 204 0 - 0.110 ms
[2026-06-15 14:50:29:5029] [INFO]: GET /api/products 304 - - 7.635 ms
[2026-06-15 14:50:29:5029] [INFO]: [SOCKET] User connected: Krishna Shelar (8e2089f4-e03a-4dc3-8eb0-4ed4771a785e) - Socket: xU3sHFSF-RqyanR0AAAS
[2026-06-15 14:50:29:5029] [INFO]: [SOCKET] User connected: Krishna Shelar (8e2089f4-e03a-4dc3-8eb0-4ed4771a785e) - Socket: aq3nMtXegDkCqIbsAAAT
[2026-06-15 14:50:29:5029] [INFO]: GET /api/products 304 - - 19.127 ms
[2026-06-15 14:50:29:5029] [INFO]: OPTIONS /api/products/69f411d7-819a-4809-8f68-96f88b7cd1cc/status 204 0 - 0.149 ms
[2026-06-15 14:50:29:5029] [INFO]: OPTIONS /api/users 204 0 - 0.112 ms
[2026-06-15 14:50:29:5029] [INFO]: OPTIONS /api/users 204 0 - 0.366 ms
[2026-06-15 14:50:29:5029] [INFO]: GET /api/users 304 - - 12.651 ms
[2026-06-15 14:50:29:5029] [INFO]: GET /api/products/69f411d7-819a-4809-8f68-96f88b7cd1cc/status 304 - - 24.698 ms
[2026-06-15 14:50:29:5029] [INFO]: GET /api/users 304 - - 10.579 ms
[2026-06-15 14:50:29:5029] [INFO]: GET /api/products/69f411d7-819a-4809-8f68-96f88b7cd1cc/status 304 - - 19.369 ms
[2026-06-15 14:50:29:5029] [INFO]: GET /api/products/69f411d7-819a-4809-8f68-96f88b7cd1cc/status 304 - - 19.177 ms
[2026-06-15 14:59:11:5911] [INFO]: OPTIONS /api/products 204 0 - 0.121 ms
[2026-06-15 14:59:11:5911] [INFO]: OPTIONS /api/products 204 0 - 0.084 ms
[2026-06-15 14:59:11:5911] [INFO]: GET /api/products 304 - - 17.146 ms
[2026-06-15 14:59:11:5911] [INFO]: GET /api/products 304 - - 9.356 ms
[2026-06-15 14:59:11:5911] [INFO]: [SOCKET] User connected: Krishna Shelar (8e2089f4-e03a-4dc3-8eb0-4ed4771a785e) - Socket: -dVMdRYb18gCCPprAAAW
[2026-06-15 14:59:11:5911] [INFO]: [SOCKET] User connected: Krishna Shelar (8e2089f4-e03a-4dc3-8eb0-4ed4771a785e) - Socket: YzQkoJvJuVPeGpjnAAAX
[2026-06-15 14:59:11:5911] [INFO]: OPTIONS /api/products/69f411d7-819a-4809-8f68-96f88b7cd1cc/status 204 0 - 0.116 ms
[2026-06-15 14:59:11:5911] [INFO]: OPTIONS /api/users 204 0 - 0.136 ms
[2026-06-15 14:59:11:5911] [INFO]: GET /api/products/69f411d7-819a-4809-8f68-96f88b7cd1cc/status 304 - - 18.877 ms
[2026-06-15 14:59:11:5911] [INFO]: GET /api/users 304 - - 20.318 ms
[2026-06-15 14:59:11:5911] [INFO]: GET /api/users 304 - - 7.637 ms
[2026-06-15 14:59:11:5911] [INFO]: GET /api/products/69f411d7-819a-4809-8f68-96f88b7cd1cc/status 304 - - 18.227 ms
[2026-06-15 14:59:22:5922] [INFO]: [SOCKET] User disconnected: Krishna Shelar (8e2089f4-e03a-4dc3-8eb0-4ed4771a785e) - Socket: -dVMdRYb18gCCPprAAAW
[2026-06-15 14:59:22:5922] [INFO]: [SOCKET] User disconnected: Krishna Shelar (8e2089f4-e03a-4dc3-8eb0-4ed4771a785e) - Socket: YzQkoJvJuVPeGpjnAAAX
[2026-06-15 14:59:23:5923] [INFO]: OPTIONS /api/products 204 0 - 0.132 ms
[2026-06-15 14:59:23:5923] [INFO]: OPTIONS /api/products 204 0 - 0.243 ms
[2026-06-15 14:59:23:5923] [INFO]: [SOCKET] User connected: Krishna Shelar (8e2089f4-e03a-4dc3-8eb0-4ed4771a785e) - Socket: I4up4SF8QEIwa6pSAAAa
[2026-06-15 14:59:23:5923] [INFO]: [SOCKET] User connected: Krishna Shelar (8e2089f4-e03a-4dc3-8eb0-4ed4771a785e) - Socket: 2FdbGEiLgQF5SykMAAAb
[2026-06-15 14:59:23:5923] [INFO]: GET /api/products 304 - - 21.400 ms
[2026-06-15 14:59:23:5923] [INFO]: GET /api/products 304 - - 7.970 ms
[2026-06-15 14:59:23:5923] [INFO]: OPTIONS /api/products/69f411d7-819a-4809-8f68-96f88b7cd1cc/status 204 0 - 0.177 ms
[2026-06-15 14:59:23:5923] [INFO]: OPTIONS /api/users 204 0 - 0.140 ms
[2026-06-15 14:59:23:5923] [INFO]: OPTIONS /api/users 204 0 - 0.147 ms
[2026-06-15 14:59:23:5923] [INFO]: GET /api/users 304 - - 15.209 ms
[2026-06-15 14:59:23:5923] [INFO]: GET /api/products/69f411d7-819a-4809-8f68-96f88b7cd1cc/status 304 - - 46.511 ms
[2026-06-15 14:59:23:5923] [INFO]: GET /api/users 304 - - 22.861 ms
[2026-06-15 14:59:23:5923] [INFO]: GET /api/products/69f411d7-819a-4809-8f68-96f88b7cd1cc/status 304 - - 27.278 ms
[2026-06-15 14:59:23:5923] [INFO]: GET /api/products/69f411d7-819a-4809-8f68-96f88b7cd1cc/status 304 - - 21.526 ms
[2026-06-15 15:01:48:148] [INFO]: OPTIONS /api/products 204 0 - 0.212 ms
[2026-06-15 15:01:48:148] [INFO]: OPTIONS /api/products 204 0 - 0.175 ms
[2026-06-15 15:01:48:148] [INFO]: GET /api/products 304 - - 9.883 ms
[2026-06-15 15:01:48:148] [INFO]: GET /api/products 304 - - 6.825 ms
[2026-06-15 15:01:48:148] [INFO]: [SOCKET] User connected: Krishna Shelar (8e2089f4-e03a-4dc3-8eb0-4ed4771a785e) - Socket: qu8ZwmzkziAzCG86AAAe
[2026-06-15 15:01:48:148] [INFO]: [SOCKET] User connected: Krishna Shelar (8e2089f4-e03a-4dc3-8eb0-4ed4771a785e) - Socket: yT_-O0DZ5ySnNmMbAAAf
[2026-06-15 15:01:48:148] [INFO]: OPTIONS /api/products/69f411d7-819a-4809-8f68-96f88b7cd1cc/status 204 0 - 0.096 ms
[2026-06-15 15:01:48:148] [INFO]: OPTIONS /api/users 204 0 - 0.110 ms
[2026-06-15 15:01:48:148] [INFO]: GET /api/users 304 - - 6.784 ms
[2026-06-15 15:01:48:148] [INFO]: GET /api/products/69f411d7-819a-4809-8f68-96f88b7cd1cc/status 304 - - 19.828 ms
[2026-06-15 15:01:48:148] [INFO]: GET /api/users 304 - - 10.728 ms
[2026-06-15 15:01:48:148] [INFO]: GET /api/products/69f411d7-819a-4809-8f68-96f88b7cd1cc/status 304 - - 20.440 ms
[2026-06-15 15:01:50:150] [INFO]: [SOCKET] User disconnected: Krishna Shelar (8e2089f4-e03a-4dc3-8eb0-4ed4771a785e) - Socket: yT_-O0DZ5ySnNmMbAAAf
[2026-06-15 15:01:50:150] [INFO]: [SOCKET] User disconnected: Krishna Shelar (8e2089f4-e03a-4dc3-8eb0-4ed4771a785e) - Socket: qu8ZwmzkziAzCG86AAAe
[2026-06-15 15:01:51:151] [INFO]: [SOCKET] User disconnected: Krishna Shelar (8e2089f4-e03a-4dc3-8eb0-4ed4771a785e) - Socket: I4up4SF8QEIwa6pSAAAa
[2026-06-15 15:01:51:151] [INFO]: [SOCKET] User disconnected: Krishna Shelar (8e2089f4-e03a-4dc3-8eb0-4ed4771a785e) - Socket: 2FdbGEiLgQF5SykMAAAb
[2026-06-15 15:01:52:152] [INFO]: [SOCKET] User disconnected: Krishna Shelar (8e2089f4-e03a-4dc3-8eb0-4ed4771a785e) - Socket: xU3sHFSF-RqyanR0AAAS
[2026-06-15 15:01:52:152] [INFO]: [SOCKET] User disconnected: Krishna Shelar (8e2089f4-e03a-4dc3-8eb0-4ed4771a785e) - Socket: aq3nMtXegDkCqIbsAAAT
[2026-06-15 15:03:05:35] [INFO]: OPTIONS /api/products 204 0 - 0.098 ms
[2026-06-15 15:03:05:35] [INFO]: GET /api/products 304 - - 6.344 ms
[2026-06-15 15:03:05:35] [INFO]: GET /api/products 304 - - 4.031 ms
[2026-06-15 15:03:05:35] [INFO]: [SOCKET] User connected: Krishna Shelar (8e2089f4-e03a-4dc3-8eb0-4ed4771a785e) - Socket: IPV2wXppAs4lC-GQAAAi
[2026-06-15 15:03:05:35] [INFO]: [SOCKET] User connected: Krishna Shelar (8e2089f4-e03a-4dc3-8eb0-4ed4771a785e) - Socket: oACiqYWTOX9y0-F8AAAj
[2026-06-15 15:03:06:36] [INFO]: OPTIONS /api/products/69f411d7-819a-4809-8f68-96f88b7cd1cc/status 204 0 - 0.091 ms
[2026-06-15 15:03:06:36] [INFO]: OPTIONS /api/users 204 0 - 0.132 ms
[2026-06-15 15:03:06:36] [INFO]: GET /api/products/69f411d7-819a-4809-8f68-96f88b7cd1cc/status 304 - - 10.245 ms
[2026-06-15 15:03:06:36] [INFO]: GET /api/users 304 - - 6.972 ms
[2026-06-15 15:03:06:36] [INFO]: GET /api/users 304 - - 5.404 ms
[2026-06-15 15:03:06:36] [INFO]: GET /api/products/69f411d7-819a-4809-8f68-96f88b7cd1cc/status 304 - - 9.556 ms
[2026-06-15 15:08:13:813] [INFO]: OPTIONS /api/products 204 0 - 0.117 ms
[2026-06-15 15:08:13:813] [INFO]: OPTIONS /api/products 204 0 - 0.088 ms
[2026-06-15 15:08:13:813] [INFO]: GET /api/products 304 - - 17.270 ms
[2026-06-15 15:08:13:813] [INFO]: GET /api/products 304 - - 13.815 ms
[2026-06-15 15:08:13:813] [INFO]: [SOCKET] User connected: Krishna Shelar (8e2089f4-e03a-4dc3-8eb0-4ed4771a785e) - Socket: ESlrd5B1eB0hCeCWAAAm
[2026-06-15 15:08:13:813] [INFO]: [SOCKET] User connected: Krishna Shelar (8e2089f4-e03a-4dc3-8eb0-4ed4771a785e) - Socket: SI9iBz6_-61K2bRmAAAn
[2026-06-15 15:08:13:813] [INFO]: OPTIONS /api/products/69f411d7-819a-4809-8f68-96f88b7cd1cc/status 204 0 - 0.102 ms
[2026-06-15 15:08:13:813] [INFO]: OPTIONS /api/users 204 0 - 0.115 ms
[2026-06-15 15:08:13:813] [INFO]: GET /api/users 304 - - 16.418 ms
[2026-06-15 15:08:14:814] [INFO]: GET /api/products/69f411d7-819a-4809-8f68-96f88b7cd1cc/status 304 - - 37.761 ms
[2026-06-15 15:08:14:814] [INFO]: GET /api/users 304 - - 12.013 ms
[2026-06-15 15:08:14:814] [INFO]: GET /api/products/69f411d7-819a-4809-8f68-96f88b7cd1cc/status 304 - - 23.955 ms
[2026-06-15 15:08:18:818] [INFO]: [SOCKET] User disconnected: Krishna Shelar (8e2089f4-e03a-4dc3-8eb0-4ed4771a785e) - Socket: ESlrd5B1eB0hCeCWAAAm
[2026-06-15 15:08:18:818] [INFO]: [SOCKET] User disconnected: Krishna Shelar (8e2089f4-e03a-4dc3-8eb0-4ed4771a785e) - Socket: SI9iBz6_-61K2bRmAAAn
[2026-06-15 15:08:19:819] [INFO]: [SOCKET] User disconnected: Krishna Shelar (8e2089f4-e03a-4dc3-8eb0-4ed4771a785e) - Socket: oACiqYWTOX9y0-F8AAAj
[2026-06-15 15:08:19:819] [INFO]: [SOCKET] User disconnected: Krishna Shelar (8e2089f4-e03a-4dc3-8eb0-4ed4771a785e) - Socket: IPV2wXppAs4lC-GQAAAi
[2026-06-15 16:20:39:2039] [INFO]: ==================================================
[2026-06-15 16:20:39:2039] [INFO]: 🚀 TKS API Server with Socket.IO is running on port: 5000
[2026-06-15 16:20:39:2039] [INFO]: 🔐 Bypass MS Auth status: false
[2026-06-15 16:20:39:2039] [INFO]: ==================================================
[2026-06-15 16:20:53:2053] [INFO]: OPTIONS /api/products 204 0 - 0.673 ms
[2026-06-15 16:20:53:2053] [INFO]: OPTIONS /api/products 204 0 - 0.124 ms
[2026-06-15 16:20:53:2053] [INFO]: [SOCKET] User connected: Krishna Shelar (8e2089f4-e03a-4dc3-8eb0-4ed4771a785e) - Socket: 5E4IWVawk9wXSgwWAAAC
[2026-06-15 16:20:53:2053] [INFO]: [SOCKET] User connected: Krishna Shelar (8e2089f4-e03a-4dc3-8eb0-4ed4771a785e) - Socket: bUJhZqHMy_TCTf7KAAAD
[2026-06-15 16:20:53:2053] [INFO]: GET /api/products 304 - - 257.441 ms
[2026-06-15 16:20:53:2053] [INFO]: GET /api/products 304 - - 5.941 ms
[2026-06-15 16:20:54:2054] [INFO]: OPTIONS /api/products/69f411d7-819a-4809-8f68-96f88b7cd1cc/status 204 0 - 0.396 ms
[2026-06-15 16:20:54:2054] [INFO]: OPTIONS /api/users 204 0 - 0.267 ms
[2026-06-15 16:20:54:2054] [INFO]: GET /api/products/69f411d7-819a-4809-8f68-96f88b7cd1cc/status 304 - - 83.452 ms
[2026-06-15 16:20:54:2054] [INFO]: GET /api/users 304 - - 115.823 ms
[2026-06-15 16:20:54:2054] [INFO]: GET /api/products/69f411d7-819a-4809-8f68-96f88b7cd1cc/status 304 - - 44.500 ms
[2026-06-15 16:20:54:2054] [INFO]: GET /api/users 304 - - 26.357 ms
[2026-06-15 16:20:54:2054] [INFO]: GET /api/products/69f411d7-819a-4809-8f68-96f88b7cd1cc/status 304 - - 45.468 ms
[2026-06-15 16:20:58:2058] [INFO]: [SOCKET] User disconnected: Krishna Shelar (8e2089f4-e03a-4dc3-8eb0-4ed4771a785e) - Socket: bUJhZqHMy_TCTf7KAAAD
[2026-06-15 16:20:58:2058] [INFO]: [SOCKET] User disconnected: Krishna Shelar (8e2089f4-e03a-4dc3-8eb0-4ed4771a785e) - Socket: 5E4IWVawk9wXSgwWAAAC
[2026-06-15 16:21:32:2132] [INFO]: OPTIONS /api/auth/microsoft 204 0 - 0.250 ms
[2026-06-15 16:21:33:2133] [INFO]: POST /api/auth/microsoft 200 44345 - 412.767 ms
[2026-06-15 16:21:33:2133] [INFO]: OPTIONS /api/products 204 0 - 0.448 ms
[2026-06-15 16:21:33:2133] [INFO]: OPTIONS /api/products 204 0 - 0.246 ms
[2026-06-15 16:21:33:2133] [INFO]: [SOCKET] User connected: Krishna Shelar (8e2089f4-e03a-4dc3-8eb0-4ed4771a785e) - Socket: OdYjvCzemy_fMvxoAAAG
[2026-06-15 16:21:33:2133] [INFO]: [SOCKET] User connected: Krishna Shelar (8e2089f4-e03a-4dc3-8eb0-4ed4771a785e) - Socket: WpclORf5WoK6wROUAAAH
[2026-06-15 16:21:33:2133] [INFO]: GET /api/products 304 - - 44.980 ms
[2026-06-15 16:21:33:2133] [INFO]: GET /api/products 304 - - 9.999 ms
[2026-06-15 16:21:33:2133] [INFO]: OPTIONS /api/products/69f411d7-819a-4809-8f68-96f88b7cd1cc/status 204 0 - 0.270 ms
[2026-06-15 16:21:33:2133] [INFO]: OPTIONS /api/users 204 0 - 0.197 ms
[2026-06-15 16:21:33:2133] [INFO]: GET /api/users 304 - - 55.273 ms
[2026-06-15 16:21:33:2133] [INFO]: GET /api/products/69f411d7-819a-4809-8f68-96f88b7cd1cc/status 304 - - 84.697 ms
[2026-06-15 16:21:33:2133] [INFO]: GET /api/users 304 - - 51.556 ms
[2026-06-15 16:21:33:2133] [INFO]: GET /api/products/69f411d7-819a-4809-8f68-96f88b7cd1cc/status 304 - - 57.475 ms
[2026-06-15 16:21:33:2133] [INFO]: GET /api/products/69f411d7-819a-4809-8f68-96f88b7cd1cc/status 304 - - 72.403 ms
[2026-06-15 16:30:32:3032] [INFO]: ==================================================
[2026-06-15 16:30:32:3032] [INFO]: 🚀 TKS API Server with Socket.IO is running on port: 5000
[2026-06-15 16:30:32:3032] [INFO]: 🔐 Bypass MS Auth status: false
[2026-06-15 16:30:32:3032] [INFO]: ==================================================
[2026-06-15 16:30:33:3033] [INFO]: [SOCKET] User connected: Krishna Shelar (8e2089f4-e03a-4dc3-8eb0-4ed4771a785e) - Socket: 1aK9YyE6eFHqSoRzAAAB
[2026-06-15 16:30:35:3035] [INFO]: [SOCKET] User connected: Krishna Shelar (8e2089f4-e03a-4dc3-8eb0-4ed4771a785e) - Socket: iBM_Vq0fyF5Bur43AAAD
[2026-06-15 16:30:41:3041] [INFO]: ==================================================
[2026-06-15 16:30:41:3041] [INFO]: 🚀 TKS API Server with Socket.IO is running on port: 5000
[2026-06-15 16:30:41:3041] [INFO]: 🔐 Bypass MS Auth status: false
[2026-06-15 16:30:41:3041] [INFO]: ==================================================
[2026-06-15 16:30:45:3045] [INFO]: [SOCKET] User connected: Krishna Shelar (8e2089f4-e03a-4dc3-8eb0-4ed4771a785e) - Socket: 4TXDL8O7Kx9CPU9EAAAB
[2026-06-15 16:30:45:3045] [INFO]: [SOCKET] User connected: Krishna Shelar (8e2089f4-e03a-4dc3-8eb0-4ed4771a785e) - Socket: YGhFrJS-9sbGZX-HAAAD
[2026-06-15 16:30:54:3054] [INFO]: ==================================================
[2026-06-15 16:30:54:3054] [INFO]: 🚀 TKS API Server with Socket.IO is running on port: 5000
[2026-06-15 16:30:55:3055] [INFO]: 🔐 Bypass MS Auth status: false
[2026-06-15 16:30:55:3055] [INFO]: ==================================================
[2026-06-15 16:30:57:3057] [INFO]: [SOCKET] User connected: Krishna Shelar (8e2089f4-e03a-4dc3-8eb0-4ed4771a785e) - Socket: 6FYjxxQ_WzVK-2hPAAAC
[2026-06-15 16:30:57:3057] [INFO]: [SOCKET] User connected: Krishna Shelar (8e2089f4-e03a-4dc3-8eb0-4ed4771a785e) - Socket: 0EEPZUadlfYoviWAAAAD
[2026-06-15 16:44:40:4440] [INFO]: [SOCKET] User disconnected: Krishna Shelar (8e2089f4-e03a-4dc3-8eb0-4ed4771a785e) - Socket: 6FYjxxQ_WzVK-2hPAAAC
[2026-06-15 16:44:40:4440] [INFO]: [SOCKET] User disconnected: Krishna Shelar (8e2089f4-e03a-4dc3-8eb0-4ed4771a785e) - Socket: 0EEPZUadlfYoviWAAAAD
[2026-06-15 16:48:30:4830] [INFO]: ==================================================
[2026-06-15 16:48:30:4830] [INFO]: 🚀 TKS API Server with Socket.IO is running on port: 5000
[2026-06-15 16:48:30:4830] [INFO]: 🔐 Bypass MS Auth status: false
[2026-06-15 16:48:30:4830] [INFO]: ==================================================
[2026-06-15 16:52:14:5214] [INFO]: ==================================================
[2026-06-15 16:52:14:5214] [INFO]: 🚀 TKS API Server with Socket.IO is running on port: 5000
[2026-06-15 16:52:14:5214] [INFO]: 🔐 Bypass MS Auth status: false
[2026-06-15 16:52:14:5214] [INFO]: ==================================================
[2026-06-15 16:52:19:5219] [INFO]: ==================================================
[2026-06-15 16:52:19:5219] [INFO]: 🚀 TKS API Server with Socket.IO is running on port: 5000
[2026-06-15 16:52:19:5219] [INFO]: 🔐 Bypass MS Auth status: false
[2026-06-15 16:52:19:5219] [INFO]: ==================================================
[2026-06-15 17:17:23:1723] [INFO]: ==================================================
[2026-06-15 17:17:23:1723] [INFO]: 🚀 TKS API Server with Socket.IO is running on port: 5000
[2026-06-15 17:17:23:1723] [INFO]: 🔐 Bypass MS Auth status: false
[2026-06-15 17:17:23:1723] [INFO]: ==================================================
[2026-06-15 17:17:29:1729] [INFO]: GET /api/users/all 200 48311 - 93.671 ms
[2026-06-15 17:17:29:1729] [INFO]: POST /api/users/all 403 69 - 40.792 ms
[2026-06-15 17:17:29:1729] [INFO]: POST /api/users/all 201 251 - 76.047 ms
[2026-06-15 17:17:29:1729] [INFO]: PUT /api/users/all/66f47af6-61a8-42be-a3e3-571421c81526 200 256 - 35.283 ms
[2026-06-15 17:17:29:1729] [INFO]: PUT /api/users/all/03ea1615-7808-4c49-98a6-fdd7216b9ad2 400 53 - 4.787 ms
[2026-06-15 17:17:29:1729] [INFO]: DELETE /api/users/all/66f47af6-61a8-42be-a3e3-571421c81526 200 40 - 25.374 ms
[2026-06-15 17:17:30:1730] [INFO]: DELETE /api/users/all/0de515f9-737a-4ea1-963f-1962368b2ed9 400 244 - 29.199 ms
[2026-06-15 17:17:37:1737] [INFO]: ==================================================
[2026-06-15 17:17:37:1737] [INFO]: 🚀 TKS API Server with Socket.IO is running on port: 5000
[2026-06-15 17:17:37:1737] [INFO]: 🔐 Bypass MS Auth status: false
[2026-06-15 17:17:37:1737] [INFO]: ==================================================
[2026-06-15 17:20:40:2040] [INFO]: OPTIONS /api/products 204 0 - 1.301 ms
[2026-06-15 17:20:40:2040] [INFO]: OPTIONS /api/products 204 0 - 4.745 ms
[2026-06-15 17:20:40:2040] [INFO]: [SOCKET] User connected: Krishna Shelar (8e2089f4-e03a-4dc3-8eb0-4ed4771a785e) - Socket: T1WQCZq6EuQO4kK9AAAC
[2026-06-15 17:20:41:2041] [INFO]: OPTIONS /api/products/69f411d7-819a-4809-8f68-96f88b7cd1cc/status 204 0 - 0.266 ms
[2026-06-15 17:20:41:2041] [INFO]: OPTIONS /api/users 204 0 - 0.181 ms
[2026-06-15 17:20:41:2041] [INFO]: [SOCKET] User connected: Krishna Shelar (8e2089f4-e03a-4dc3-8eb0-4ed4771a785e) - Socket: cfn_L_rdYGUNATC_AAAD
[2026-06-15 17:20:41:2041] [INFO]: OPTIONS /api/products/69f411d7-819a-4809-8f68-96f88b7cd1cc/status 204 0 - 0.238 ms
[2026-06-15 17:20:41:2041] [INFO]: OPTIONS /api/users 204 0 - 0.245 ms
[2026-06-15 17:20:41:2041] [INFO]: GET /api/users 304 - - 117.289 ms
[2026-06-15 17:20:41:2041] [INFO]: GET /api/products/69f411d7-819a-4809-8f68-96f88b7cd1cc/status 304 - - 75.173 ms
[2026-06-15 17:20:41:2041] [INFO]: GET /api/users 304 - - 18.308 ms
[2026-06-15 17:20:41:2041] [INFO]: GET /api/products/69f411d7-819a-4809-8f68-96f88b7cd1cc/status 304 - - 22.431 ms
[2026-06-15 17:20:41:2041] [INFO]: GET /api/products/69f411d7-819a-4809-8f68-96f88b7cd1cc/status 304 - - 15.587 ms
[2026-06-15 17:20:54:2054] [INFO]: [SOCKET] User disconnected: Krishna Shelar (8e2089f4-e03a-4dc3-8eb0-4ed4771a785e) - Socket: T1WQCZq6EuQO4kK9AAAC
[2026-06-15 17:20:54:2054] [INFO]: [SOCKET] User disconnected: Krishna Shelar (8e2089f4-e03a-4dc3-8eb0-4ed4771a785e) - Socket: cfn_L_rdYGUNATC_AAAD
[2026-06-15 17:20:54:2054] [INFO]: OPTIONS /api/products 204 0 - 0.206 ms
[2026-06-15 17:20:54:2054] [INFO]: OPTIONS /api/products 204 0 - 1.332 ms
[2026-06-15 17:20:54:2054] [INFO]: GET /api/products 304 - - 13.547 ms
[2026-06-15 17:20:54:2054] [INFO]: [SOCKET] User connected: Krishna Shelar (8e2089f4-e03a-4dc3-8eb0-4ed4771a785e) - Socket: bWYZRj-oFHiQS5sWAAAG
[2026-06-15 17:20:54:2054] [INFO]: [SOCKET] User connected: Krishna Shelar (8e2089f4-e03a-4dc3-8eb0-4ed4771a785e) - Socket: _oe8fpv2qkYCZKBdAAAH
[2026-06-15 17:20:54:2054] [INFO]: GET /api/products 304 - - 12.536 ms
[2026-06-15 17:20:54:2054] [INFO]: OPTIONS /api/products/69f411d7-819a-4809-8f68-96f88b7cd1cc/status 204 0 - 0.210 ms
[2026-06-15 17:20:54:2054] [INFO]: OPTIONS /api/users 204 0 - 0.313 ms
[2026-06-15 17:20:54:2054] [INFO]: GET /api/users 304 - - 8.905 ms
[2026-06-15 17:20:54:2054] [INFO]: GET /api/products/69f411d7-819a-4809-8f68-96f88b7cd1cc/status 304 - - 30.114 ms
[2026-06-15 17:20:54:2054] [INFO]: GET /api/users 304 - - 15.369 ms
[2026-06-15 17:20:54:2054] [INFO]: GET /api/products/69f411d7-819a-4809-8f68-96f88b7cd1cc/status 304 - - 22.359 ms
[2026-06-15 17:20:54:2054] [INFO]: GET /api/products/69f411d7-819a-4809-8f68-96f88b7cd1cc/status 304 - - 38.032 ms
[2026-06-15 17:22:35:2235] [INFO]: OPTIONS /api/users/all 204 0 - 0.122 ms
[2026-06-15 17:22:35:2235] [INFO]: OPTIONS /api/users/all 204 0 - 0.088 ms
[2026-06-15 17:22:35:2235] [INFO]: GET /api/users/all 200 48311 - 9.682 ms
[2026-06-15 17:22:35:2235] [INFO]: GET /api/users/all 304 - - 8.904 ms
[2026-06-15 17:27:24:2724] [INFO]: ==================================================
[2026-06-15 17:27:24:2724] [INFO]: 🚀 TKS API Server with Socket.IO is running on port: 5000
[2026-06-15 17:27:24:2724] [INFO]: 🔐 Bypass MS Auth status: false
[2026-06-15 17:27:24:2724] [INFO]: ==================================================
[2026-06-15 17:27:25:2725] [INFO]: [SOCKET] User connected: Krishna Shelar (8e2089f4-e03a-4dc3-8eb0-4ed4771a785e) - Socket: 7xXZPiu9ftWWHLmFAAAB
[2026-06-15 17:27:25:2725] [INFO]: [SOCKET] User connected: Krishna Shelar (8e2089f4-e03a-4dc3-8eb0-4ed4771a785e) - Socket: MJtQuQNoY9ckU3N0AAAD
[2026-06-15 17:27:39:2739] [INFO]: OPTIONS /api/users/all 204 0 - 1.792 ms
[2026-06-15 17:27:39:2739] [INFO]: OPTIONS /api/products 204 0 - 0.236 ms
[2026-06-15 17:27:39:2739] [INFO]: GET /api/products 304 - - 40.284 ms
[2026-06-15 17:27:39:2739] [INFO]: GET /api/users/all 200 49682 - 83.645 ms
[2026-06-15 17:28:10:2810] [INFO]: ==================================================
[2026-06-15 17:28:10:2810] [INFO]: 🚀 TKS API Server with Socket.IO is running on port: 5000
[2026-06-15 17:28:10:2810] [INFO]: 🔐 Bypass MS Auth status: false
[2026-06-15 17:28:10:2810] [INFO]: ==================================================
[2026-06-15 17:28:12:2812] [INFO]: [SOCKET] User connected: Krishna Shelar (8e2089f4-e03a-4dc3-8eb0-4ed4771a785e) - Socket: NkAQevmhLoMOj-vsAAAC
[2026-06-15 17:28:12:2812] [INFO]: [SOCKET] User connected: Krishna Shelar (8e2089f4-e03a-4dc3-8eb0-4ed4771a785e) - Socket: rCytEvS8GLIccySFAAAD
[2026-06-15 17:28:15:2815] [INFO]: GET /api/users/all 200 49682 - 28.120 ms
[2026-06-15 17:28:21:2821] [INFO]: ==================================================
[2026-06-15 17:28:21:2821] [INFO]: 🚀 TKS API Server with Socket.IO is running on port: 5000
[2026-06-15 17:28:21:2821] [INFO]: 🔐 Bypass MS Auth status: false
[2026-06-15 17:28:21:2821] [INFO]: ==================================================
[2026-06-15 17:28:23:2823] [INFO]: [SOCKET] User connected: Krishna Shelar (8e2089f4-e03a-4dc3-8eb0-4ed4771a785e) - Socket: IKI753E1Cuvmc9UWAAAB
[2026-06-15 17:28:24:2824] [INFO]: [SOCKET] User connected: Krishna Shelar (8e2089f4-e03a-4dc3-8eb0-4ed4771a785e) - Socket: 7z9DBJD-woED1dhgAAAD
[2026-06-15 17:28:48:2848] [INFO]: [SOCKET] User disconnected: Krishna Shelar (8e2089f4-e03a-4dc3-8eb0-4ed4771a785e) - Socket: 7z9DBJD-woED1dhgAAAD
[2026-06-15 17:28:48:2848] [INFO]: [SOCKET] User disconnected: Krishna Shelar (8e2089f4-e03a-4dc3-8eb0-4ed4771a785e) - Socket: IKI753E1Cuvmc9UWAAAB
[2026-06-15 17:28:48:2848] [INFO]: OPTIONS /api/products 204 0 - 1.426 ms
[2026-06-15 17:28:48:2848] [INFO]: [SOCKET] User connected: Krishna Shelar (8e2089f4-e03a-4dc3-8eb0-4ed4771a785e) - Socket: s74Xzi4wBg7A5XGuAAAF
[2026-06-15 17:28:48:2848] [INFO]: OPTIONS /api/products 204 0 - 0.245 ms
[2026-06-15 17:28:48:2848] [INFO]: [SOCKET] User connected: Krishna Shelar (8e2089f4-e03a-4dc3-8eb0-4ed4771a785e) - Socket: CeyrlY24Q_zrXqToAAAH
[2026-06-15 17:28:48:2848] [INFO]: GET /api/products 304 - - 64.000 ms
[2026-06-15 17:28:49:2849] [INFO]: GET /api/products 304 - - 5.228 ms
[2026-06-15 17:28:49:2849] [INFO]: OPTIONS /api/products/69f411d7-819a-4809-8f68-96f88b7cd1cc/status 204 0 - 0.241 ms
[2026-06-15 17:28:49:2849] [INFO]: OPTIONS /api/users 204 0 - 0.168 ms
[2026-06-15 17:28:49:2849] [INFO]: OPTIONS /api/users 204 0 - 0.142 ms
[2026-06-15 17:28:49:2849] [INFO]: GET /api/users 304 - - 7.700 ms
[2026-06-15 17:28:49:2849] [INFO]: GET /api/products/69f411d7-819a-4809-8f68-96f88b7cd1cc/status 304 - - 29.783 ms
[2026-06-15 17:28:49:2849] [INFO]: GET /api/users 304 - - 12.528 ms
[2026-06-15 17:28:49:2849] [INFO]: GET /api/products/69f411d7-819a-4809-8f68-96f88b7cd1cc/status 304 - - 16.895 ms
[2026-06-15 17:28:49:2849] [INFO]: GET /api/products/69f411d7-819a-4809-8f68-96f88b7cd1cc/status 304 - - 11.530 ms
[2026-06-15 17:28:52:2852] [INFO]: OPTIONS /api/users/all 204 0 - 0.224 ms
[2026-06-15 17:28:52:2852] [INFO]: OPTIONS /api/users/all 204 0 - 0.109 ms
[2026-06-15 17:28:52:2852] [INFO]: GET /api/products 304 - - 12.589 ms
[2026-06-15 17:28:52:2852] [INFO]: GET /api/products 304 - - 4.438 ms
[2026-06-15 17:28:52:2852] [INFO]: GET /api/users/all 304 - - 23.298 ms
[2026-06-15 17:28:52:2852] [INFO]: GET /api/users/all 304 - - 14.374 ms
[2026-06-15 17:36:56:3656] [INFO]: ==================================================
[2026-06-15 17:36:56:3656] [INFO]: 🚀 TKS API Server with Socket.IO is running on port: 5000
[2026-06-15 17:36:56:3656] [INFO]: 🔐 Bypass MS Auth status: false
[2026-06-15 17:36:56:3656] [INFO]: ==================================================
[2026-06-15 17:36:57:3657] [INFO]: [SOCKET] User connected: Krishna Shelar (8e2089f4-e03a-4dc3-8eb0-4ed4771a785e) - Socket: rlT8COvP8VdmAyWtAAAB
[2026-06-15 17:36:58:3658] [INFO]: [SOCKET] User connected: Krishna Shelar (8e2089f4-e03a-4dc3-8eb0-4ed4771a785e) - Socket: FoQdCaVYyyT-29V7AAAD
[2026-06-15 17:37:53:3753] [INFO]: ==================================================
[2026-06-15 17:37:53:3753] [INFO]: 🚀 TKS API Server with Socket.IO is running on port: 5000
[2026-06-15 17:37:53:3753] [INFO]: 🔐 Bypass MS Auth status: false
[2026-06-15 17:37:53:3753] [INFO]: ==================================================
[2026-06-15 17:37:55:3755] [INFO]: [SOCKET] User connected: Krishna Shelar (8e2089f4-e03a-4dc3-8eb0-4ed4771a785e) - Socket: Szph3tqdw5JxYAXGAAAC
[2026-06-15 17:37:56:3756] [INFO]: [SOCKET] User connected: Krishna Shelar (8e2089f4-e03a-4dc3-8eb0-4ed4771a785e) - Socket: eaY6fMSM2VMeygWLAAAD
[2026-06-15 17:38:12:3812] [INFO]: [SOCKET] User disconnected: Krishna Shelar (8e2089f4-e03a-4dc3-8eb0-4ed4771a785e) - Socket: Szph3tqdw5JxYAXGAAAC
[2026-06-15 17:38:12:3812] [INFO]: [SOCKET] User disconnected: Krishna Shelar (8e2089f4-e03a-4dc3-8eb0-4ed4771a785e) - Socket: eaY6fMSM2VMeygWLAAAD
[2026-06-15 17:38:12:3812] [INFO]: OPTIONS /api/products 204 0 - 2.251 ms
[2026-06-15 17:38:12:3812] [INFO]: OPTIONS /api/products 204 0 - 1.175 ms
[2026-06-15 17:38:12:3812] [INFO]: [SOCKET] User connected: Krishna Shelar (8e2089f4-e03a-4dc3-8eb0-4ed4771a785e) - Socket: samV5aF21_ViFqjdAAAG
[2026-06-15 17:38:12:3812] [INFO]: [SOCKET] User connected: Krishna Shelar (8e2089f4-e03a-4dc3-8eb0-4ed4771a785e) - Socket: tVXA0km0bYGddXntAAAH
[2026-06-15 17:38:12:3812] [INFO]: GET /api/products 304 - - 75.121 ms
[2026-06-15 17:38:12:3812] [INFO]: GET /api/products 304 - - 6.198 ms
[2026-06-15 17:38:12:3812] [INFO]: OPTIONS /api/products/69f411d7-819a-4809-8f68-96f88b7cd1cc/status 204 0 - 0.194 ms
[2026-06-15 17:38:12:3812] [INFO]: OPTIONS /api/users 204 0 - 0.269 ms
[2026-06-15 17:38:12:3812] [INFO]: OPTIONS /api/products/69f411d7-819a-4809-8f68-96f88b7cd1cc/status 204 0 - 0.179 ms
[2026-06-15 17:38:12:3812] [INFO]: OPTIONS /api/users 204 0 - 0.175 ms
[2026-06-15 17:38:12:3812] [INFO]: GET /api/users 200 1829 - 13.860 ms
[2026-06-15 17:38:12:3812] [INFO]: GET /api/products/69f411d7-819a-4809-8f68-96f88b7cd1cc/status 200 93181 - 33.365 ms
[2026-06-15 17:38:12:3812] [INFO]: GET /api/users 304 - - 15.294 ms
[2026-06-15 17:38:13:3813] [INFO]: GET /api/products/69f411d7-819a-4809-8f68-96f88b7cd1cc/status 304 - - 14.690 ms
[2026-06-15 17:38:13:3813] [INFO]: GET /api/products/69f411d7-819a-4809-8f68-96f88b7cd1cc/status 304 - - 9.213 ms
[2026-06-15 17:38:16:3816] [INFO]: [SOCKET] User disconnected: Krishna Shelar (8e2089f4-e03a-4dc3-8eb0-4ed4771a785e) - Socket: tVXA0km0bYGddXntAAAH
[2026-06-15 17:38:16:3816] [INFO]: [SOCKET] User disconnected: Krishna Shelar (8e2089f4-e03a-4dc3-8eb0-4ed4771a785e) - Socket: samV5aF21_ViFqjdAAAG
[2026-06-15 17:38:24:3824] [INFO]: OPTIONS /api/auth/microsoft 204 0 - 0.267 ms
[2026-06-15 17:38:24:3824] [INFO]: POST /api/auth/microsoft 200 44338 - 319.345 ms
[2026-06-15 17:38:24:3824] [INFO]: OPTIONS /api/products 204 0 - 0.151 ms
[2026-06-15 17:38:24:3824] [INFO]: OPTIONS /api/products 204 0 - 0.169 ms
[2026-06-15 17:38:24:3824] [INFO]: [SOCKET] User connected: Krishna Shelar (8e2089f4-e03a-4dc3-8eb0-4ed4771a785e) - Socket: YDqw7Be1tgWBR-hNAAAK
[2026-06-15 17:38:24:3824] [INFO]: [SOCKET] User connected: Krishna Shelar (8e2089f4-e03a-4dc3-8eb0-4ed4771a785e) - Socket: -hgCoeLtmUX4Ja3sAAAL
[2026-06-15 17:38:24:3824] [INFO]: GET /api/products 304 - - 17.644 ms
[2026-06-15 17:38:24:3824] [INFO]: GET /api/products 304 - - 7.874 ms
[2026-06-15 17:38:24:3824] [INFO]: OPTIONS /api/products/69f411d7-819a-4809-8f68-96f88b7cd1cc/status 204 0 - 0.366 ms
[2026-06-15 17:38:25:3825] [INFO]: OPTIONS /api/users 204 0 - 0.377 ms
[2026-06-15 17:38:25:3825] [INFO]: OPTIONS /api/users 204 0 - 0.192 ms
[2026-06-15 17:38:25:3825] [INFO]: GET /api/users 304 - - 8.204 ms
[2026-06-15 17:38:25:3825] [INFO]: GET /api/products/69f411d7-819a-4809-8f68-96f88b7cd1cc/status 304 - - 17.937 ms
[2026-06-15 17:38:25:3825] [INFO]: GET /api/users 304 - - 6.192 ms
[2026-06-15 17:38:25:3825] [INFO]: GET /api/products/69f411d7-819a-4809-8f68-96f88b7cd1cc/status 304 - - 15.074 ms
[2026-06-15 17:38:25:3825] [INFO]: GET /api/products/69f411d7-819a-4809-8f68-96f88b7cd1cc/status 304 - - 13.334 ms
[2026-06-15 17:38:29:3829] [INFO]: OPTIONS /api/users/all 204 0 - 0.123 ms
[2026-06-15 17:38:29:3829] [INFO]: OPTIONS /api/users/all 204 0 - 0.088 ms
[2026-06-15 17:38:29:3829] [INFO]: GET /api/products 304 - - 5.332 ms
[2026-06-15 17:38:29:3829] [INFO]: GET /api/products 304 - - 5.911 ms
[2026-06-15 17:38:29:3829] [INFO]: GET /api/users/all 200 49679 - 22.101 ms
[2026-06-15 17:38:29:3829] [INFO]: GET /api/users/all 304 - - 17.386 ms
[2026-06-15 17:39:00:390] [INFO]: OPTIONS /api/users/all/12169412-b6be-401f-bc26-b2e6f70d0a55 204 0 - 0.122 ms
[2026-06-15 17:39:01:391] [INFO]: DELETE /api/users/all/12169412-b6be-401f-bc26-b2e6f70d0a55 400 244 - 21.793 ms
[2026-06-15 17:40:22:4022] [INFO]: ==================================================
[2026-06-15 17:40:22:4022] [INFO]: 🚀 TKS API Server with Socket.IO is running on port: 5000
[2026-06-15 17:40:22:4022] [INFO]: 🔐 Bypass MS Auth status: false
[2026-06-15 17:40:22:4022] [INFO]: ==================================================
[2026-06-15 17:40:25:4025] [INFO]: [SOCKET] User connected: Krishna Shelar (8e2089f4-e03a-4dc3-8eb0-4ed4771a785e) - Socket: DTuvcdsAvIuAyS1HAAAC
[2026-06-15 17:40:25:4025] [INFO]: [SOCKET] User connected: Krishna Shelar (8e2089f4-e03a-4dc3-8eb0-4ed4771a785e) - Socket: erRx8Hpq2ShNz8CSAAAD
[2026-06-15 17:40:36:4036] [INFO]: ==================================================
[2026-06-15 17:40:36:4036] [INFO]: 🚀 TKS API Server with Socket.IO is running on port: 5000
[2026-06-15 17:40:36:4036] [INFO]: 🔐 Bypass MS Auth status: false
[2026-06-15 17:40:36:4036] [INFO]: ==================================================
[2026-06-15 17:40:38:4038] [INFO]: [SOCKET] User connected: Krishna Shelar (8e2089f4-e03a-4dc3-8eb0-4ed4771a785e) - Socket: vzi1S6uuBkc1dtPEAAAB
[2026-06-15 17:40:38:4038] [INFO]: [SOCKET] User connected: Krishna Shelar (8e2089f4-e03a-4dc3-8eb0-4ed4771a785e) - Socket: N0-1A8ooKOAPj2HcAAAD
[2026-06-15 17:40:52:4052] [INFO]: [SOCKET] User disconnected: Krishna Shelar (8e2089f4-e03a-4dc3-8eb0-4ed4771a785e) - Socket: vzi1S6uuBkc1dtPEAAAB
[2026-06-15 17:40:52:4052] [INFO]: [SOCKET] User disconnected: Krishna Shelar (8e2089f4-e03a-4dc3-8eb0-4ed4771a785e) - Socket: N0-1A8ooKOAPj2HcAAAD
[2026-06-15 17:40:52:4052] [INFO]: OPTIONS /api/products 204 0 - 1.267 ms
[2026-06-15 17:40:52:4052] [INFO]: OPTIONS /api/products 204 0 - 0.239 ms
[2026-06-15 17:40:52:4052] [INFO]: [SOCKET] User connected: Krishna Shelar (8e2089f4-e03a-4dc3-8eb0-4ed4771a785e) - Socket: -SQqxrg_1Larh-eVAAAG
[2026-06-15 17:40:52:4052] [INFO]: [SOCKET] User connected: Krishna Shelar (8e2089f4-e03a-4dc3-8eb0-4ed4771a785e) - Socket: CBpLs_uAdQHvrvA0AAAH
[2026-06-15 17:40:52:4052] [INFO]: GET /api/products 304 - - 64.793 ms
[2026-06-15 17:40:52:4052] [INFO]: GET /api/products 304 - - 4.875 ms
[2026-06-15 17:40:52:4052] [INFO]: OPTIONS /api/products/69f411d7-819a-4809-8f68-96f88b7cd1cc/status 204 0 - 0.275 ms
[2026-06-15 17:40:52:4052] [INFO]: OPTIONS /api/users 204 0 - 0.332 ms
[2026-06-15 17:40:52:4052] [INFO]: OPTIONS /api/products/69f411d7-819a-4809-8f68-96f88b7cd1cc/status 204 0 - 0.370 ms
[2026-06-15 17:40:52:4052] [INFO]: OPTIONS /api/users 204 0 - 0.358 ms
[2026-06-15 17:40:52:4052] [INFO]: GET /api/users 200 2 - 16.049 ms
[2026-06-15 17:40:52:4052] [INFO]: GET /api/products/69f411d7-819a-4809-8f68-96f88b7cd1cc/status 200 2 - 47.976 ms
[2026-06-15 17:40:52:4052] [INFO]: GET /api/users 304 - - 18.748 ms
[2026-06-15 17:40:52:4052] [INFO]: GET /api/products/69f411d7-819a-4809-8f68-96f88b7cd1cc/status 304 - - 14.911 ms
[2026-06-15 17:40:52:4052] [INFO]: GET /api/products/69f411d7-819a-4809-8f68-96f88b7cd1cc/status 304 - - 12.073 ms
[2026-06-15 17:40:55:4055] [INFO]: OPTIONS /api/features?productId=69f411d7-819a-4809-8f68-96f88b7cd1cc 204 0 - 0.147 ms
[2026-06-15 17:40:55:4055] [INFO]: OPTIONS /api/features?productId=69f411d7-819a-4809-8f68-96f88b7cd1cc 204 0 - 0.119 ms
[2026-06-15 17:40:55:4055] [INFO]: GET /api/users 304 - - 3.952 ms
[2026-06-15 17:40:55:4055] [INFO]: GET /api/users 304 - - 4.614 ms
[2026-06-15 17:40:55:4055] [INFO]: GET /api/features?productId=69f411d7-819a-4809-8f68-96f88b7cd1cc 200 2 - 11.288 ms
[2026-06-15 17:40:55:4055] [INFO]: GET /api/features?productId=69f411d7-819a-4809-8f68-96f88b7cd1cc 304 - - 5.332 ms
[2026-06-15 17:40:57:4057] [INFO]: OPTIONS /api/user-stories?productId=69f411d7-819a-4809-8f68-96f88b7cd1cc 204 0 - 0.236 ms
[2026-06-15 17:40:57:4057] [INFO]: OPTIONS /api/users 204 0 - 0.132 ms
[2026-06-15 17:40:57:4057] [INFO]: OPTIONS /api/user-stories?productId=69f411d7-819a-4809-8f68-96f88b7cd1cc 204 0 - 0.144 ms
[2026-06-15 17:40:57:4057] [INFO]: OPTIONS /api/users 204 0 - 0.097 ms
[2026-06-15 17:40:57:4057] [INFO]: GET /api/users 304 - - 9.548 ms
[2026-06-15 17:40:57:4057] [INFO]: GET /api/features?productId=69f411d7-819a-4809-8f68-96f88b7cd1cc 304 - - 18.204 ms
[2026-06-15 17:40:57:4057] [INFO]: GET /api/users 304 - - 8.625 ms
[2026-06-15 17:40:57:4057] [INFO]: GET /api/user-stories?productId=69f411d7-819a-4809-8f68-96f88b7cd1cc 200 2 - 25.545 ms
[2026-06-15 17:40:57:4057] [INFO]: GET /api/features?productId=69f411d7-819a-4809-8f68-96f88b7cd1cc 304 - - 11.526 ms
[2026-06-15 17:40:57:4057] [INFO]: GET /api/user-stories?productId=69f411d7-819a-4809-8f68-96f88b7cd1cc 304 - - 13.980 ms
[2026-06-15 17:40:59:4059] [INFO]: OPTIONS /api/requirements-mapping?projectId=69f411d7-819a-4809-8f68-96f88b7cd1cc 204 0 - 0.105 ms
[2026-06-15 17:40:59:4059] [INFO]: OPTIONS /api/functional-requirements?productId=69f411d7-819a-4809-8f68-96f88b7cd1cc 204 0 - 0.125 ms
[2026-06-15 17:40:59:4059] [INFO]: OPTIONS /api/requirements-mapping?projectId=69f411d7-819a-4809-8f68-96f88b7cd1cc 204 0 - 0.075 ms
[2026-06-15 17:40:59:4059] [INFO]: OPTIONS /api/functional-requirements?productId=69f411d7-819a-4809-8f68-96f88b7cd1cc 204 0 - 0.126 ms
[2026-06-15 17:40:59:4059] [INFO]: GET /api/functional-requirements?productId=69f411d7-819a-4809-8f68-96f88b7cd1cc 200 2 - 5.473 ms
[2026-06-15 17:40:59:4059] [INFO]: GET /api/user-stories?productId=69f411d7-819a-4809-8f68-96f88b7cd1cc 304 - - 21.566 ms
[2026-06-15 17:40:59:4059] [INFO]: GET /api/requirements-mapping?projectId=69f411d7-819a-4809-8f68-96f88b7cd1cc 200 2 - 28.727 ms
[2026-06-15 17:40:59:4059] [INFO]: GET /api/functional-requirements?productId=69f411d7-819a-4809-8f68-96f88b7cd1cc 304 - - 16.016 ms
[2026-06-15 17:40:59:4059] [INFO]: GET /api/user-stories?productId=69f411d7-819a-4809-8f68-96f88b7cd1cc 304 - - 20.917 ms
[2026-06-15 17:40:59:4059] [INFO]: GET /api/requirements-mapping?projectId=69f411d7-819a-4809-8f68-96f88b7cd1cc 304 - - 13.529 ms
[2026-06-15 17:41:02:412] [INFO]: OPTIONS /api/users/all 204 0 - 0.090 ms
[2026-06-15 17:41:02:412] [INFO]: OPTIONS /api/products 204 0 - 0.065 ms
[2026-06-15 17:41:02:412] [INFO]: OPTIONS /api/users/all 204 0 - 0.071 ms
[2026-06-15 17:41:02:412] [INFO]: OPTIONS /api/products 204 0 - 0.063 ms
[2026-06-15 17:41:02:412] [INFO]: GET /api/products 304 - - 4.801 ms
[2026-06-15 17:41:02:412] [INFO]: GET /api/users/all 200 44088 - 10.492 ms
[2026-06-15 17:41:02:412] [INFO]: GET /api/products 304 - - 4.329 ms
[2026-06-15 17:41:02:412] [INFO]: GET /api/users/all 304 - - 5.974 ms
[2026-06-15 17:43:30:4330] [INFO]: ==================================================
[2026-06-15 17:43:30:4330] [INFO]: 🚀 TKS API Server with Socket.IO is running on port: 5000
[2026-06-15 17:43:30:4330] [INFO]: 🔐 Bypass MS Auth status: false
[2026-06-15 17:43:30:4330] [INFO]: ==================================================
[2026-06-15 17:43:32:4332] [INFO]: [SOCKET] User connected: Krishna Shelar (8e2089f4-e03a-4dc3-8eb0-4ed4771a785e) - Socket: 0FeokwtNA3o2aZ5NAAAC
[2026-06-15 17:43:32:4332] [INFO]: [SOCKET] User connected: Krishna Shelar (8e2089f4-e03a-4dc3-8eb0-4ed4771a785e) - Socket: Gy9ZBYEOWksYXTFsAAAD
[2026-06-15 17:43:39:4339] [INFO]: ==================================================
[2026-06-15 17:43:39:4339] [INFO]: 🚀 TKS API Server with Socket.IO is running on port: 5000
[2026-06-15 17:43:39:4339] [INFO]: 🔐 Bypass MS Auth status: false
[2026-06-15 17:43:39:4339] [INFO]: ==================================================
[2026-06-15 17:43:41:4341] [INFO]: [SOCKET] User connected: Krishna Shelar (8e2089f4-e03a-4dc3-8eb0-4ed4771a785e) - Socket: xC1IpCDZlNftIlSJAAAB
[2026-06-15 17:43:42:4342] [INFO]: [SOCKET] User connected: Krishna Shelar (8e2089f4-e03a-4dc3-8eb0-4ed4771a785e) - Socket: 1AjNTeOW5rmXX0tIAAAD
[2026-06-15 17:44:04:444] [INFO]: ==================================================
[2026-06-15 17:44:04:444] [INFO]: 🚀 TKS API Server with Socket.IO is running on port: 5000
[2026-06-15 17:44:05:445] [INFO]: 🔐 Bypass MS Auth status: false
[2026-06-15 17:44:05:445] [INFO]: ==================================================
[2026-06-15 17:44:07:447] [INFO]: [SOCKET] User connected: Krishna Shelar (8e2089f4-e03a-4dc3-8eb0-4ed4771a785e) - Socket: z1dwxAA30HxSpuvKAAAC
[2026-06-15 17:44:07:447] [INFO]: [SOCKET] User connected: Krishna Shelar (8e2089f4-e03a-4dc3-8eb0-4ed4771a785e) - Socket: E_vFid6apidLjM8vAAAD
[2026-06-15 17:45:46:4546] [INFO]: [SOCKET] User disconnected: Krishna Shelar (8e2089f4-e03a-4dc3-8eb0-4ed4771a785e) - Socket: z1dwxAA30HxSpuvKAAAC
[2026-06-15 17:45:46:4546] [INFO]: [SOCKET] User disconnected: Krishna Shelar (8e2089f4-e03a-4dc3-8eb0-4ed4771a785e) - Socket: E_vFid6apidLjM8vAAAD
[2026-06-15 17:45:47:4547] [INFO]: OPTIONS /api/products 204 0 - 1.134 ms
[2026-06-15 17:45:47:4547] [INFO]: OPTIONS /api/products 204 0 - 0.260 ms
[2026-06-15 17:45:47:4547] [INFO]: [SOCKET] User connected: Krishna Shelar (8e2089f4-e03a-4dc3-8eb0-4ed4771a785e) - Socket: NYivsjQAkKRIuxMrAAAG
[2026-06-15 17:45:47:4547] [INFO]: [SOCKET] User connected: Krishna Shelar (8e2089f4-e03a-4dc3-8eb0-4ed4771a785e) - Socket: QD_MA8xLUAOL-kApAAAH
[2026-06-15 17:45:47:4547] [INFO]: GET /api/products 304 - - 100.560 ms
[2026-06-15 17:45:47:4547] [INFO]: GET /api/products 304 - - 8.581 ms
[2026-06-15 17:45:47:4547] [INFO]: OPTIONS /api/products/69f411d7-819a-4809-8f68-96f88b7cd1cc/status 204 0 - 0.196 ms
[2026-06-15 17:45:47:4547] [INFO]: OPTIONS /api/users 204 0 - 0.121 ms
[2026-06-15 17:45:47:4547] [INFO]: OPTIONS /api/users 204 0 - 0.170 ms
[2026-06-15 17:45:47:4547] [INFO]: GET /api/users 304 - - 5.965 ms
[2026-06-15 17:45:47:4547] [INFO]: GET /api/products/69f411d7-819a-4809-8f68-96f88b7cd1cc/status 304 - - 16.581 ms
[2026-06-15 17:45:47:4547] [INFO]: GET /api/users 304 - - 16.164 ms
[2026-06-15 17:45:47:4547] [INFO]: GET /api/products/69f411d7-819a-4809-8f68-96f88b7cd1cc/status 304 - - 12.055 ms
[2026-06-15 17:45:47:4547] [INFO]: GET /api/products/69f411d7-819a-4809-8f68-96f88b7cd1cc/status 304 - - 7.119 ms
[2026-06-15 17:45:56:4556] [INFO]: OPTIONS /api/users/all 204 0 - 0.160 ms
[2026-06-15 17:45:56:4556] [INFO]: OPTIONS /api/products 204 0 - 0.124 ms
[2026-06-15 17:45:56:4556] [INFO]: OPTIONS /api/users/all 204 0 - 0.160 ms
[2026-06-15 17:45:56:4556] [INFO]: OPTIONS /api/products 204 0 - 0.205 ms
[2026-06-15 17:45:56:4556] [INFO]: GET /api/products 304 - - 3.907 ms
[2026-06-15 17:45:56:4556] [INFO]: GET /api/users/all 200 44111 - 19.735 ms
[2026-06-15 17:45:56:4556] [INFO]: GET /api/products 304 - - 12.716 ms
[2026-06-15 17:45:56:4556] [INFO]: GET /api/users/all 304 - - 16.483 ms
[2026-06-15 17:47:20:4720] [INFO]: OPTIONS /api/users/all 204 0 - 0.181 ms
[2026-06-15 17:47:21:4721] [INFO]: POST /api/users/all 201 306 - 64.515 ms
[2026-06-15 17:48:46:4846] [INFO]: OPTIONS /api/users/all 204 0 - 0.133 ms
[2026-06-15 17:48:46:4846] [INFO]: POST /api/users/all 201 298 - 16.810 ms
[2026-06-15 17:52:59:5259] [INFO]: ==================================================
[2026-06-15 17:52:59:5259] [INFO]: 🚀 TKS API Server with Socket.IO is running on port: 5000
[2026-06-15 17:52:59:5259] [INFO]: 🔐 Bypass MS Auth status: false
[2026-06-15 17:52:59:5259] [INFO]: ==================================================
[2026-06-15 17:52:59:5259] [INFO]: [SOCKET] User connected: Krishna Shelar (8e2089f4-e03a-4dc3-8eb0-4ed4771a785e) - Socket: pzo90bEzJIG8RJzMAAAC
[2026-06-15 17:52:59:5259] [INFO]: [SOCKET] User connected: Krishna Shelar (8e2089f4-e03a-4dc3-8eb0-4ed4771a785e) - Socket: GbdiI9UmnPbW5nixAAAD
[2026-06-15 17:52:59:5259] [INFO]: [SOCKET] User disconnected: Krishna Shelar (8e2089f4-e03a-4dc3-8eb0-4ed4771a785e) - Socket: pzo90bEzJIG8RJzMAAAC
[2026-06-15 17:52:59:5259] [INFO]: [SOCKET] User disconnected: Krishna Shelar (8e2089f4-e03a-4dc3-8eb0-4ed4771a785e) - Socket: GbdiI9UmnPbW5nixAAAD
[2026-06-15 17:53:00:530] [INFO]: OPTIONS /api/products 204 0 - 0.475 ms
[2026-06-15 17:53:00:530] [INFO]: OPTIONS /api/products 204 0 - 0.086 ms
[2026-06-15 17:53:00:530] [INFO]: [SOCKET] User connected: Krishna Shelar (8e2089f4-e03a-4dc3-8eb0-4ed4771a785e) - Socket: e62Acizcjzc_KWodAAAG
[2026-06-15 17:53:00:530] [INFO]: [SOCKET] User connected: Krishna Shelar (8e2089f4-e03a-4dc3-8eb0-4ed4771a785e) - Socket: w7CSWSqm5LBfAYuKAAAH
[2026-06-15 17:53:00:530] [INFO]: GET /api/products 304 - - 36.760 ms
[2026-06-15 17:53:00:530] [INFO]: GET /api/products 304 - - 4.338 ms
[2026-06-15 17:53:00:530] [INFO]: OPTIONS /api/products/69f411d7-819a-4809-8f68-96f88b7cd1cc/status 204 0 - 0.156 ms
[2026-06-15 17:53:00:530] [INFO]: OPTIONS /api/users 204 0 - 0.202 ms
[2026-06-15 17:53:00:530] [INFO]: GET /api/users 200 269 - 15.505 ms
[2026-06-15 17:53:00:530] [INFO]: GET /api/users 304 - - 4.466 ms
[2026-06-15 17:53:00:530] [INFO]: GET /api/products/69f411d7-819a-4809-8f68-96f88b7cd1cc/status 304 - - 27.014 ms
[2026-06-15 17:53:00:530] [INFO]: GET /api/products/69f411d7-819a-4809-8f68-96f88b7cd1cc/status 304 - - 6.467 ms
[2026-06-15 17:53:00:530] [INFO]: GET /api/products/69f411d7-819a-4809-8f68-96f88b7cd1cc/status 304 - - 6.845 ms
[2026-06-15 17:53:03:533] [INFO]: OPTIONS /api/users/all 204 0 - 0.177 ms
[2026-06-15 17:53:03:533] [INFO]: OPTIONS /api/users/all 204 0 - 0.142 ms
[2026-06-15 17:53:03:533] [INFO]: GET /api/products 304 - - 15.499 ms
[2026-06-15 17:53:03:533] [INFO]: GET /api/users/all 200 44550 - 19.134 ms
[2026-06-15 17:53:03:533] [INFO]: GET /api/products 304 - - 12.315 ms
[2026-06-15 17:53:03:533] [INFO]: GET /api/users/all 304 - - 10.809 ms
[2026-06-15 17:53:09:539] [INFO]: ==================================================
[2026-06-15 17:53:09:539] [INFO]: 🚀 TKS API Server with Socket.IO is running on port: 5000
[2026-06-15 17:53:09:539] [INFO]: 🔐 Bypass MS Auth status: false
[2026-06-15 17:53:09:539] [INFO]: ==================================================
[2026-06-15 17:53:09:539] [INFO]: [SOCKET] User connected: Krishna Shelar (8e2089f4-e03a-4dc3-8eb0-4ed4771a785e) - Socket: 9ElEgJSWC2tXUs_TAAAB
[2026-06-15 17:53:11:5311] [INFO]: [SOCKET] User connected: Krishna Shelar (8e2089f4-e03a-4dc3-8eb0-4ed4771a785e) - Socket: wtlJWNGJXHJZOZFHAAAD
[2026-06-15 17:53:29:5329] [INFO]: ==================================================
[2026-06-15 17:53:29:5329] [INFO]: 🚀 TKS API Server with Socket.IO is running on port: 5000
[2026-06-15 17:53:29:5329] [INFO]: 🔐 Bypass MS Auth status: false
[2026-06-15 17:53:29:5329] [INFO]: ==================================================
[2026-06-15 17:53:29:5329] [INFO]: [SOCKET] User connected: Krishna Shelar (8e2089f4-e03a-4dc3-8eb0-4ed4771a785e) - Socket: i2G7_09NgGQBO5t-AAAB
[2026-06-15 17:53:31:5331] [INFO]: [SOCKET] User connected: Krishna Shelar (8e2089f4-e03a-4dc3-8eb0-4ed4771a785e) - Socket: ZYy3woyMKb57AXIhAAAD
[2026-06-15 17:54:11:5411] [INFO]: ==================================================
[2026-06-15 17:54:11:5411] [INFO]: 🚀 TKS API Server with Socket.IO is running on port: 5000
[2026-06-15 17:54:11:5411] [INFO]: 🔐 Bypass MS Auth status: false
[2026-06-15 17:54:11:5411] [INFO]: ==================================================
[2026-06-15 17:54:12:5412] [INFO]: [SOCKET] User connected: Krishna Shelar (8e2089f4-e03a-4dc3-8eb0-4ed4771a785e) - Socket: 1O6lcVAyf1JFzCC0AAAB
[2026-06-15 17:54:13:5413] [INFO]: [SOCKET] User connected: Krishna Shelar (8e2089f4-e03a-4dc3-8eb0-4ed4771a785e) - Socket: 9g4xL1nTN7rIvvz6AAAD
[2026-06-15 17:55:53:5553] [INFO]: POST /api/users/all 201 347 - 47.578 ms
[2026-06-15 17:55:53:5553] [INFO]: GET /api/users/all 200 44964 - 7.439 ms
[2026-06-15 17:55:53:5553] [INFO]: PUT /api/users/all/e459e2fc-674e-41c3-810c-a7c14084f064 200 298 - 18.091 ms
[2026-06-15 17:55:53:5553] [INFO]: DELETE /api/users/all/e459e2fc-674e-41c3-810c-a7c14084f064 200 40 - 10.395 ms
[2026-06-15 17:56:20:5620] [INFO]: ==================================================
[2026-06-15 17:56:20:5620] [INFO]: 🚀 TKS API Server with Socket.IO is running on port: 5000
[2026-06-15 17:56:20:5620] [INFO]: 🔐 Bypass MS Auth status: false
[2026-06-15 17:56:20:5620] [INFO]: ==================================================
[2026-06-15 17:56:21:5621] [INFO]: [SOCKET] User connected: Krishna Shelar (8e2089f4-e03a-4dc3-8eb0-4ed4771a785e) - Socket: Mrk-4Tw9dLM72ufbAAAB
[2026-06-15 17:56:22:5622] [INFO]: [SOCKET] User connected: Krishna Shelar (8e2089f4-e03a-4dc3-8eb0-4ed4771a785e) - Socket: -90G9lcQM9iCX7WXAAAD
[2026-06-15 17:58:44:5844] [INFO]: OPTIONS /api/users/all 204 0 - 1.441 ms
[2026-06-15 17:58:44:5844] [INFO]: POST /api/users/all 201 294 - 132.508 ms
[2026-06-15 17:59:03:593] [INFO]: OPTIONS /api/products/69f411d7-819a-4809-8f68-96f88b7cd1cc/status 204 0 - 0.188 ms
[2026-06-15 17:59:03:593] [INFO]: OPTIONS /api/products/69f411d7-819a-4809-8f68-96f88b7cd1cc/status 204 0 - 0.135 ms
[2026-06-15 17:59:03:593] [INFO]: OPTIONS /api/users 204 0 - 0.200 ms
[2026-06-15 17:59:03:593] [INFO]: OPTIONS /api/users 204 0 - 0.177 ms
[2026-06-15 17:59:03:593] [INFO]: GET /api/users 200 407 - 9.761 ms
[2026-06-15 17:59:03:593] [INFO]: GET /api/products/69f411d7-819a-4809-8f68-96f88b7cd1cc/status 304 - - 24.673 ms
[2026-06-15 17:59:03:593] [INFO]: GET /api/users 304 - - 8.472 ms
[2026-06-15 17:59:03:593] [INFO]: GET /api/products/69f411d7-819a-4809-8f68-96f88b7cd1cc/status 304 - - 11.585 ms
[2026-06-15 17:59:15:5915] [INFO]: OPTIONS /api/features?productId=69f411d7-819a-4809-8f68-96f88b7cd1cc 204 0 - 0.154 ms
[2026-06-15 17:59:15:5915] [INFO]: OPTIONS /api/users 204 0 - 0.127 ms
[2026-06-15 17:59:15:5915] [INFO]: OPTIONS /api/features?productId=69f411d7-819a-4809-8f68-96f88b7cd1cc 204 0 - 0.149 ms
[2026-06-15 17:59:15:5915] [INFO]: OPTIONS /api/users 204 0 - 0.146 ms
[2026-06-15 17:59:15:5915] [INFO]: GET /api/users 304 - - 3.217 ms
[2026-06-15 17:59:15:5915] [INFO]: GET /api/features?productId=69f411d7-819a-4809-8f68-96f88b7cd1cc 304 - - 6.641 ms
[2026-06-15 17:59:15:5915] [INFO]: GET /api/users 304 - - 3.669 ms
[2026-06-15 17:59:15:5915] [INFO]: GET /api/features?productId=69f411d7-819a-4809-8f68-96f88b7cd1cc 304 - - 5.677 ms
[2026-06-15 17:59:18:5918] [INFO]: OPTIONS /api/user-stories?productId=69f411d7-819a-4809-8f68-96f88b7cd1cc 204 0 - 0.181 ms
[2026-06-15 17:59:18:5918] [INFO]: OPTIONS /api/user-stories?productId=69f411d7-819a-4809-8f68-96f88b7cd1cc 204 0 - 0.108 ms
[2026-06-15 17:59:18:5918] [INFO]: GET /api/users 304 - - 4.464 ms
[2026-06-15 17:59:18:5918] [INFO]: GET /api/features?productId=69f411d7-819a-4809-8f68-96f88b7cd1cc 304 - - 10.942 ms
[2026-06-15 17:59:18:5918] [INFO]: GET /api/users 304 - - 5.465 ms
[2026-06-15 17:59:18:5918] [INFO]: GET /api/user-stories?productId=69f411d7-819a-4809-8f68-96f88b7cd1cc 304 - - 19.028 ms
[2026-06-15 17:59:18:5918] [INFO]: GET /api/features?productId=69f411d7-819a-4809-8f68-96f88b7cd1cc 304 - - 17.960 ms
[2026-06-15 17:59:18:5918] [INFO]: GET /api/user-stories?productId=69f411d7-819a-4809-8f68-96f88b7cd1cc 304 - - 21.203 ms
[2026-06-15 17:59:18:5918] [INFO]: OPTIONS /api/requirements-mapping?projectId=69f411d7-819a-4809-8f68-96f88b7cd1cc 204 0 - 0.106 ms
[2026-06-15 17:59:18:5918] [INFO]: OPTIONS /api/functional-requirements?productId=69f411d7-819a-4809-8f68-96f88b7cd1cc 204 0 - 0.081 ms
[2026-06-15 17:59:18:5918] [INFO]: OPTIONS /api/requirements-mapping?projectId=69f411d7-819a-4809-8f68-96f88b7cd1cc 204 0 - 0.122 ms
[2026-06-15 17:59:18:5918] [INFO]: OPTIONS /api/functional-requirements?productId=69f411d7-819a-4809-8f68-96f88b7cd1cc 204 0 - 0.103 ms
[2026-06-15 17:59:18:5918] [INFO]: GET /api/functional-requirements?productId=69f411d7-819a-4809-8f68-96f88b7cd1cc 304 - - 5.771 ms
[2026-06-15 17:59:18:5918] [INFO]: GET /api/user-stories?productId=69f411d7-819a-4809-8f68-96f88b7cd1cc 304 - - 14.726 ms
[2026-06-15 17:59:18:5918] [INFO]: GET /api/functional-requirements?productId=69f411d7-819a-4809-8f68-96f88b7cd1cc 304 - - 7.112 ms
[2026-06-15 17:59:18:5918] [INFO]: GET /api/requirements-mapping?projectId=69f411d7-819a-4809-8f68-96f88b7cd1cc 304 - - 30.301 ms
[2026-06-15 17:59:18:5918] [INFO]: GET /api/user-stories?productId=69f411d7-819a-4809-8f68-96f88b7cd1cc 304 - - 21.921 ms
[2026-06-15 17:59:18:5918] [INFO]: GET /api/requirements-mapping?projectId=69f411d7-819a-4809-8f68-96f88b7cd1cc 304 - - 15.295 ms
[2026-06-15 17:59:19:5919] [INFO]: OPTIONS /api/users/all 204 0 - 0.096 ms
[2026-06-15 17:59:19:5919] [INFO]: OPTIONS /api/products 204 0 - 0.073 ms
[2026-06-15 17:59:19:5919] [INFO]: OPTIONS /api/users/all 204 0 - 0.069 ms
[2026-06-15 17:59:19:5919] [INFO]: OPTIONS /api/products 204 0 - 0.072 ms
[2026-06-15 17:59:19:5919] [INFO]: GET /api/products 304 - - 3.879 ms
[2026-06-15 17:59:19:5919] [INFO]: GET /api/users/all 200 44911 - 11.913 ms
[2026-06-15 17:59:19:5919] [INFO]: GET /api/products 304 - - 6.515 ms
[2026-06-15 17:59:19:5919] [INFO]: GET /api/users/all 304 - - 9.024 ms
[2026-06-15 17:59:24:5924] [INFO]: OPTIONS /api/products/69f411d7-819a-4809-8f68-96f88b7cd1cc/status 204 0 - 0.131 ms
[2026-06-15 17:59:24:5924] [INFO]: OPTIONS /api/users 204 0 - 0.072 ms
[2026-06-15 17:59:24:5924] [INFO]: OPTIONS /api/products/69f411d7-819a-4809-8f68-96f88b7cd1cc/status 204 0 - 0.068 ms
[2026-06-15 17:59:24:5924] [INFO]: OPTIONS /api/users 204 0 - 0.069 ms
[2026-06-15 17:59:24:5924] [INFO]: GET /api/users 304 - - 3.744 ms
[2026-06-15 17:59:24:5924] [INFO]: GET /api/products/69f411d7-819a-4809-8f68-96f88b7cd1cc/status 304 - - 7.059 ms
[2026-06-15 17:59:24:5924] [INFO]: GET /api/users 304 - - 2.816 ms
[2026-06-15 17:59:24:5924] [INFO]: GET /api/products/69f411d7-819a-4809-8f68-96f88b7cd1cc/status 304 - - 4.763 ms
[2026-06-15 18:02:10:210] [INFO]: ==================================================
[2026-06-15 18:02:10:210] [INFO]: 🚀 TKS API Server with Socket.IO is running on port: 5000
[2026-06-15 18:02:10:210] [INFO]: 🔐 Bypass MS Auth status: false
[2026-06-15 18:02:10:210] [INFO]: ==================================================
[2026-06-15 18:02:10:210] [INFO]: [SOCKET] User connected: Krishna Shelar (8e2089f4-e03a-4dc3-8eb0-4ed4771a785e) - Socket: Vjd5x8Z_nRF9QCsoAAAB
[2026-06-15 18:02:11:211] [INFO]: [SOCKET] User connected: Krishna Shelar (8e2089f4-e03a-4dc3-8eb0-4ed4771a785e) - Socket: OX9GXgfWj8sMy7OQAAAD
[2026-06-15 18:05:15:515] [INFO]: POST /api/auth/microsoft 400 45 - 40.839 ms
[2026-06-15 18:05:42:542] [INFO]: ==================================================
[2026-06-15 18:05:42:542] [INFO]: 🚀 TKS API Server with Socket.IO is running on port: 5000
[2026-06-15 18:05:42:542] [INFO]: 🔐 Bypass MS Auth status: true
[2026-06-15 18:05:42:542] [INFO]: ==================================================
[2026-06-15 18:05:42:542] [INFO]: [SOCKET] User connected: Krishna Shelar (8e2089f4-e03a-4dc3-8eb0-4ed4771a785e) - Socket: 1v5-_53Vi919IDUKAAAB
[2026-06-15 18:05:42:542] [INFO]: [SOCKET] User connected: Krishna Shelar (8e2089f4-e03a-4dc3-8eb0-4ed4771a785e) - Socket: SwTnTnXP9QRCPN9mAAAD
[2026-06-15 18:05:50:550] [INFO]: POST /api/auth/microsoft 200 44338 - 135.069 ms
[2026-06-15 18:05:50:550] [INFO]: POST /api/auth/microsoft 403 156 - 6.539 ms
[2026-06-15 18:06:04:64] [INFO]: ==================================================
[2026-06-15 18:06:04:64] [INFO]: 🚀 TKS API Server with Socket.IO is running on port: 5000
[2026-06-15 18:06:04:64] [INFO]: 🔐 Bypass MS Auth status: true
[2026-06-15 18:06:04:64] [INFO]: ==================================================
[2026-06-15 18:06:04:64] [INFO]: [SOCKET] User connected: Krishna Shelar (8e2089f4-e03a-4dc3-8eb0-4ed4771a785e) - Socket: s4mSlDWDoCo5OZaJAAAB
[2026-06-15 18:06:05:65] [INFO]: [SOCKET] User connected: Krishna Shelar (8e2089f4-e03a-4dc3-8eb0-4ed4771a785e) - Socket: d2FmXGUgw9tvBq1YAAAD
[2026-06-15 18:06:21:621] [INFO]: POST /api/auth/microsoft 200 479 - 64.324 ms
[2026-06-15 18:06:21:621] [INFO]: POST /api/auth/microsoft 200 44338 - 11.622 ms
[2026-06-15 18:06:21:621] [INFO]: POST /api/products 403 75 - 3.727 ms
[2026-06-15 18:06:21:621] [INFO]: DELETE /api/products/some-invalid-or-dummy-uuid 403 75 - 4.334 ms
[2026-06-15 18:06:21:621] [INFO]: POST /api/products 201 206 - 59.130 ms
[2026-06-15 18:06:21:621] [INFO]: DELETE /api/products/e3076740-1f2c-46dd-801f-0408baf41de8 200 43 - 44.083 ms
[2026-06-15 18:06:34:634] [INFO]: ==================================================
[2026-06-15 18:06:34:634] [INFO]: 🚀 TKS API Server with Socket.IO is running on port: 5000
[2026-06-15 18:06:34:634] [INFO]: 🔐 Bypass MS Auth status: false
[2026-06-15 18:06:34:634] [INFO]: ==================================================
[2026-06-15 18:06:37:637] [INFO]: [SOCKET] User connected: Krishna Shelar (8e2089f4-e03a-4dc3-8eb0-4ed4771a785e) - Socket: EQgvNYoNrB89dHllAAAB
[2026-06-15 18:06:38:638] [INFO]: [SOCKET] User connected: Krishna Shelar (8e2089f4-e03a-4dc3-8eb0-4ed4771a785e) - Socket: 1HKGIXdbIYyGb2zdAAAD
[2026-06-15 18:06:55:655] [INFO]: ==================================================
[2026-06-15 18:06:55:655] [INFO]: 🚀 TKS API Server with Socket.IO is running on port: 5000
[2026-06-15 18:06:55:655] [INFO]: 🔐 Bypass MS Auth status: false
[2026-06-15 18:06:55:655] [INFO]: ==================================================
[2026-06-15 18:06:57:657] [INFO]: [SOCKET] User connected: Krishna Shelar (8e2089f4-e03a-4dc3-8eb0-4ed4771a785e) - Socket: 1_4DdYvJ_6MEihvsAAAB
[2026-06-15 18:06:58:658] [INFO]: [SOCKET] User connected: Krishna Shelar (8e2089f4-e03a-4dc3-8eb0-4ed4771a785e) - Socket: L4NxAfVF3jX43aoqAAAD
[2026-06-15 18:07:07:77] [INFO]: [SOCKET] User disconnected: Krishna Shelar (8e2089f4-e03a-4dc3-8eb0-4ed4771a785e) - Socket: 1_4DdYvJ_6MEihvsAAAB
[2026-06-15 18:07:07:77] [INFO]: [SOCKET] User disconnected: Krishna Shelar (8e2089f4-e03a-4dc3-8eb0-4ed4771a785e) - Socket: L4NxAfVF3jX43aoqAAAD
[2026-06-15 18:07:09:79] [INFO]: OPTIONS /api/products 204 0 - 3.087 ms
[2026-06-15 18:07:09:79] [INFO]: OPTIONS /api/products 204 0 - 0.590 ms
[2026-06-15 18:07:09:79] [INFO]: [SOCKET] User connected: Krishna Shelar (8e2089f4-e03a-4dc3-8eb0-4ed4771a785e) - Socket: w4-WlWIzmFnlzJaxAAAG
[2026-06-15 18:07:09:79] [INFO]: [SOCKET] User connected: Krishna Shelar (8e2089f4-e03a-4dc3-8eb0-4ed4771a785e) - Socket: -f-OvOlNWlZlK7akAAAH
[2026-06-15 18:07:09:79] [INFO]: GET /api/products 304 - - 161.222 ms
[2026-06-15 18:07:09:79] [INFO]: GET /api/products 304 - - 11.744 ms
[2026-06-15 18:07:09:79] [INFO]: OPTIONS /api/products/69f411d7-819a-4809-8f68-96f88b7cd1cc/status 204 0 - 0.288 ms
[2026-06-15 18:07:09:79] [INFO]: OPTIONS /api/users 204 0 - 5.041 ms
[2026-06-15 18:07:09:79] [INFO]: OPTIONS /api/users 204 0 - 1.499 ms
[2026-06-15 18:07:09:79] [INFO]: GET /api/users 304 - - 25.395 ms
[2026-06-15 18:07:09:79] [INFO]: GET /api/products/69f411d7-819a-4809-8f68-96f88b7cd1cc/status 304 - - 60.560 ms
[2026-06-15 18:07:09:79] [INFO]: GET /api/users 304 - - 8.955 ms
[2026-06-15 18:07:09:79] [INFO]: GET /api/products/69f411d7-819a-4809-8f68-96f88b7cd1cc/status 304 - - 22.296 ms
[2026-06-15 18:07:09:79] [INFO]: GET /api/products/69f411d7-819a-4809-8f68-96f88b7cd1cc/status 304 - - 23.276 ms
[2026-06-15 18:07:24:724] [INFO]: OPTIONS /api/products 204 0 - 0.141 ms
[2026-06-15 18:07:24:724] [INFO]: POST /api/products 201 161 - 56.262 ms
[2026-06-15 18:07:24:724] [INFO]: OPTIONS /api/products/d99294e2-70b0-4ceb-9f19-59f26987f403/status 204 0 - 0.145 ms
[2026-06-15 18:07:24:724] [INFO]: GET /api/products/d99294e2-70b0-4ceb-9f19-59f26987f403/status 200 2 - 22.387 ms
[2026-06-15 18:07:28:728] [INFO]: OPTIONS /api/users/all 204 0 - 0.151 ms
[2026-06-15 18:07:28:728] [INFO]: OPTIONS /api/users/all 204 0 - 0.125 ms
[2026-06-15 18:07:28:728] [INFO]: GET /api/products 200 1654 - 13.864 ms
[2026-06-15 18:07:28:728] [INFO]: GET /api/users/all 304 - - 29.283 ms
[2026-06-15 18:07:28:728] [INFO]: GET /api/products 304 - - 16.345 ms
[2026-06-15 18:07:28:728] [INFO]: GET /api/users/all 304 - - 14.704 ms
[2026-06-15 18:07:33:733] [INFO]: OPTIONS /api/products/d99294e2-70b0-4ceb-9f19-59f26987f403/status 204 0 - 0.182 ms
[2026-06-15 18:07:33:733] [INFO]: OPTIONS /api/users 204 0 - 0.104 ms
[2026-06-15 18:07:33:733] [INFO]: OPTIONS /api/products/d99294e2-70b0-4ceb-9f19-59f26987f403/status 204 0 - 0.167 ms
[2026-06-15 18:07:33:733] [INFO]: OPTIONS /api/users 204 0 - 0.083 ms
[2026-06-15 18:07:33:733] [INFO]: GET /api/users 304 - - 3.895 ms
[2026-06-15 18:07:33:733] [INFO]: GET /api/users 304 - - 2.879 ms
[2026-06-15 18:07:33:733] [INFO]: GET /api/products/d99294e2-70b0-4ceb-9f19-59f26987f403/status 304 - - 22.399 ms
[2026-06-15 18:07:33:733] [INFO]: GET /api/products/d99294e2-70b0-4ceb-9f19-59f26987f403/status 304 - - 11.470 ms
[2026-06-15 18:07:43:743] [INFO]: OPTIONS /api/products/69f411d7-819a-4809-8f68-96f88b7cd1cc/status 204 0 - 0.105 ms
[2026-06-15 18:07:43:743] [INFO]: GET /api/products/69f411d7-819a-4809-8f68-96f88b7cd1cc/status 304 - - 4.639 ms
[2026-06-15 18:07:45:745] [INFO]: OPTIONS /api/products/d99294e2-70b0-4ceb-9f19-59f26987f403/status 204 0 - 0.184 ms
[2026-06-15 18:07:45:745] [INFO]: GET /api/products/d99294e2-70b0-4ceb-9f19-59f26987f403/status 304 - - 4.865 ms
[2026-06-15 18:10:27:1027] [INFO]: ==================================================
[2026-06-15 18:10:27:1027] [INFO]: 🚀 TKS API Server with Socket.IO is running on port: 5000
[2026-06-15 18:10:27:1027] [INFO]: 🔐 Bypass MS Auth status: false
[2026-06-15 18:10:27:1027] [INFO]: ==================================================
[2026-06-15 18:10:28:1028] [INFO]: [SOCKET] User connected: Krishna Shelar (8e2089f4-e03a-4dc3-8eb0-4ed4771a785e) - Socket: I9YzlPs9Vl9GZ5GhAAAB
[2026-06-15 18:10:30:1030] [INFO]: [SOCKET] User connected: Krishna Shelar (8e2089f4-e03a-4dc3-8eb0-4ed4771a785e) - Socket: YolKiLPL1WocDS00AAAD
[2026-06-15 18:11:16:1116] [INFO]: ==================================================
[2026-06-15 18:11:16:1116] [INFO]: 🚀 TKS API Server with Socket.IO is running on port: 5000
[2026-06-15 18:11:16:1116] [INFO]: 🔐 Bypass MS Auth status: true
[2026-06-15 18:11:16:1116] [INFO]: ==================================================
[2026-06-15 18:11:21:1121] [INFO]: [SOCKET] User connected: Krishna Shelar (8e2089f4-e03a-4dc3-8eb0-4ed4771a785e) - Socket: k1oalrvqaWoiqEQ2AAAB
[2026-06-15 18:11:23:1123] [INFO]: [SOCKET] User connected: Krishna Shelar (8e2089f4-e03a-4dc3-8eb0-4ed4771a785e) - Socket: tvlnMZkZ6NYEagOsAAAD
[2026-06-15 18:11:47:1147] [INFO]: POST /api/auth/microsoft 200 479 - 44.860 ms
[2026-06-15 18:11:47:1147] [INFO]: POST /api/auth/microsoft 200 44338 - 7.643 ms
[2026-06-15 18:11:47:1147] [INFO]: GET /api/products 200 1654 - 5.100 ms
[2026-06-15 18:11:47:1147] [INFO]: [NOTIFICATION SERVICE] Creating notification for user 927c0f75-562c-4b12-837e-fa53666a1538: "Task Assigned"
[2026-06-15 18:11:47:1147] [INFO]: [SOCKET] Emitting event "notification" to user room 927c0f75-562c-4b12-837e-fa53666a1538
[2026-06-15 18:11:47:1147] [INFO]: POST /api/status 201 467 - 44.143 ms
[2026-06-15 18:11:47:1147] [INFO]: POST /api/status 403 96 - 1.201 ms
[2026-06-15 18:11:47:1147] [INFO]: PUT /api/status/bc0bb68e-2bfb-4f62-b5ee-71ab525b91b9 403 75 - 3.060 ms
[2026-06-15 18:11:47:1147] [INFO]: [NOTIFICATION SERVICE] Creating notification for user 927c0f75-562c-4b12-837e-fa53666a1538: "Task Status Changed"
[2026-06-15 18:11:47:1147] [INFO]: [SOCKET] Emitting event "notification" to user room 927c0f75-562c-4b12-837e-fa53666a1538
[2026-06-15 18:11:47:1147] [INFO]: PUT /api/status/bc0bb68e-2bfb-4f62-b5ee-71ab525b91b9 200 474 - 33.137 ms
[2026-06-15 18:11:47:1147] [INFO]: PUT /api/status/bc0bb68e-2bfb-4f62-b5ee-71ab525b91b9 403 93 - 3.047 ms
[2026-06-15 18:11:47:1147] [INFO]: PUT /api/status/bc0bb68e-2bfb-4f62-b5ee-71ab525b91b9 401 57 - 0.665 ms
[2026-06-15 18:12:00:120] [INFO]: ==================================================
[2026-06-15 18:12:00:120] [INFO]: 🚀 TKS API Server with Socket.IO is running on port: 5000
[2026-06-15 18:12:00:120] [INFO]: 🔐 Bypass MS Auth status: false
[2026-06-15 18:12:00:120] [INFO]: ==================================================
[2026-06-15 18:12:01:121] [INFO]: [SOCKET] User connected: Krishna Shelar (8e2089f4-e03a-4dc3-8eb0-4ed4771a785e) - Socket: 3MQSI6w93IFP3uKWAAAC
[2026-06-15 18:12:01:121] [INFO]: [SOCKET] User connected: Krishna Shelar (8e2089f4-e03a-4dc3-8eb0-4ed4771a785e) - Socket: WNzmhJY-cJCHXU1qAAAD
[2026-06-15 18:14:52:1452] [INFO]: [SOCKET] User disconnected: Krishna Shelar (8e2089f4-e03a-4dc3-8eb0-4ed4771a785e) - Socket: 3MQSI6w93IFP3uKWAAAC
[2026-06-15 18:14:52:1452] [INFO]: [SOCKET] User disconnected: Krishna Shelar (8e2089f4-e03a-4dc3-8eb0-4ed4771a785e) - Socket: WNzmhJY-cJCHXU1qAAAD
[2026-06-15 18:14:54:1454] [INFO]: OPTIONS /api/products 204 0 - 1.170 ms
[2026-06-15 18:14:54:1454] [INFO]: OPTIONS /api/products 204 0 - 0.284 ms
[2026-06-15 18:14:54:1454] [INFO]: [SOCKET] User connected: Krishna Shelar (8e2089f4-e03a-4dc3-8eb0-4ed4771a785e) - Socket: NhRCX51ZsdL4fzQNAAAG
[2026-06-15 18:14:54:1454] [INFO]: [SOCKET] User connected: Krishna Shelar (8e2089f4-e03a-4dc3-8eb0-4ed4771a785e) - Socket: zhdavqFjCWRGIJD-AAAH
[2026-06-15 18:14:54:1454] [INFO]: GET /api/products 304 - - 100.731 ms
[2026-06-15 18:14:54:1454] [INFO]: GET /api/products 304 - - 8.312 ms
[2026-06-15 18:14:54:1454] [INFO]: OPTIONS /api/products/69f411d7-819a-4809-8f68-96f88b7cd1cc/status 204 0 - 0.215 ms
[2026-06-15 18:14:54:1454] [INFO]: OPTIONS /api/users 204 0 - 0.186 ms
[2026-06-15 18:14:54:1454] [INFO]: OPTIONS /api/users 204 0 - 0.161 ms
[2026-06-15 18:14:54:1454] [INFO]: GET /api/users 304 - - 27.677 ms
[2026-06-15 18:14:54:1454] [INFO]: GET /api/products/69f411d7-819a-4809-8f68-96f88b7cd1cc/status 200 476 - 36.854 ms
[2026-06-15 18:14:54:1454] [INFO]: GET /api/users 304 - - 12.381 ms
[2026-06-15 18:14:54:1454] [INFO]: GET /api/products/69f411d7-819a-4809-8f68-96f88b7cd1cc/status 304 - - 10.418 ms
[2026-06-15 18:14:54:1454] [INFO]: GET /api/products/69f411d7-819a-4809-8f68-96f88b7cd1cc/status 304 - - 15.070 ms
[2026-06-15 18:15:02:152] [INFO]: OPTIONS /api/users/all 204 0 - 0.169 ms
[2026-06-15 18:15:02:152] [INFO]: OPTIONS /api/products 204 0 - 0.108 ms
[2026-06-15 18:15:02:152] [INFO]: OPTIONS /api/users/all 204 0 - 0.109 ms
[2026-06-15 18:15:02:152] [INFO]: OPTIONS /api/products 204 0 - 0.122 ms
[2026-06-15 18:15:02:152] [INFO]: GET /api/products 304 - - 7.857 ms
[2026-06-15 18:15:02:152] [INFO]: GET /api/users/all 200 44949 - 15.918 ms
[2026-06-15 18:15:02:152] [INFO]: GET /api/products 304 - - 17.495 ms
[2026-06-15 18:15:02:152] [INFO]: GET /api/users/all 304 - - 12.630 ms
[2026-06-15 18:15:04:154] [INFO]: OPTIONS /api/products/69f411d7-819a-4809-8f68-96f88b7cd1cc/status 204 0 - 0.178 ms
[2026-06-15 18:15:04:154] [INFO]: OPTIONS /api/users 204 0 - 0.190 ms
[2026-06-15 18:15:04:154] [INFO]: OPTIONS /api/products/69f411d7-819a-4809-8f68-96f88b7cd1cc/status 204 0 - 0.079 ms
[2026-06-15 18:15:04:154] [INFO]: OPTIONS /api/users 204 0 - 0.749 ms
[2026-06-15 18:15:04:154] [INFO]: GET /api/users 304 - - 2.977 ms
[2026-06-15 18:15:04:154] [INFO]: GET /api/products/69f411d7-819a-4809-8f68-96f88b7cd1cc/status 304 - - 8.029 ms
[2026-06-15 18:15:04:154] [INFO]: GET /api/users 304 - - 4.628 ms
[2026-06-15 18:15:04:154] [INFO]: GET /api/products/69f411d7-819a-4809-8f68-96f88b7cd1cc/status 304 - - 6.193 ms
[2026-06-15 18:15:10:1510] [INFO]: OPTIONS /api/products/69f411d7-819a-4809-8f68-96f88b7cd1cc/status 204 0 - 0.140 ms
[2026-06-15 18:15:10:1510] [INFO]: GET /api/products/69f411d7-819a-4809-8f68-96f88b7cd1cc/status 304 - - 5.307 ms
[2026-06-15 18:15:15:1515] [INFO]: OPTIONS /api/status/bc0bb68e-2bfb-4f62-b5ee-71ab525b91b9 204 0 - 0.117 ms
[2026-06-15 18:15:15:1515] [INFO]: [NOTIFICATION SERVICE] Creating notification for user 927c0f75-562c-4b12-837e-fa53666a1538: "Task Status Changed"
[2026-06-15 18:15:15:1515] [INFO]: [SOCKET] Emitting event "notification" to user room 927c0f75-562c-4b12-837e-fa53666a1538
[2026-06-15 18:15:15:1515] [INFO]: PUT /api/status/bc0bb68e-2bfb-4f62-b5ee-71ab525b91b9 200 467 - 87.986 ms
[2026-06-15 18:15:55:1555] [INFO]: OPTIONS /api/features?productId=69f411d7-819a-4809-8f68-96f88b7cd1cc 204 0 - 0.187 ms
[2026-06-15 18:15:55:1555] [INFO]: OPTIONS /api/users 204 0 - 0.080 ms
[2026-06-15 18:15:55:1555] [INFO]: OPTIONS /api/features?productId=69f411d7-819a-4809-8f68-96f88b7cd1cc 204 0 - 0.079 ms
[2026-06-15 18:15:55:1555] [INFO]: OPTIONS /api/users 204 0 - 0.292 ms
[2026-06-15 18:15:55:1555] [INFO]: GET /api/users 304 - - 4.527 ms
[2026-06-15 18:15:55:1555] [INFO]: GET /api/features?productId=69f411d7-819a-4809-8f68-96f88b7cd1cc 304 - - 5.660 ms
[2026-06-15 18:15:55:1555] [INFO]: GET /api/users 304 - - 3.456 ms
[2026-06-15 18:15:55:1555] [INFO]: GET /api/features?productId=69f411d7-819a-4809-8f68-96f88b7cd1cc 304 - - 4.748 ms
[2026-06-15 18:15:56:1556] [INFO]: OPTIONS /api/user-stories?productId=69f411d7-819a-4809-8f68-96f88b7cd1cc 204 0 - 0.114 ms
[2026-06-15 18:15:56:1556] [INFO]: OPTIONS /api/user-stories?productId=69f411d7-819a-4809-8f68-96f88b7cd1cc 204 0 - 0.074 ms
[2026-06-15 18:15:56:1556] [INFO]: GET /api/users 304 - - 5.748 ms
[2026-06-15 18:15:56:1556] [INFO]: GET /api/features?productId=69f411d7-819a-4809-8f68-96f88b7cd1cc 304 - - 9.223 ms
[2026-06-15 18:15:56:1556] [INFO]: GET /api/users 304 - - 2.848 ms
[2026-06-15 18:15:56:1556] [INFO]: GET /api/user-stories?productId=69f411d7-819a-4809-8f68-96f88b7cd1cc 304 - - 11.150 ms
[2026-06-15 18:15:56:1556] [INFO]: GET /api/features?productId=69f411d7-819a-4809-8f68-96f88b7cd1cc 304 - - 4.220 ms
[2026-06-15 18:15:56:1556] [INFO]: GET /api/user-stories?productId=69f411d7-819a-4809-8f68-96f88b7cd1cc 304 - - 6.376 ms
[2026-06-15 18:15:56:1556] [INFO]: OPTIONS /api/requirements-mapping?projectId=69f411d7-819a-4809-8f68-96f88b7cd1cc 204 0 - 0.099 ms
[2026-06-15 18:15:56:1556] [INFO]: OPTIONS /api/functional-requirements?productId=69f411d7-819a-4809-8f68-96f88b7cd1cc 204 0 - 0.065 ms
[2026-06-15 18:15:56:1556] [INFO]: OPTIONS /api/requirements-mapping?projectId=69f411d7-819a-4809-8f68-96f88b7cd1cc 204 0 - 0.056 ms
[2026-06-15 18:15:56:1556] [INFO]: OPTIONS /api/functional-requirements?productId=69f411d7-819a-4809-8f68-96f88b7cd1cc 204 0 - 0.078 ms
[2026-06-15 18:15:56:1556] [INFO]: GET /api/functional-requirements?productId=69f411d7-819a-4809-8f68-96f88b7cd1cc 304 - - 3.961 ms
[2026-06-15 18:15:56:1556] [INFO]: GET /api/user-stories?productId=69f411d7-819a-4809-8f68-96f88b7cd1cc 304 - - 9.228 ms
[2026-06-15 18:15:56:1556] [INFO]: GET /api/requirements-mapping?projectId=69f411d7-819a-4809-8f68-96f88b7cd1cc 304 - - 7.928 ms
[2026-06-15 18:15:56:1556] [INFO]: GET /api/functional-requirements?productId=69f411d7-819a-4809-8f68-96f88b7cd1cc 304 - - 4.117 ms
[2026-06-15 18:15:56:1556] [INFO]: GET /api/user-stories?productId=69f411d7-819a-4809-8f68-96f88b7cd1cc 304 - - 6.425 ms
[2026-06-15 18:15:56:1556] [INFO]: GET /api/requirements-mapping?projectId=69f411d7-819a-4809-8f68-96f88b7cd1cc 304 - - 11.799 ms
[2026-06-15 18:15:58:1558] [INFO]: OPTIONS /api/users/all 204 0 - 0.102 ms
[2026-06-15 18:15:58:1558] [INFO]: OPTIONS /api/products 204 0 - 0.069 ms
[2026-06-15 18:15:58:1558] [INFO]: OPTIONS /api/users/all 204 0 - 0.076 ms
[2026-06-15 18:15:58:1558] [INFO]: OPTIONS /api/products 204 0 - 0.087 ms
[2026-06-15 18:15:58:1558] [INFO]: GET /api/products 304 - - 3.077 ms
[2026-06-15 18:15:58:1558] [INFO]: GET /api/users/all 304 - - 8.762 ms
[2026-06-15 18:15:58:1558] [INFO]: GET /api/products 304 - - 3.706 ms
[2026-06-15 18:15:58:1558] [INFO]: GET /api/users/all 304 - - 7.656 ms
[2026-06-15 18:16:30:1630] [INFO]: OPTIONS /api/products/69f411d7-819a-4809-8f68-96f88b7cd1cc/status 204 0 - 0.106 ms
[2026-06-15 18:16:30:1630] [INFO]: OPTIONS /api/users 204 0 - 0.079 ms
[2026-06-15 18:16:30:1630] [INFO]: OPTIONS /api/products/69f411d7-819a-4809-8f68-96f88b7cd1cc/status 204 0 - 0.074 ms
[2026-06-15 18:16:30:1630] [INFO]: OPTIONS /api/users 204 0 - 0.069 ms
[2026-06-15 18:16:30:1630] [INFO]: GET /api/users 304 - - 2.642 ms
[2026-06-15 18:16:30:1630] [INFO]: GET /api/products/69f411d7-819a-4809-8f68-96f88b7cd1cc/status 200 469 - 9.785 ms
[2026-06-15 18:16:30:1630] [INFO]: GET /api/users 304 - - 3.011 ms
[2026-06-15 18:16:30:1630] [INFO]: GET /api/products/69f411d7-819a-4809-8f68-96f88b7cd1cc/status 304 - - 6.214 ms
[2026-06-15 18:19:24:1924] [INFO]: OPTIONS /api/users/all 204 0 - 0.119 ms
[2026-06-15 18:19:24:1924] [INFO]: OPTIONS /api/products 204 0 - 0.081 ms
[2026-06-15 18:19:24:1924] [INFO]: OPTIONS /api/users/all 204 0 - 0.070 ms
[2026-06-15 18:19:24:1924] [INFO]: OPTIONS /api/products 204 0 - 0.282 ms
[2026-06-15 18:19:24:1924] [INFO]: GET /api/products 304 - - 3.273 ms
[2026-06-15 18:19:24:1924] [INFO]: GET /api/users/all 304 - - 7.904 ms
[2026-06-15 18:19:24:1924] [INFO]: GET /api/products 304 - - 2.766 ms
[2026-06-15 18:19:24:1924] [INFO]: GET /api/users/all 304 - - 22.912 ms
[2026-06-15 18:19:38:1938] [INFO]: OPTIONS /api/users/all/927c0f75-562c-4b12-837e-fa53666a1538 204 0 - 0.100 ms
[2026-06-15 18:19:38:1938] [INFO]: PUT /api/users/all/927c0f75-562c-4b12-837e-fa53666a1538 200 324 - 32.313 ms
[2026-06-15 18:19:57:1957] [INFO]: OPTIONS /api/users/all/927c0f75-562c-4b12-837e-fa53666a1538 204 0 - 0.101 ms
[2026-06-15 18:19:57:1957] [INFO]: PUT /api/users/all/927c0f75-562c-4b12-837e-fa53666a1538 200 324 - 23.661 ms
[2026-06-15 18:20:04:204] [INFO]: [SOCKET] User disconnected: Krishna Shelar (8e2089f4-e03a-4dc3-8eb0-4ed4771a785e) - Socket: NhRCX51ZsdL4fzQNAAAG
[2026-06-15 18:20:04:204] [INFO]: [SOCKET] User disconnected: Krishna Shelar (8e2089f4-e03a-4dc3-8eb0-4ed4771a785e) - Socket: zhdavqFjCWRGIJD-AAAH
[2026-06-15 18:20:04:204] [INFO]: OPTIONS /api/products 204 0 - 0.096 ms
[2026-06-15 18:20:04:204] [INFO]: OPTIONS /api/products 204 0 - 0.116 ms
[2026-06-15 18:20:04:204] [INFO]: [SOCKET] User connected: Krishna Shelar (8e2089f4-e03a-4dc3-8eb0-4ed4771a785e) - Socket: mdhYAASApeZuqbiKAAAK
[2026-06-15 18:20:04:204] [INFO]: GET /api/products 304 - - 57.700 ms
[2026-06-15 18:20:04:204] [INFO]: [SOCKET] User connected: Krishna Shelar (8e2089f4-e03a-4dc3-8eb0-4ed4771a785e) - Socket: L4GkBbKGu49elhbpAAAL
[2026-06-15 18:20:04:204] [INFO]: OPTIONS /api/products/69f411d7-819a-4809-8f68-96f88b7cd1cc/status 204 0 - 0.213 ms
[2026-06-15 18:20:05:205] [INFO]: OPTIONS /api/users 204 0 - 0.112 ms
[2026-06-15 18:20:05:205] [INFO]: OPTIONS /api/products/69f411d7-819a-4809-8f68-96f88b7cd1cc/status 204 0 - 0.132 ms
[2026-06-15 18:20:05:205] [INFO]: OPTIONS /api/users 204 0 - 0.110 ms
[2026-06-15 18:20:05:205] [INFO]: GET /api/products 304 - - 108.417 ms
[2026-06-15 18:20:05:205] [INFO]: GET /api/users 304 - - 11.085 ms
[2026-06-15 18:20:05:205] [INFO]: GET /api/products/69f411d7-819a-4809-8f68-96f88b7cd1cc/status 304 - - 35.453 ms
[2026-06-15 18:20:05:205] [INFO]: GET /api/users 304 - - 10.042 ms
[2026-06-15 18:20:05:205] [INFO]: GET /api/products/69f411d7-819a-4809-8f68-96f88b7cd1cc/status 304 - - 14.371 ms
[2026-06-15 18:20:05:205] [INFO]: GET /api/products/69f411d7-819a-4809-8f68-96f88b7cd1cc/status 304 - - 9.207 ms
[2026-06-15 18:20:07:207] [INFO]: OPTIONS /api/users/all 204 0 - 0.111 ms
[2026-06-15 18:20:07:207] [INFO]: OPTIONS /api/users/all 204 0 - 0.078 ms
[2026-06-15 18:20:07:207] [INFO]: GET /api/products 304 - - 12.488 ms
[2026-06-15 18:20:07:207] [INFO]: GET /api/users/all 200 44987 - 17.751 ms
[2026-06-15 18:20:07:207] [INFO]: GET /api/products 304 - - 15.240 ms
[2026-06-15 18:20:07:207] [INFO]: GET /api/users/all 304 - - 27.808 ms
[2026-06-15 18:20:29:2029] [INFO]: OPTIONS /api/users/all/927c0f75-562c-4b12-837e-fa53666a1538 204 0 - 0.109 ms
[2026-06-15 18:20:29:2029] [INFO]: DELETE /api/users/all/927c0f75-562c-4b12-837e-fa53666a1538 400 244 - 21.001 ms
[2026-06-15 18:20:37:2037] [INFO]: OPTIONS /api/users/all/927c0f75-562c-4b12-837e-fa53666a1538 204 0 - 0.105 ms
[2026-06-15 18:20:37:2037] [INFO]: DELETE /api/users/all/927c0f75-562c-4b12-837e-fa53666a1538 400 244 - 11.947 ms
[2026-06-15 18:20:51:2051] [INFO]: OPTIONS /api/users/all/927c0f75-562c-4b12-837e-fa53666a1538 204 0 - 0.096 ms
[2026-06-15 18:20:51:2051] [INFO]: DELETE /api/users/all/927c0f75-562c-4b12-837e-fa53666a1538 400 244 - 18.769 ms
[2026-06-15 18:21:03:213] [INFO]: OPTIONS /api/users/all/927c0f75-562c-4b12-837e-fa53666a1538 204 0 - 0.101 ms
[2026-06-15 18:21:04:214] [INFO]: DELETE /api/users/all/927c0f75-562c-4b12-837e-fa53666a1538 400 244 - 20.565 ms
[2026-06-15 18:22:36:2236] [INFO]: ==================================================
[2026-06-15 18:22:36:2236] [INFO]: 🚀 TKS API Server with Socket.IO is running on port: 5000
[2026-06-15 18:22:36:2236] [INFO]: 🔐 Bypass MS Auth status: false
[2026-06-15 18:22:36:2236] [INFO]: ==================================================
[2026-06-15 18:22:38:2238] [INFO]: [SOCKET] User connected: Krishna Shelar (8e2089f4-e03a-4dc3-8eb0-4ed4771a785e) - Socket: 3X_xXN_WxmnjFdvGAAAB
[2026-06-15 18:22:38:2238] [INFO]: [SOCKET] User connected: Krishna Shelar (8e2089f4-e03a-4dc3-8eb0-4ed4771a785e) - Socket: vCjrWLU5b4jE-5TFAAAD
[2026-06-15 18:23:01:231] [INFO]: ==================================================
[2026-06-15 18:23:01:231] [INFO]: 🚀 TKS API Server with Socket.IO is running on port: 5000
[2026-06-15 18:23:01:231] [INFO]: 🔐 Bypass MS Auth status: true
[2026-06-15 18:23:01:231] [INFO]: ==================================================
[2026-06-15 18:23:05:235] [INFO]: [SOCKET] User connected: Krishna Shelar (8e2089f4-e03a-4dc3-8eb0-4ed4771a785e) - Socket: w3euanIkCSKBXErWAAAB
[2026-06-15 18:23:06:236] [INFO]: [SOCKET] User connected: Krishna Shelar (8e2089f4-e03a-4dc3-8eb0-4ed4771a785e) - Socket: xccSd2OfjqCFnh84AAAD
[2026-06-15 18:23:36:2336] [INFO]: POST /api/auth/microsoft 200 44338 - 30.533 ms
[2026-06-15 18:23:36:2336] [INFO]: GET /api/users/all 200 44987 - 15.815 ms
[2026-06-15 18:23:36:2336] [INFO]: DELETE /api/users/all/927c0f75-562c-4b12-837e-fa53666a1538 200 40 - 24.821 ms
[2026-06-15 18:23:51:2351] [INFO]: ==================================================
[2026-06-15 18:23:51:2351] [INFO]: 🚀 TKS API Server with Socket.IO is running on port: 5000
[2026-06-15 18:23:51:2351] [INFO]: 🔐 Bypass MS Auth status: false
[2026-06-15 18:23:51:2351] [INFO]: ==================================================
[2026-06-15 18:23:54:2354] [INFO]: [SOCKET] User connected: Krishna Shelar (8e2089f4-e03a-4dc3-8eb0-4ed4771a785e) - Socket: f7p3n6sQew4GcHv7AAAC
[2026-06-15 18:23:54:2354] [INFO]: [SOCKET] User connected: Krishna Shelar (8e2089f4-e03a-4dc3-8eb0-4ed4771a785e) - Socket: 0bty-2diVfvkRZycAAAD
[2026-06-15 18:24:30:2430] [INFO]: [SOCKET] User disconnected: Krishna Shelar (8e2089f4-e03a-4dc3-8eb0-4ed4771a785e) - Socket: f7p3n6sQew4GcHv7AAAC
[2026-06-15 18:24:30:2430] [INFO]: [SOCKET] User disconnected: Krishna Shelar (8e2089f4-e03a-4dc3-8eb0-4ed4771a785e) - Socket: 0bty-2diVfvkRZycAAAD
[2026-06-15 18:24:32:2432] [INFO]: OPTIONS /api/products 204 0 - 2.185 ms
[2026-06-15 18:24:32:2432] [INFO]: OPTIONS /api/products 204 0 - 0.558 ms
[2026-06-15 18:24:32:2432] [INFO]: [SOCKET] User connected: Krishna Shelar (8e2089f4-e03a-4dc3-8eb0-4ed4771a785e) - Socket: 5xnFrvgE-EWTdnwPAAAG
[2026-06-15 18:24:32:2432] [INFO]: [SOCKET] User connected: Krishna Shelar (8e2089f4-e03a-4dc3-8eb0-4ed4771a785e) - Socket: rdNEAwaXxuoOrYakAAAH
[2026-06-15 18:24:32:2432] [INFO]: GET /api/products 304 - - 73.885 ms
[2026-06-15 18:24:32:2432] [INFO]: GET /api/products 304 - - 9.295 ms
[2026-06-15 18:24:32:2432] [INFO]: OPTIONS /api/products/69f411d7-819a-4809-8f68-96f88b7cd1cc/status 204 0 - 0.328 ms
[2026-06-15 18:24:32:2432] [INFO]: OPTIONS /api/users 204 0 - 0.406 ms
[2026-06-15 18:24:32:2432] [INFO]: OPTIONS /api/products/69f411d7-819a-4809-8f68-96f88b7cd1cc/status 204 0 - 0.255 ms
[2026-06-15 18:24:32:2432] [INFO]: OPTIONS /api/users 204 0 - 1.208 ms
[2026-06-15 18:24:32:2432] [INFO]: GET /api/users 200 277 - 12.816 ms
[2026-06-15 18:24:32:2432] [INFO]: GET /api/products/69f411d7-819a-4809-8f68-96f88b7cd1cc/status 200 2 - 33.900 ms
[2026-06-15 18:24:32:2432] [INFO]: GET /api/users 304 - - 7.258 ms
[2026-06-15 18:24:32:2432] [INFO]: GET /api/products/69f411d7-819a-4809-8f68-96f88b7cd1cc/status 304 - - 13.765 ms
[2026-06-15 18:24:32:2432] [INFO]: GET /api/products/69f411d7-819a-4809-8f68-96f88b7cd1cc/status 304 - - 12.556 ms
[2026-06-15 18:24:34:2434] [INFO]: OPTIONS /api/users/all 204 0 - 0.147 ms
[2026-06-15 18:24:34:2434] [INFO]: OPTIONS /api/users/all 204 0 - 0.133 ms
[2026-06-15 18:24:34:2434] [INFO]: GET /api/products 304 - - 5.716 ms
[2026-06-15 18:24:34:2434] [INFO]: GET /api/users/all 200 44662 - 13.192 ms
[2026-06-15 18:24:34:2434] [INFO]: GET /api/products 304 - - 9.810 ms
[2026-06-15 18:24:34:2434] [INFO]: GET /api/users/all 304 - - 9.495 ms
[2026-06-15 18:24:38:2438] [INFO]: OPTIONS /api/users/all/6fbca44e-b62b-4938-8cf4-6a7bd2f55cc3 204 0 - 0.184 ms
[2026-06-15 18:24:38:2438] [INFO]: DELETE /api/users/all/6fbca44e-b62b-4938-8cf4-6a7bd2f55cc3 200 40 - 24.774 ms
[2026-06-15 18:25:42:2542] [INFO]: OPTIONS /api/users/all 204 0 - 0.252 ms
[2026-06-15 18:25:42:2542] [INFO]: POST /api/users/all 201 286 - 61.423 ms
[2026-06-15 18:26:43:2643] [INFO]: OPTIONS /api/users/all 204 0 - 0.107 ms
[2026-06-15 18:26:43:2643] [INFO]: POST /api/users/all 201 294 - 18.363 ms
[2026-06-15 18:27:23:2723] [INFO]: OPTIONS /api/users/all 204 0 - 0.195 ms
[2026-06-15 18:27:23:2723] [INFO]: POST /api/users/all 201 284 - 16.134 ms
[2026-06-15 18:28:30:2830] [INFO]: OPTIONS /api/users/all 204 0 - 0.101 ms
[2026-06-15 18:28:30:2830] [INFO]: POST /api/users/all 201 280 - 18.351 ms
[2026-06-15 18:28:38:2838] [INFO]: OPTIONS /api/products/69f411d7-819a-4809-8f68-96f88b7cd1cc/status 204 0 - 0.114 ms
[2026-06-15 18:28:38:2838] [INFO]: OPTIONS /api/users 204 0 - 0.069 ms
[2026-06-15 18:28:38:2838] [INFO]: OPTIONS /api/products/69f411d7-819a-4809-8f68-96f88b7cd1cc/status 204 0 - 0.058 ms
[2026-06-15 18:28:38:2838] [INFO]: OPTIONS /api/users 204 0 - 0.079 ms
[2026-06-15 18:28:38:2838] [INFO]: GET /api/users 200 659 - 10.221 ms
[2026-06-15 18:28:38:2838] [INFO]: GET /api/products/69f411d7-819a-4809-8f68-96f88b7cd1cc/status 304 - - 17.403 ms
[2026-06-15 18:28:38:2838] [INFO]: GET /api/users 304 - - 7.030 ms
[2026-06-15 18:28:38:2838] [INFO]: GET /api/products/69f411d7-819a-4809-8f68-96f88b7cd1cc/status 304 - - 8.370 ms
[2026-06-15 18:28:54:2854] [INFO]: OPTIONS /api/products 204 0 - 0.105 ms
[2026-06-15 18:28:54:2854] [INFO]: POST /api/products 201 171 - 15.243 ms
[2026-06-15 18:28:54:2854] [INFO]: OPTIONS /api/products/23878e08-f465-46b6-8706-58689a55d450/status 204 0 - 0.173 ms
[2026-06-15 18:28:54:2854] [INFO]: GET /api/products/23878e08-f465-46b6-8706-58689a55d450/status 200 2 - 6.662 ms
[2026-06-15 18:28:56:2856] [INFO]: OPTIONS /api/users/all 204 0 - 0.105 ms
[2026-06-15 18:28:56:2856] [INFO]: OPTIONS /api/users/all 204 0 - 0.094 ms
[2026-06-15 18:28:56:2856] [INFO]: GET /api/products 200 1826 - 4.080 ms
[2026-06-15 18:28:56:2856] [INFO]: GET /api/products 304 - - 2.578 ms
[2026-06-15 18:28:56:2856] [INFO]: GET /api/users/all 200 45553 - 8.998 ms
[2026-06-15 18:28:56:2856] [INFO]: GET /api/users/all 304 - - 6.315 ms
[2026-06-15 18:29:02:292] [INFO]: OPTIONS /api/users/all/b9d125b5-562c-4ce9-b1b1-49128b2f7d8c 204 0 - 0.101 ms
[2026-06-15 18:29:02:292] [INFO]: PUT /api/users/all/b9d125b5-562c-4ce9-b1b1-49128b2f7d8c 200 323 - 31.944 ms
[2026-06-15 18:30:39:3039] [INFO]: OPTIONS /api/users/all 204 0 - 0.108 ms
[2026-06-15 18:30:39:3039] [INFO]: POST /api/users/all 201 288 - 28.939 ms
[2026-06-15 18:32:31:3231] [INFO]: OPTIONS /api/users/all 204 0 - 0.105 ms
[2026-06-15 18:32:31:3231] [INFO]: POST /api/users/all 201 364 - 21.145 ms
[2026-06-15 18:34:41:3441] [INFO]: OPTIONS /api/users/all 204 0 - 0.142 ms
[2026-06-15 18:34:41:3441] [INFO]: POST /api/users/all 201 358 - 18.089 ms
[2026-06-15 18:36:52:3652] [INFO]: OPTIONS /api/users/all 204 0 - 0.103 ms
[2026-06-15 18:36:52:3652] [INFO]: POST /api/users/all 201 251 - 22.982 ms
[2026-06-15 18:37:32:3732] [INFO]: OPTIONS /api/users/all 204 0 - 0.161 ms
[2026-06-15 18:37:32:3732] [INFO]: POST /api/users/all 201 251 - 16.071 ms
[2026-06-15 18:38:26:3826] [INFO]: OPTIONS /api/users/all 204 0 - 0.097 ms
[2026-06-15 18:38:26:3826] [INFO]: POST /api/users/all 201 249 - 16.523 ms
[2026-06-15 18:39:41:3941] [INFO]: OPTIONS /api/users/all 204 0 - 0.100 ms
[2026-06-15 18:39:41:3941] [INFO]: POST /api/users/all 201 288 - 15.689 ms
[2026-06-15 18:40:25:4025] [INFO]: OPTIONS /api/users/all 204 0 - 0.095 ms
[2026-06-15 18:40:25:4025] [INFO]: POST /api/users/all 201 282 - 17.323 ms
[2026-06-15 18:47:50:4750] [INFO]: OPTIONS /api/users/all 204 0 - 0.122 ms
[2026-06-15 18:47:50:4750] [INFO]: POST /api/users/all 201 368 - 29.287 ms
[2026-06-15 18:47:56:4756] [INFO]: OPTIONS /api/products/23878e08-f465-46b6-8706-58689a55d450/status 204 0 - 0.100 ms
[2026-06-15 18:47:56:4756] [INFO]: OPTIONS /api/users 204 0 - 0.073 ms
[2026-06-15 18:47:56:4756] [INFO]: OPTIONS /api/products/23878e08-f465-46b6-8706-58689a55d450/status 204 0 - 0.065 ms
[2026-06-15 18:47:56:4756] [INFO]: OPTIONS /api/users 204 0 - 0.076 ms
[2026-06-15 18:47:56:4756] [INFO]: GET /api/users 200 1437 - 8.575 ms
[2026-06-15 18:47:56:4756] [INFO]: GET /api/products/23878e08-f465-46b6-8706-58689a55d450/status 304 - - 14.099 ms
[2026-06-15 18:47:56:4756] [INFO]: GET /api/users 304 - - 7.902 ms
[2026-06-15 18:47:56:4756] [INFO]: GET /api/products/23878e08-f465-46b6-8706-58689a55d450/status 304 - - 13.727 ms
[2026-06-15 18:48:01:481] [INFO]: OPTIONS /api/products/8b3ec194-05bc-492d-a545-7a212191c5bf/status 204 0 - 0.099 ms
[2026-06-15 18:48:01:481] [INFO]: GET /api/products/8b3ec194-05bc-492d-a545-7a212191c5bf/status 200 2 - 4.701 ms
[2026-06-15 18:48:02:482] [INFO]: OPTIONS /api/products/69f411d7-819a-4809-8f68-96f88b7cd1cc/status 204 0 - 0.100 ms
[2026-06-15 18:48:02:482] [INFO]: GET /api/products/69f411d7-819a-4809-8f68-96f88b7cd1cc/status 304 - - 4.505 ms
[2026-06-15 18:48:07:487] [INFO]: [SOCKET] User disconnected: Krishna Shelar (8e2089f4-e03a-4dc3-8eb0-4ed4771a785e) - Socket: 5xnFrvgE-EWTdnwPAAAG
[2026-06-15 18:48:07:487] [INFO]: [SOCKET] User disconnected: Krishna Shelar (8e2089f4-e03a-4dc3-8eb0-4ed4771a785e) - Socket: rdNEAwaXxuoOrYakAAAH
[2026-06-15 18:48:07:487] [INFO]: OPTIONS /api/products 204 0 - 0.099 ms
[2026-06-15 18:48:07:487] [INFO]: OPTIONS /api/products 204 0 - 0.176 ms
[2026-06-15 18:48:07:487] [INFO]: GET /api/products 304 - - 6.644 ms
[2026-06-15 18:48:07:487] [INFO]: [SOCKET] User connected: Krishna Shelar (8e2089f4-e03a-4dc3-8eb0-4ed4771a785e) - Socket: fC6_SNbo4v17YeAIAAAK
[2026-06-15 18:48:07:487] [INFO]: [SOCKET] User connected: Krishna Shelar (8e2089f4-e03a-4dc3-8eb0-4ed4771a785e) - Socket: tmvHYxFExCpEYctJAAAL
[2026-06-15 18:48:07:487] [INFO]: GET /api/products 304 - - 14.025 ms
[2026-06-15 18:48:07:487] [INFO]: OPTIONS /api/users 204 0 - 0.102 ms
[2026-06-15 18:48:07:487] [INFO]: GET /api/users 304 - - 3.484 ms
[2026-06-15 18:48:07:487] [INFO]: GET /api/products/69f411d7-819a-4809-8f68-96f88b7cd1cc/status 304 - - 6.377 ms
[2026-06-15 18:48:07:487] [INFO]: GET /api/users 304 - - 4.913 ms
[2026-06-15 18:48:07:487] [INFO]: GET /api/products/69f411d7-819a-4809-8f68-96f88b7cd1cc/status 304 - - 8.257 ms
[2026-06-15 18:48:07:487] [INFO]: GET /api/products/69f411d7-819a-4809-8f68-96f88b7cd1cc/status 304 - - 9.561 ms
[2026-06-15 18:48:10:4810] [INFO]: [SOCKET] User disconnected: Krishna Shelar (8e2089f4-e03a-4dc3-8eb0-4ed4771a785e) - Socket: fC6_SNbo4v17YeAIAAAK
[2026-06-15 18:48:10:4810] [INFO]: [SOCKET] User disconnected: Krishna Shelar (8e2089f4-e03a-4dc3-8eb0-4ed4771a785e) - Socket: tmvHYxFExCpEYctJAAAL
[2026-06-15 18:48:10:4810] [INFO]: GET /api/products 304 - - 5.796 ms
[2026-06-15 18:48:10:4810] [INFO]: GET /api/products 304 - - 5.364 ms
[2026-06-15 18:48:10:4810] [INFO]: [SOCKET] User connected: Krishna Shelar (8e2089f4-e03a-4dc3-8eb0-4ed4771a785e) - Socket: Q3iH4P7t6o-9pWvWAAAO
[2026-06-15 18:48:10:4810] [INFO]: [SOCKET] User connected: Krishna Shelar (8e2089f4-e03a-4dc3-8eb0-4ed4771a785e) - Socket: xkZhYxP_7PpedmJiAAAP
[2026-06-15 18:48:10:4810] [INFO]: OPTIONS /api/products/69f411d7-819a-4809-8f68-96f88b7cd1cc/status 204 0 - 0.147 ms
[2026-06-15 18:48:10:4810] [INFO]: GET /api/users 304 - - 10.906 ms
[2026-06-15 18:48:10:4810] [INFO]: GET /api/users 304 - - 6.633 ms
[2026-06-15 18:48:10:4810] [INFO]: GET /api/products/69f411d7-819a-4809-8f68-96f88b7cd1cc/status 304 - - 23.799 ms
[2026-06-15 18:48:10:4810] [INFO]: GET /api/products/69f411d7-819a-4809-8f68-96f88b7cd1cc/status 304 - - 11.123 ms
[2026-06-15 18:48:12:4812] [INFO]: GET /api/products/69f411d7-819a-4809-8f68-96f88b7cd1cc/status 304 - - 5.005 ms
[2026-06-15 18:58:50:5850] [INFO]: [SOCKET] User disconnected: Krishna Shelar (8e2089f4-e03a-4dc3-8eb0-4ed4771a785e) - Socket: Q3iH4P7t6o-9pWvWAAAO
[2026-06-15 18:58:50:5850] [INFO]: [SOCKET] User disconnected: Krishna Shelar (8e2089f4-e03a-4dc3-8eb0-4ed4771a785e) - Socket: xkZhYxP_7PpedmJiAAAP
[2026-06-15 21:43:42:4342] [INFO]: [SOCKET] User connected: Krishna Shelar (8e2089f4-e03a-4dc3-8eb0-4ed4771a785e) - Socket: ySHlltVokH7rhr26AAAS
[2026-06-15 21:43:45:4345] [INFO]: [SOCKET] User connected: Krishna Shelar (8e2089f4-e03a-4dc3-8eb0-4ed4771a785e) - Socket: d-vD77t0QVBevVRpAAAT
[2026-06-15 21:44:11:4411] [INFO]: [SOCKET] User disconnected: Krishna Shelar (8e2089f4-e03a-4dc3-8eb0-4ed4771a785e) - Socket: ySHlltVokH7rhr26AAAS
[2026-06-15 21:44:11:4411] [INFO]: [SOCKET] User disconnected: Krishna Shelar (8e2089f4-e03a-4dc3-8eb0-4ed4771a785e) - Socket: d-vD77t0QVBevVRpAAAT
[2026-06-15 21:44:11:4411] [INFO]: OPTIONS /api/products 204 0 - 0.098 ms
[2026-06-15 21:44:11:4411] [INFO]: OPTIONS /api/products 204 0 - 0.228 ms
[2026-06-15 21:44:11:4411] [INFO]: [SOCKET] User connected: Krishna Shelar (8e2089f4-e03a-4dc3-8eb0-4ed4771a785e) - Socket: pPUELwYRF-hEDY64AAAW
[2026-06-15 21:44:11:4411] [INFO]: [SOCKET] User connected: Krishna Shelar (8e2089f4-e03a-4dc3-8eb0-4ed4771a785e) - Socket: pEgskoQpAytT0QJ0AAAX
[2026-06-15 21:44:11:4411] [INFO]: GET /api/products 304 - - 21.240 ms
[2026-06-15 21:44:11:4411] [INFO]: GET /api/products 304 - - 5.548 ms
[2026-06-15 21:44:11:4411] [INFO]: OPTIONS /api/products/69f411d7-819a-4809-8f68-96f88b7cd1cc/status 204 0 - 0.094 ms
[2026-06-15 21:44:11:4411] [INFO]: OPTIONS /api/users 204 0 - 0.209 ms
[2026-06-15 21:44:11:4411] [INFO]: OPTIONS /api/users 204 0 - 0.154 ms
[2026-06-15 21:44:11:4411] [INFO]: GET /api/users 304 - - 10.572 ms
[2026-06-15 21:44:11:4411] [INFO]: GET /api/products/69f411d7-819a-4809-8f68-96f88b7cd1cc/status 304 - - 14.371 ms
[2026-06-15 21:44:11:4411] [INFO]: GET /api/users 304 - - 9.026 ms
[2026-06-15 21:44:11:4411] [INFO]: GET /api/products/69f411d7-819a-4809-8f68-96f88b7cd1cc/status 304 - - 10.750 ms
[2026-06-15 21:44:11:4411] [INFO]: GET /api/products/69f411d7-819a-4809-8f68-96f88b7cd1cc/status 304 - - 5.025 ms
[2026-06-15 21:44:13:4413] [INFO]: [SOCKET] User disconnected: Krishna Shelar (8e2089f4-e03a-4dc3-8eb0-4ed4771a785e) - Socket: pPUELwYRF-hEDY64AAAW
[2026-06-15 21:44:13:4413] [INFO]: [SOCKET] User disconnected: Krishna Shelar (8e2089f4-e03a-4dc3-8eb0-4ed4771a785e) - Socket: pEgskoQpAytT0QJ0AAAX
[2026-06-15 21:44:13:4413] [INFO]: GET /api/products 304 - - 9.335 ms
[2026-06-15 21:44:13:4413] [INFO]: [SOCKET] User connected: Krishna Shelar (8e2089f4-e03a-4dc3-8eb0-4ed4771a785e) - Socket: solENnjwVi-RaH8TAAAa
[2026-06-15 21:44:13:4413] [INFO]: [SOCKET] User connected: Krishna Shelar (8e2089f4-e03a-4dc3-8eb0-4ed4771a785e) - Socket: 1pCyqf85u4kzquAbAAAb
[2026-06-15 21:44:13:4413] [INFO]: GET /api/products 304 - - 29.442 ms
[2026-06-15 21:44:13:4413] [INFO]: GET /api/users 304 - - 10.545 ms
[2026-06-15 21:44:13:4413] [INFO]: GET /api/products/69f411d7-819a-4809-8f68-96f88b7cd1cc/status 304 - - 18.921 ms
[2026-06-15 21:44:13:4413] [INFO]: GET /api/users 304 - - 15.974 ms
[2026-06-15 21:44:13:4413] [INFO]: GET /api/products/69f411d7-819a-4809-8f68-96f88b7cd1cc/status 304 - - 19.186 ms
[2026-06-15 21:44:13:4413] [INFO]: GET /api/products/69f411d7-819a-4809-8f68-96f88b7cd1cc/status 304 - - 11.904 ms
[2026-06-15 21:44:18:4418] [INFO]: OPTIONS /api/products/69f411d7-819a-4809-8f68-96f88b7cd1cc/status 204 0 - 0.071 ms
[2026-06-15 21:44:18:4418] [INFO]: GET /api/products/69f411d7-819a-4809-8f68-96f88b7cd1cc/status 304 - - 3.429 ms
[2026-06-15 21:44:25:4425] [INFO]: OPTIONS /api/features?productId=69f411d7-819a-4809-8f68-96f88b7cd1cc 204 0 - 0.073 ms
[2026-06-15 21:44:25:4425] [INFO]: OPTIONS /api/users 204 0 - 0.042 ms
[2026-06-15 21:44:25:4425] [INFO]: OPTIONS /api/features?productId=69f411d7-819a-4809-8f68-96f88b7cd1cc 204 0 - 0.041 ms
[2026-06-15 21:44:25:4425] [INFO]: OPTIONS /api/users 204 0 - 0.034 ms
[2026-06-15 21:44:26:4426] [INFO]: GET /api/users 304 - - 5.532 ms
[2026-06-15 21:44:26:4426] [INFO]: GET /api/features?productId=69f411d7-819a-4809-8f68-96f88b7cd1cc 304 - - 16.114 ms
[2026-06-15 21:44:26:4426] [INFO]: GET /api/users 304 - - 5.657 ms
[2026-06-15 21:44:26:4426] [INFO]: GET /api/features?productId=69f411d7-819a-4809-8f68-96f88b7cd1cc 304 - - 10.807 ms
[2026-06-15 21:44:30:4430] [INFO]: OPTIONS /api/user-stories?productId=69f411d7-819a-4809-8f68-96f88b7cd1cc 204 0 - 0.119 ms
[2026-06-15 21:44:30:4430] [INFO]: OPTIONS /api/user-stories?productId=69f411d7-819a-4809-8f68-96f88b7cd1cc 204 0 - 0.036 ms
[2026-06-15 21:44:30:4430] [INFO]: GET /api/users 304 - - 3.650 ms
[2026-06-15 21:44:30:4430] [INFO]: GET /api/features?productId=69f411d7-819a-4809-8f68-96f88b7cd1cc 304 - - 6.324 ms
[2026-06-15 21:44:30:4430] [INFO]: GET /api/users 304 - - 3.417 ms
[2026-06-15 21:44:30:4430] [INFO]: GET /api/user-stories?productId=69f411d7-819a-4809-8f68-96f88b7cd1cc 304 - - 9.453 ms
[2026-06-15 21:44:30:4430] [INFO]: GET /api/user-stories?productId=69f411d7-819a-4809-8f68-96f88b7cd1cc 304 - - 13.202 ms
[2026-06-15 21:44:30:4430] [INFO]: GET /api/features?productId=69f411d7-819a-4809-8f68-96f88b7cd1cc 304 - - 19.602 ms
[2026-06-15 21:44:32:4432] [INFO]: OPTIONS /api/requirements-mapping?projectId=69f411d7-819a-4809-8f68-96f88b7cd1cc 204 0 - 0.075 ms
[2026-06-15 21:44:32:4432] [INFO]: OPTIONS /api/functional-requirements?productId=69f411d7-819a-4809-8f68-96f88b7cd1cc 204 0 - 0.052 ms
[2026-06-15 21:44:32:4432] [INFO]: OPTIONS /api/requirements-mapping?projectId=69f411d7-819a-4809-8f68-96f88b7cd1cc 204 0 - 0.049 ms
[2026-06-15 21:44:32:4432] [INFO]: OPTIONS /api/functional-requirements?productId=69f411d7-819a-4809-8f68-96f88b7cd1cc 204 0 - 0.034 ms
[2026-06-15 21:44:32:4432] [INFO]: GET /api/requirements-mapping?projectId=69f411d7-819a-4809-8f68-96f88b7cd1cc 304 - - 5.919 ms
[2026-06-15 21:44:32:4432] [INFO]: GET /api/functional-requirements?productId=69f411d7-819a-4809-8f68-96f88b7cd1cc 304 - - 5.792 ms
[2026-06-15 21:44:32:4432] [INFO]: GET /api/user-stories?productId=69f411d7-819a-4809-8f68-96f88b7cd1cc 304 - - 9.609 ms
[2026-06-15 21:44:32:4432] [INFO]: GET /api/functional-requirements?productId=69f411d7-819a-4809-8f68-96f88b7cd1cc 304 - - 4.906 ms
[2026-06-15 21:44:32:4432] [INFO]: GET /api/requirements-mapping?projectId=69f411d7-819a-4809-8f68-96f88b7cd1cc 304 - - 7.179 ms
[2026-06-15 21:44:32:4432] [INFO]: GET /api/user-stories?productId=69f411d7-819a-4809-8f68-96f88b7cd1cc 304 - - 4.726 ms
[2026-06-15 21:44:33:4433] [INFO]: OPTIONS /api/users/all 204 0 - 0.076 ms
[2026-06-15 21:44:33:4433] [INFO]: OPTIONS /api/products 204 0 - 0.053 ms
[2026-06-15 21:44:33:4433] [INFO]: OPTIONS /api/users/all 204 0 - 0.074 ms
[2026-06-15 21:44:33:4433] [INFO]: OPTIONS /api/products 204 0 - 0.038 ms
[2026-06-15 21:44:33:4433] [INFO]: GET /api/products 304 - - 2.465 ms
[2026-06-15 21:44:33:4433] [INFO]: GET /api/products 304 - - 2.523 ms
[2026-06-15 21:44:33:4433] [INFO]: GET /api/users/all 200 48300 - 12.658 ms
[2026-06-15 21:44:33:4433] [INFO]: GET /api/users/all 304 - - 7.511 ms
[2026-06-15 21:47:14:4714] [INFO]: OPTIONS /api/users/all 204 0 - 0.199 ms
[2026-06-15 21:47:14:4714] [INFO]: POST /api/users/all 201 282 - 32.117 ms
[2026-06-15 21:47:18:4718] [INFO]: OPTIONS /api/products/69f411d7-819a-4809-8f68-96f88b7cd1cc/status 204 0 - 0.186 ms
[2026-06-15 21:47:18:4718] [INFO]: OPTIONS /api/users 204 0 - 0.119 ms
[2026-06-15 21:47:18:4718] [INFO]: OPTIONS /api/users 204 0 - 0.121 ms
[2026-06-15 21:47:18:4718] [INFO]: GET /api/users 200 1563 - 4.834 ms
[2026-06-15 21:47:18:4718] [INFO]: GET /api/products/69f411d7-819a-4809-8f68-96f88b7cd1cc/status 304 - - 11.638 ms
[2026-06-15 21:47:19:4719] [INFO]: GET /api/users 304 - - 9.044 ms
[2026-06-15 21:47:19:4719] [INFO]: GET /api/products/69f411d7-819a-4809-8f68-96f88b7cd1cc/status 304 - - 14.007 ms
[2026-06-15 21:47:19:4719] [INFO]: OPTIONS /api/features?productId=69f411d7-819a-4809-8f68-96f88b7cd1cc 204 0 - 0.139 ms
[2026-06-15 21:47:19:4719] [INFO]: OPTIONS /api/features?productId=69f411d7-819a-4809-8f68-96f88b7cd1cc 204 0 - 0.084 ms
[2026-06-15 21:47:19:4719] [INFO]: GET /api/users 304 - - 4.760 ms
[2026-06-15 21:47:19:4719] [INFO]: GET /api/features?productId=69f411d7-819a-4809-8f68-96f88b7cd1cc 304 - - 7.860 ms
[2026-06-15 21:47:19:4719] [INFO]: GET /api/users 304 - - 4.679 ms
[2026-06-15 21:47:19:4719] [INFO]: GET /api/features?productId=69f411d7-819a-4809-8f68-96f88b7cd1cc 304 - - 9.405 ms
[2026-06-15 21:47:20:4720] [INFO]: OPTIONS /api/users/all 204 0 - 0.120 ms
[2026-06-15 21:47:20:4720] [INFO]: OPTIONS /api/products 204 0 - 0.359 ms
[2026-06-15 21:47:20:4720] [INFO]: OPTIONS /api/users/all 204 0 - 0.085 ms
[2026-06-15 21:47:20:4720] [INFO]: OPTIONS /api/products 204 0 - 0.120 ms
[2026-06-15 21:47:20:4720] [INFO]: GET /api/products 304 - - 4.163 ms
[2026-06-15 21:47:20:4720] [INFO]: GET /api/products 304 - - 7.660 ms
[2026-06-15 21:47:20:4720] [INFO]: GET /api/users/all 200 48583 - 20.761 ms
[2026-06-15 21:47:20:4720] [INFO]: GET /api/users/all 304 - - 11.787 ms
[2026-06-15 21:48:54:4854] [INFO]: OPTIONS /api/users/all 204 0 - 0.118 ms
[2026-06-15 21:48:54:4854] [INFO]: POST /api/users/all 201 288 - 31.390 ms
[2026-06-15 21:49:47:4947] [INFO]: OPTIONS /api/users/all 204 0 - 0.118 ms
[2026-06-15 21:49:47:4947] [INFO]: POST /api/users/all 201 290 - 50.159 ms
[2026-06-15 21:51:06:516] [INFO]: OPTIONS /api/users/all 204 0 - 0.157 ms
[2026-06-15 21:51:06:516] [INFO]: POST /api/users/all 201 288 - 23.811 ms
[2026-06-15 21:54:32:5432] [INFO]: OPTIONS /api/users/all 204 0 - 0.311 ms
[2026-06-15 21:54:32:5432] [INFO]: POST /api/users/all 201 255 - 19.742 ms
[2026-06-15 21:54:45:5445] [INFO]: OPTIONS /api/features?productId=69f411d7-819a-4809-8f68-96f88b7cd1cc 204 0 - 0.158 ms
[2026-06-15 21:54:45:5445] [INFO]: OPTIONS /api/users 204 0 - 0.127 ms
[2026-06-15 21:54:45:5445] [INFO]: OPTIONS /api/features?productId=69f411d7-819a-4809-8f68-96f88b7cd1cc 204 0 - 4.583 ms
[2026-06-15 21:54:45:5445] [INFO]: OPTIONS /api/users 204 0 - 0.075 ms
[2026-06-15 21:54:45:5445] [INFO]: GET /api/users 200 1961 - 12.401 ms
[2026-06-15 21:54:45:5445] [INFO]: GET /api/features?productId=69f411d7-819a-4809-8f68-96f88b7cd1cc 304 - - 58.159 ms
[2026-06-15 21:54:45:5445] [INFO]: GET /api/users 304 - - 33.742 ms
[2026-06-15 21:54:45:5445] [INFO]: GET /api/features?productId=69f411d7-819a-4809-8f68-96f88b7cd1cc 304 - - 33.168 ms
[2026-06-15 21:55:11:5511] [INFO]: OPTIONS /api/users/all 204 0 - 0.172 ms
[2026-06-15 21:55:11:5511] [INFO]: OPTIONS /api/products 204 0 - 0.154 ms
[2026-06-15 21:55:11:5511] [INFO]: OPTIONS /api/users/all 204 0 - 25.748 ms
[2026-06-15 21:55:11:5511] [INFO]: OPTIONS /api/products 204 0 - 12.216 ms
[2026-06-15 21:55:11:5511] [INFO]: GET /api/products 304 - - 38.837 ms
[2026-06-15 21:55:12:5512] [INFO]: GET /api/users/all 200 49708 - 80.686 ms
[2026-06-15 21:55:12:5512] [INFO]: GET /api/products 304 - - 85.573 ms
[2026-06-15 21:55:12:5512] [INFO]: GET /api/users/all 304 - - 88.999 ms
[2026-06-15 21:56:08:568] [INFO]: OPTIONS /api/users/all 204 0 - 0.197 ms
[2026-06-15 21:56:08:568] [INFO]: POST /api/users/all 201 245 - 27.779 ms
[2026-06-15 21:57:50:5750] [INFO]: ==================================================
[2026-06-15 21:57:50:5750] [INFO]: 🚀 TKS API Server with Socket.IO is running on port: 5000
[2026-06-15 21:57:50:5750] [INFO]: 🔐 Bypass MS Auth status: false
[2026-06-15 21:57:50:5750] [INFO]: ==================================================
[2026-06-15 21:57:50:5750] [INFO]: [SOCKET] User connected: Krishna Shelar (8e2089f4-e03a-4dc3-8eb0-4ed4771a785e) - Socket: HcLK_N96Wj70HpqTAAAB
[2026-06-15 21:57:51:5751] [INFO]: [SOCKET] User connected: Krishna Shelar (8e2089f4-e03a-4dc3-8eb0-4ed4771a785e) - Socket: p12NmIVLaY9SpQzOAAAD
[2026-06-15 21:58:26:5826] [INFO]: ==================================================
[2026-06-15 21:58:26:5826] [INFO]: 🚀 TKS API Server with Socket.IO is running on port: 5000
[2026-06-15 21:58:26:5826] [INFO]: 🔐 Bypass MS Auth status: false
[2026-06-15 21:58:26:5826] [INFO]: ==================================================
[2026-06-15 21:58:29:5829] [INFO]: [SOCKET] User connected: Krishna Shelar (8e2089f4-e03a-4dc3-8eb0-4ed4771a785e) - Socket: 3x3H_X7oByQiexIAAAAB
[2026-06-15 21:58:29:5829] [INFO]: [SOCKET] User connected: Krishna Shelar (8e2089f4-e03a-4dc3-8eb0-4ed4771a785e) - Socket: C9wEu_6KcQtSXqg4AAAD
[2026-06-15 21:59:37:5937] [INFO]: OPTIONS /api/users/all 204 0 - 3.293 ms
[2026-06-15 21:59:37:5937] [INFO]: OPTIONS /api/products 204 0 - 7.876 ms
[2026-06-15 21:59:37:5937] [INFO]: GET /api/products 304 - - 113.998 ms
[2026-06-15 21:59:37:5937] [INFO]: GET /api/users/all 200 49954 - 268.475 ms
[2026-06-15 22:00:11:011] [INFO]: ==================================================
[2026-06-15 22:00:11:011] [INFO]: 🚀 TKS API Server with Socket.IO is running on port: 5000
[2026-06-15 22:00:11:011] [INFO]: 🔐 Bypass MS Auth status: true
[2026-06-15 22:00:11:011] [INFO]: ==================================================
[2026-06-15 22:00:12:012] [INFO]: OPTIONS /api/products 204 0 - 1.736 ms
[2026-06-15 22:00:12:012] [INFO]: OPTIONS /api/products 204 0 - 0.603 ms
[2026-06-15 22:00:12:012] [INFO]: [SOCKET] User connected: Krishna Shelar (8e2089f4-e03a-4dc3-8eb0-4ed4771a785e) - Socket: _BHYDCKdnQ8vUbJrAAAC
[2026-06-15 22:00:12:012] [INFO]: [SOCKET] User connected: Krishna Shelar (8e2089f4-e03a-4dc3-8eb0-4ed4771a785e) - Socket: 25PQ7Ju_xyjqxomTAAAD
[2026-06-15 22:00:13:013] [INFO]: GET /api/products 304 - - 116.160 ms
[2026-06-15 22:00:13:013] [INFO]: GET /api/products 304 - - 9.940 ms
[2026-06-15 22:00:13:013] [INFO]: OPTIONS /api/products/69f411d7-819a-4809-8f68-96f88b7cd1cc/status 204 0 - 0.428 ms
[2026-06-15 22:00:13:013] [INFO]: OPTIONS /api/users 204 0 - 0.236 ms
[2026-06-15 22:00:13:013] [INFO]: GET /api/users 304 - - 13.943 ms
[2026-06-15 22:00:13:013] [INFO]: GET /api/users 304 - - 9.748 ms
[2026-06-15 22:00:13:013] [INFO]: GET /api/products/69f411d7-819a-4809-8f68-96f88b7cd1cc/status 304 - - 52.735 ms
[2026-06-15 22:00:13:013] [INFO]: GET /api/products/69f411d7-819a-4809-8f68-96f88b7cd1cc/status 304 - - 13.175 ms
[2026-06-15 22:00:13:013] [INFO]: GET /api/products/69f411d7-819a-4809-8f68-96f88b7cd1cc/status 304 - - 13.223 ms
[2026-06-15 22:00:16:016] [INFO]: OPTIONS /api/users/all 204 0 - 0.285 ms
[2026-06-15 22:00:16:016] [INFO]: OPTIONS /api/users/all 204 0 - 0.337 ms
[2026-06-15 22:00:16:016] [INFO]: GET /api/users/all 304 - - 70.064 ms
[2026-06-15 22:00:16:016] [INFO]: GET /api/products 304 - - 54.690 ms
[2026-06-15 22:00:16:016] [INFO]: GET /api/users/all 304 - - 141.395 ms
[2026-06-15 22:00:16:016] [INFO]: GET /api/products 304 - - 65.577 ms
[2026-06-15 22:00:26:026] [INFO]: POST /api/auth/microsoft 200 498 - 27.102 ms
[2026-06-15 22:00:26:026] [INFO]: PUT /api/users/all/33c1d126-0ae8-435c-9019-129140b97a8b 200 410 - 23.206 ms
[2026-06-15 22:00:26:026] [INFO]: PUT /api/users/all/33c1d126-0ae8-435c-9019-129140b97a8b 403 75 - 1.836 ms
[2026-06-15 22:00:26:026] [INFO]: POST /api/auth/microsoft 200 44338 - 3.580 ms
[2026-06-15 22:00:26:026] [INFO]: PUT /api/users/all/33c1d126-0ae8-435c-9019-129140b97a8b 200 294 - 18.407 ms
[2026-06-15 22:00:51:051] [INFO]: ==================================================
[2026-06-15 22:00:51:051] [INFO]: 🚀 TKS API Server with Socket.IO is running on port: 5000
[2026-06-15 22:00:51:051] [INFO]: 🔐 Bypass MS Auth status: false
[2026-06-15 22:00:51:051] [INFO]: ==================================================
[2026-06-15 22:00:52:052] [INFO]: [SOCKET] User connected: Krishna Shelar (8e2089f4-e03a-4dc3-8eb0-4ed4771a785e) - Socket: x1K5ZavwQcCfy8JgAAAB
[2026-06-15 22:00:52:052] [INFO]: [SOCKET] User disconnected: Krishna Shelar (8e2089f4-e03a-4dc3-8eb0-4ed4771a785e) - Socket: x1K5ZavwQcCfy8JgAAAB
[2026-06-15 22:00:54:054] [INFO]: OPTIONS /api/products 204 0 - 1.878 ms
[2026-06-15 22:00:54:054] [INFO]: GET /api/products 304 - - 67.168 ms
[2026-06-15 22:00:54:054] [INFO]: GET /api/products 304 - - 4.010 ms
[2026-06-15 22:00:54:054] [INFO]: [SOCKET] User connected: Krishna Shelar (8e2089f4-e03a-4dc3-8eb0-4ed4771a785e) - Socket: EAOBZQLu_sSJAeHnAAAE
[2026-06-15 22:00:54:054] [INFO]: [SOCKET] User connected: Krishna Shelar (8e2089f4-e03a-4dc3-8eb0-4ed4771a785e) - Socket: tHS0LjJwhc4jbhIqAAAF
[2026-06-15 22:00:56:056] [INFO]: OPTIONS /api/products/69f411d7-819a-4809-8f68-96f88b7cd1cc/status 204 0 - 0.138 ms
[2026-06-15 22:00:56:056] [INFO]: OPTIONS /api/users 204 0 - 0.183 ms
[2026-06-15 22:00:56:056] [INFO]: OPTIONS /api/products/69f411d7-819a-4809-8f68-96f88b7cd1cc/status 204 0 - 0.160 ms
[2026-06-15 22:00:56:056] [INFO]: OPTIONS /api/users 204 0 - 0.160 ms
[2026-06-15 22:00:56:056] [INFO]: GET /api/users 304 - - 7.609 ms
[2026-06-15 22:00:56:056] [INFO]: GET /api/products/69f411d7-819a-4809-8f68-96f88b7cd1cc/status 304 - - 22.401 ms
[2026-06-15 22:00:56:056] [INFO]: GET /api/users 304 - - 6.868 ms
[2026-06-15 22:00:56:056] [INFO]: GET /api/products/69f411d7-819a-4809-8f68-96f88b7cd1cc/status 304 - - 8.747 ms
[2026-06-15 22:01:41:141] [INFO]: OPTIONS /api/users/all 204 0 - 0.529 ms
[2026-06-15 22:01:41:141] [INFO]: OPTIONS /api/products 204 0 - 0.240 ms
[2026-06-15 22:01:41:141] [INFO]: OPTIONS /api/users/all 204 0 - 0.270 ms
[2026-06-15 22:01:41:141] [INFO]: OPTIONS /api/products 204 0 - 0.486 ms
[2026-06-15 22:01:41:141] [INFO]: GET /api/users/all 304 - - 113.534 ms
[2026-06-15 22:01:41:141] [INFO]: GET /api/products 304 - - 58.022 ms
[2026-06-15 22:01:41:141] [INFO]: GET /api/users/all 304 - - 45.282 ms
[2026-06-15 22:01:41:141] [INFO]: GET /api/products 304 - - 49.136 ms
[2026-06-15 22:02:30:230] [INFO]: OPTIONS /api/features?productId=69f411d7-819a-4809-8f68-96f88b7cd1cc 204 0 - 2.337 ms
[2026-06-15 22:02:30:230] [INFO]: OPTIONS /api/users 204 0 - 0.190 ms
[2026-06-15 22:02:30:230] [INFO]: OPTIONS /api/features?productId=69f411d7-819a-4809-8f68-96f88b7cd1cc 204 0 - 0.426 ms
[2026-06-15 22:02:30:230] [INFO]: OPTIONS /api/users 204 0 - 0.375 ms
[2026-06-15 22:02:30:230] [INFO]: GET /api/users 304 - - 17.310 ms
[2026-06-15 22:02:30:230] [INFO]: GET /api/features?productId=69f411d7-819a-4809-8f68-96f88b7cd1cc 304 - - 33.505 ms
[2026-06-15 22:02:30:230] [INFO]: GET /api/users 304 - - 37.386 ms
[2026-06-15 22:02:30:230] [INFO]: GET /api/features?productId=69f411d7-819a-4809-8f68-96f88b7cd1cc 304 - - 49.778 ms
[2026-06-15 22:22:03:223] [INFO]: [SOCKET] User disconnected: Krishna Shelar (8e2089f4-e03a-4dc3-8eb0-4ed4771a785e) - Socket: tHS0LjJwhc4jbhIqAAAF
[2026-06-15 22:22:03:223] [INFO]: [SOCKET] User disconnected: Krishna Shelar (8e2089f4-e03a-4dc3-8eb0-4ed4771a785e) - Socket: EAOBZQLu_sSJAeHnAAAE
[2026-06-15 22:22:05:225] [INFO]: OPTIONS /api/products 204 0 - 0.042 ms
[2026-06-15 22:22:05:225] [INFO]: GET /api/products 304 - - 9.434 ms
[2026-06-15 22:22:05:225] [INFO]: [SOCKET] User connected: Krishna Shelar (8e2089f4-e03a-4dc3-8eb0-4ed4771a785e) - Socket: HE1pR96mkzpVrd4SAAAI
[2026-06-15 22:22:05:225] [INFO]: GET /api/products 304 - - 2.182 ms
[2026-06-15 22:22:05:225] [INFO]: [SOCKET] User connected: Krishna Shelar (8e2089f4-e03a-4dc3-8eb0-4ed4771a785e) - Socket: 080FWGkWW31TRm-cAAAJ
[2026-06-15 22:22:05:225] [INFO]: OPTIONS /api/products/69f411d7-819a-4809-8f68-96f88b7cd1cc/status 204 0 - 0.059 ms
[2026-06-15 22:22:05:225] [INFO]: OPTIONS /api/users 204 0 - 0.076 ms
[2026-06-15 22:22:05:225] [INFO]: GET /api/products/69f411d7-819a-4809-8f68-96f88b7cd1cc/status 304 - - 5.736 ms
[2026-06-15 22:22:05:225] [INFO]: GET /api/users 304 - - 5.709 ms
[2026-06-15 22:22:05:225] [INFO]: GET /api/users 304 - - 2.129 ms
[2026-06-15 22:22:05:225] [INFO]: GET /api/products/69f411d7-819a-4809-8f68-96f88b7cd1cc/status 304 - - 5.438 ms
[2026-06-15 22:29:18:2918] [INFO]: ==================================================
[2026-06-15 22:29:18:2918] [INFO]: 🚀 TKS API Server with Socket.IO is running on port: 5000
[2026-06-15 22:29:18:2918] [INFO]: 🔐 Bypass MS Auth status: false
[2026-06-15 22:29:18:2918] [INFO]: ==================================================
[2026-06-15 22:29:21:2921] [INFO]: [SOCKET] User connected: Krishna Shelar (8e2089f4-e03a-4dc3-8eb0-4ed4771a785e) - Socket: hywUfBF9BFJEAVoxAAAB
[2026-06-15 22:29:23:2923] [INFO]: [SOCKET] User connected: Krishna Shelar (8e2089f4-e03a-4dc3-8eb0-4ed4771a785e) - Socket: jA_DaftHvXsMGyq9AAAD
[2026-06-15 22:29:37:2937] [INFO]: ==================================================
[2026-06-15 22:29:37:2937] [INFO]: 🚀 TKS API Server with Socket.IO is running on port: 5000
[2026-06-15 22:29:37:2937] [INFO]: 🔐 Bypass MS Auth status: false
[2026-06-15 22:29:37:2937] [INFO]: ==================================================
[2026-06-15 22:29:38:2938] [INFO]: [SOCKET] User connected: Krishna Shelar (8e2089f4-e03a-4dc3-8eb0-4ed4771a785e) - Socket: o712o_IsMz0mEcM2AAAB
[2026-06-15 22:29:39:2939] [INFO]: [SOCKET] User connected: Krishna Shelar (8e2089f4-e03a-4dc3-8eb0-4ed4771a785e) - Socket: 0yMfQ0tyAsxXia3iAAAD
[2026-06-15 22:29:45:2945] [INFO]: ==================================================
[2026-06-15 22:29:45:2945] [INFO]: 🚀 TKS API Server with Socket.IO is running on port: 5000
[2026-06-15 22:29:45:2945] [INFO]: 🔐 Bypass MS Auth status: false
[2026-06-15 22:29:45:2945] [INFO]: ==================================================
[2026-06-15 22:29:48:2948] [INFO]: [SOCKET] User connected: Krishna Shelar (8e2089f4-e03a-4dc3-8eb0-4ed4771a785e) - Socket: WzGGPd_WqHqeL9Z0AAAB
[2026-06-15 22:29:50:2950] [INFO]: [SOCKET] User connected: Krishna Shelar (8e2089f4-e03a-4dc3-8eb0-4ed4771a785e) - Socket: tsUUicval0KAMR_6AAAD
[2026-06-15 22:29:53:2953] [INFO]: OPTIONS /api/features?productId=69f411d7-819a-4809-8f68-96f88b7cd1cc 204 0 - 2.537 ms
[2026-06-15 22:29:53:2953] [INFO]: OPTIONS /api/users 204 0 - 0.475 ms
[2026-06-15 22:29:53:2953] [INFO]: OPTIONS /api/features?productId=69f411d7-819a-4809-8f68-96f88b7cd1cc 204 0 - 0.301 ms
[2026-06-15 22:29:53:2953] [INFO]: OPTIONS /api/users 204 0 - 1.822 ms
[2026-06-15 22:29:53:2953] [INFO]: GET /api/users 304 - - 81.207 ms
[2026-06-15 22:29:53:2953] [INFO]: GET /api/features?productId=69f411d7-819a-4809-8f68-96f88b7cd1cc 304 - - 143.071 ms
[2026-06-15 22:29:53:2953] [INFO]: GET /api/users 304 - - 16.555 ms
[2026-06-15 22:29:53:2953] [INFO]: GET /api/features?productId=69f411d7-819a-4809-8f68-96f88b7cd1cc 304 - - 23.524 ms
[2026-06-15 22:32:34:3234] [INFO]: POST /api/auth/microsoft 400 45 - 13.176 ms
[2026-06-15 22:34:04:344] [INFO]: POST /api/auth/microsoft 400 45 - 1.456 ms
[2026-06-15 22:34:26:3426] [INFO]: POST /api/auth/microsoft 400 45 - 1.596 ms
[2026-06-15 22:34:49:3449] [INFO]: ==================================================
[2026-06-15 22:34:49:3449] [INFO]: 🚀 TKS API Server with Socket.IO is running on port: 5000
[2026-06-15 22:34:49:3449] [INFO]: 🔐 Bypass MS Auth status: true
[2026-06-15 22:34:49:3449] [INFO]: ==================================================
[2026-06-15 22:35:09:359] [INFO]: POST /api/auth/microsoft 200 479 - 54.421 ms
[2026-06-15 22:35:09:359] [INFO]: POST /api/auth/microsoft 200 44338 - 5.320 ms
[2026-06-15 22:35:09:359] [INFO]: GET /api/products 200 1826 - 5.400 ms
[2026-06-15 22:35:09:359] [INFO]: POST /api/features/bulk 403 88 - 1.852 ms
[2026-06-15 22:35:09:359] [INFO]: POST /api/features/bulk 400 121 - 8.854 ms
[2026-06-15 22:35:09:359] [INFO]: [NOTIFICATION SERVICE] Creating notification for user 694a5879-2e3f-43ab-be10-47e06137e8a2: "Feature Assigned via Import"
[2026-06-15 22:35:09:359] [INFO]: [SOCKET] Emitting event "notification" to user room 694a5879-2e3f-43ab-be10-47e06137e8a2
[2026-06-15 22:35:09:359] [INFO]: [NOTIFICATION SERVICE] Creating notification for user 8e2089f4-e03a-4dc3-8eb0-4ed4771a785e: "Feature Assigned via Import"
[2026-06-15 22:35:09:359] [INFO]: [SOCKET] Emitting event "notification" to user room 8e2089f4-e03a-4dc3-8eb0-4ed4771a785e
[2026-06-15 22:35:09:359] [INFO]: POST /api/features/bulk 201 776 - 156.089 ms
[2026-06-15 22:35:10:3510] [INFO]: [NOTIFICATION SERVICE] Creating notification for user 0cfb33a1-f258-4f4e-ba2b-6aba90e71ab9: "CRITICAL: Feature Deleted"
[2026-06-15 22:35:10:3510] [INFO]: [SOCKET] Emitting event "notification" to user room 0cfb33a1-f258-4f4e-ba2b-6aba90e71ab9
[2026-06-15 22:35:10:3510] [INFO]: [NOTIFICATION SERVICE] Creating notification for user 1a1e16b2-21c6-4014-ae15-ecaeca3a3ee6: "CRITICAL: Feature Deleted"
[2026-06-15 22:35:10:3510] [INFO]: [SOCKET] Emitting event "notification" to user room 1a1e16b2-21c6-4014-ae15-ecaeca3a3ee6
[2026-06-15 22:35:10:3510] [INFO]: [NOTIFICATION SERVICE] Creating notification for user 2c591a04-429a-425c-88fe-cdf53da2e6d1: "CRITICAL: Feature Deleted"
[2026-06-15 22:35:10:3510] [INFO]: [SOCKET] Emitting event "notification" to user room 2c591a04-429a-425c-88fe-cdf53da2e6d1
[2026-06-15 22:35:10:3510] [INFO]: [NOTIFICATION SERVICE] Creating notification for user 8e2089f4-e03a-4dc3-8eb0-4ed4771a785e: "CRITICAL: Feature Deleted"
[2026-06-15 22:35:10:3510] [INFO]: [SOCKET] Emitting event "notification" to user room 8e2089f4-e03a-4dc3-8eb0-4ed4771a785e
[2026-06-15 22:35:10:3510] [INFO]: [NOTIFICATION SERVICE] Creating notification for user 95aae185-fd50-4e67-b1ad-1c20b87570b9: "CRITICAL: Feature Deleted"
[2026-06-15 22:35:10:3510] [INFO]: [SOCKET] Emitting event "notification" to user room 95aae185-fd50-4e67-b1ad-1c20b87570b9
[2026-06-15 22:35:10:3510] [INFO]: [NOTIFICATION SERVICE] Creating notification for user c5752f1e-c6b3-4013-ab0d-7bb2eeee75d5: "CRITICAL: Feature Deleted"
[2026-06-15 22:35:10:3510] [INFO]: [SOCKET] Emitting event "notification" to user room c5752f1e-c6b3-4013-ab0d-7bb2eeee75d5
[2026-06-15 22:35:10:3510] [INFO]: DELETE /api/features/21c8381e-d68f-4f8e-8529-9d340540f1f0 200 43 - 127.556 ms
[2026-06-15 22:35:10:3510] [INFO]: [NOTIFICATION SERVICE] Creating notification for user 0cfb33a1-f258-4f4e-ba2b-6aba90e71ab9: "CRITICAL: Feature Deleted"
[2026-06-15 22:35:10:3510] [INFO]: [SOCKET] Emitting event "notification" to user room 0cfb33a1-f258-4f4e-ba2b-6aba90e71ab9
[2026-06-15 22:35:10:3510] [INFO]: [NOTIFICATION SERVICE] Creating notification for user 1a1e16b2-21c6-4014-ae15-ecaeca3a3ee6: "CRITICAL: Feature Deleted"
[2026-06-15 22:35:10:3510] [INFO]: [SOCKET] Emitting event "notification" to user room 1a1e16b2-21c6-4014-ae15-ecaeca3a3ee6
[2026-06-15 22:35:10:3510] [INFO]: [NOTIFICATION SERVICE] Creating notification for user 2c591a04-429a-425c-88fe-cdf53da2e6d1: "CRITICAL: Feature Deleted"
[2026-06-15 22:35:10:3510] [INFO]: [SOCKET] Emitting event "notification" to user room 2c591a04-429a-425c-88fe-cdf53da2e6d1
[2026-06-15 22:35:10:3510] [INFO]: [NOTIFICATION SERVICE] Creating notification for user 8e2089f4-e03a-4dc3-8eb0-4ed4771a785e: "CRITICAL: Feature Deleted"
[2026-06-15 22:35:10:3510] [INFO]: [SOCKET] Emitting event "notification" to user room 8e2089f4-e03a-4dc3-8eb0-4ed4771a785e
[2026-06-15 22:35:10:3510] [INFO]: [NOTIFICATION SERVICE] Creating notification for user 95aae185-fd50-4e67-b1ad-1c20b87570b9: "CRITICAL: Feature Deleted"
[2026-06-15 22:35:10:3510] [INFO]: [SOCKET] Emitting event "notification" to user room 95aae185-fd50-4e67-b1ad-1c20b87570b9
[2026-06-15 22:35:10:3510] [INFO]: [NOTIFICATION SERVICE] Creating notification for user c5752f1e-c6b3-4013-ab0d-7bb2eeee75d5: "CRITICAL: Feature Deleted"
[2026-06-15 22:35:10:3510] [INFO]: [SOCKET] Emitting event "notification" to user room c5752f1e-c6b3-4013-ab0d-7bb2eeee75d5
[2026-06-15 22:35:10:3510] [INFO]: DELETE /api/features/0d130879-c730-497e-8d67-33d540232ea7 200 43 - 99.075 ms
[2026-06-15 22:35:12:3512] [INFO]: [SOCKET] User connected: Krishna Shelar (8e2089f4-e03a-4dc3-8eb0-4ed4771a785e) - Socket: qIv41djKLZDiEailAAAB
[2026-06-15 22:35:12:3512] [INFO]: [SOCKET] User connected: Krishna Shelar (8e2089f4-e03a-4dc3-8eb0-4ed4771a785e) - Socket: 7pqACywBGjumdCA9AAAD
[2026-06-15 22:35:27:3527] [INFO]: ==================================================
[2026-06-15 22:35:27:3527] [INFO]: 🚀 TKS API Server with Socket.IO is running on port: 5000
[2026-06-15 22:35:27:3527] [INFO]: 🔐 Bypass MS Auth status: false
[2026-06-15 22:35:27:3527] [INFO]: ==================================================
[2026-06-15 22:35:28:3528] [INFO]: [SOCKET] User connected: Krishna Shelar (8e2089f4-e03a-4dc3-8eb0-4ed4771a785e) - Socket: FcVCXg_1CPtBqrNhAAAB
[2026-06-15 22:35:29:3529] [INFO]: [SOCKET] User connected: Krishna Shelar (8e2089f4-e03a-4dc3-8eb0-4ed4771a785e) - Socket: d7ebohd9OWEKPpYUAAAD
[2026-06-15 22:36:17:3617] [INFO]: OPTIONS /api/features/bulk 204 0 - 2.690 ms
[2026-06-15 22:36:18:3618] [ERROR]: POST /api/features/bulk - Error: [
  {
    "origin": "string",
    "code": "invalid_format",
    "format": "email",
    "pattern": "/^(?!\\.)(?!.*\\.\\.)([A-Za-z0-9_'+\\-\\.]*)[A-Za-z0-9_+-]@([A-Za-z0-9][A-Za-z0-9\\-]*\\.)+[A-Za-z]{2,}$/",
    "path": [
      "features",
      0,
      "ownerEmail"
    ],
    "message": "Invalid owner email address"
  },
  {
    "origin": "string",
    "code": "invalid_format",
    "format": "email",
    "pattern": "/^(?!\\.)(?!.*\\.\\.)([A-Za-z0-9_'+\\-\\.]*)[A-Za-z0-9_+-]@([A-Za-z0-9][A-Za-z0-9\\-]*\\.)+[A-Za-z]{2,}$/",
    "path": [
      "features",
      1,
      "ownerEmail"
    ],
    "message": "Invalid owner email address"
  },
  {
    "origin": "string",
    "code": "invalid_format",
    "format": "email",
    "pattern": "/^(?!\\.)(?!.*\\.\\.)([A-Za-z0-9_'+\\-\\.]*)[A-Za-z0-9_+-]@([A-Za-z0-9][A-Za-z0-9\\-]*\\.)+[A-Za-z]{2,}$/",
    "path": [
      "features",
      2,
      "ownerEmail"
    ],
    "message": "Invalid owner email address"
  },
  {
    "origin": "string",
    "code": "invalid_format",
    "format": "email",
    "pattern": "/^(?!\\.)(?!.*\\.\\.)([A-Za-z0-9_'+\\-\\.]*)[A-Za-z0-9_+-]@([A-Za-z0-9][A-Za-z0-9\\-]*\\.)+[A-Za-z]{2,}$/",
    "path": [
      "features",
      3,
      "ownerEmail"
    ],
    "message": "Invalid owner email address"
  },
  {
    "origin": "string",
    "code": "invalid_format",
    "format": "email",
    "pattern": "/^(?!\\.)(?!.*\\.\\.)([A-Za-z0-9_'+\\-\\.]*)[A-Za-z0-9_+-]@([A-Za-z0-9][A-Za-z0-9\\-]*\\.)+[A-Za-z]{2,}$/",
    "path": [
      "features",
      4,
      "ownerEmail"
    ],
    "message": "Invalid owner email address"
  },
  {
    "origin": "string",
    "code": "invalid_format",
    "format": "email",
    "pattern": "/^(?!\\.)(?!.*\\.\\.)([A-Za-z0-9_'+\\-\\.]*)[A-Za-z0-9_+-]@([A-Za-z0-9][A-Za-z0-9\\-]*\\.)+[A-Za-z]{2,}$/",
    "path": [
      "features",
      5,
      "ownerEmail"
    ],
    "message": "Invalid owner email address"
  },
  {
    "origin": "string",
    "code": "invalid_format",
    "format": "email",
    "pattern": "/^(?!\\.)(?!.*\\.\\.)([A-Za-z0-9_'+\\-\\.]*)[A-Za-z0-9_+-]@([A-Za-z0-9][A-Za-z0-9\\-]*\\.)+[A-Za-z]{2,}$/",
    "path": [
      "features",
      6,
      "ownerEmail"
    ],
    "message": "Invalid owner email address"
  },
  {
    "origin": "string",
    "code": "invalid_format",
    "format": "email",
    "pattern": "/^(?!\\.)(?!.*\\.\\.)([A-Za-z0-9_'+\\-\\.]*)[A-Za-z0-9_+-]@([A-Za-z0-9][A-Za-z0-9\\-]*\\.)+[A-Za-z]{2,}$/",
    "path": [
      "features",
      7,
      "ownerEmail"
    ],
    "message": "Invalid owner email address"
  },
  {
    "origin": "string",
    "code": "invalid_format",
    "format": "email",
    "pattern": "/^(?!\\.)(?!.*\\.\\.)([A-Za-z0-9_'+\\-\\.]*)[A-Za-z0-9_+-]@([A-Za-z0-9][A-Za-z0-9\\-]*\\.)+[A-Za-z]{2,}$/",
    "path": [
      "features",
      8,
      "ownerEmail"
    ],
    "message": "Invalid owner email address"
  },
  {
    "origin": "string",
    "code": "invalid_format",
    "format": "email",
    "pattern": "/^(?!\\.)(?!.*\\.\\.)([A-Za-z0-9_'+\\-\\.]*)[A-Za-z0-9_+-]@([A-Za-z0-9][A-Za-z0-9\\-]*\\.)+[A-Za-z]{2,}$/",
    "path": [
      "features",
      9,
      "ownerEmail"
    ],
    "message": "Invalid owner email address"
  },
  {
    "origin": "string",
    "code": "invalid_format",
    "format": "email",
    "pattern": "/^(?!\\.)(?!.*\\.\\.)([A-Za-z0-9_'+\\-\\.]*)[A-Za-z0-9_+-]@([A-Za-z0-9][A-Za-z0-9\\-]*\\.)+[A-Za-z]{2,}$/",
    "path": [
      "features",
      10,
      "ownerEmail"
    ],
    "message": "Invalid owner email address"
  },
  {
    "origin": "string",
    "code": "invalid_format",
    "format": "email",
    "pattern": "/^(?!\\.)(?!.*\\.\\.)([A-Za-z0-9_'+\\-\\.]*)[A-Za-z0-9_+-]@([A-Za-z0-9][A-Za-z0-9\\-]*\\.)+[A-Za-z]{2,}$/",
    "path": [
      "features",
      11,
      "ownerEmail"
    ],
    "message": "Invalid owner email address"
  },
  {
    "origin": "string",
    "code": "invalid_format",
    "format": "email",
    "pattern": "/^(?!\\.)(?!.*\\.\\.)([A-Za-z0-9_'+\\-\\.]*)[A-Za-z0-9_+-]@([A-Za-z0-9][A-Za-z0-9\\-]*\\.)+[A-Za-z]{2,}$/",
    "path": [
      "features",
      12,
      "ownerEmail"
    ],
    "message": "Invalid owner email address"
  },
  {
    "origin": "string",
    "code": "invalid_format",
    "format": "email",
    "pattern": "/^(?!\\.)(?!.*\\.\\.)([A-Za-z0-9_'+\\-\\.]*)[A-Za-z0-9_+-]@([A-Za-z0-9][A-Za-z0-9\\-]*\\.)+[A-Za-z]{2,}$/",
    "path": [
      "features",
      13,
      "ownerEmail"
    ],
    "message": "Invalid owner email address"
  },
  {
    "origin": "string",
    "code": "invalid_format",
    "format": "email",
    "pattern": "/^(?!\\.)(?!.*\\.\\.)([A-Za-z0-9_'+\\-\\.]*)[A-Za-z0-9_+-]@([A-Za-z0-9][A-Za-z0-9\\-]*\\.)+[A-Za-z]{2,}$/",
    "path": [
      "features",
      14,
      "ownerEmail"
    ],
    "message": "Invalid owner email address"
  },
  {
    "origin": "string",
    "code": "invalid_format",
    "format": "email",
    "pattern": "/^(?!\\.)(?!.*\\.\\.)([A-Za-z0-9_'+\\-\\.]*)[A-Za-z0-9_+-]@([A-Za-z0-9][A-Za-z0-9\\-]*\\.)+[A-Za-z]{2,}$/",
    "path": [
      "features",
      15,
      "ownerEmail"
    ],
    "message": "Invalid owner email address"
  },
  {
    "origin": "string",
    "code": "invalid_format",
    "format": "email",
    "pattern": "/^(?!\\.)(?!.*\\.\\.)([A-Za-z0-9_'+\\-\\.]*)[A-Za-z0-9_+-]@([A-Za-z0-9][A-Za-z0-9\\-]*\\.)+[A-Za-z]{2,}$/",
    "path": [
      "features",
      16,
      "ownerEmail"
    ],
    "message": "Invalid owner email address"
  },
  {
    "origin": "string",
    "code": "invalid_format",
    "format": "email",
    "pattern": "/^(?!\\.)(?!.*\\.\\.)([A-Za-z0-9_'+\\-\\.]*)[A-Za-z0-9_+-]@([A-Za-z0-9][A-Za-z0-9\\-]*\\.)+[A-Za-z]{2,}$/",
    "path": [
      "features",
      17,
      "ownerEmail"
    ],
    "message": "Invalid owner email address"
  },
  {
    "origin": "string",
    "code": "invalid_format",
    "format": "email",
    "pattern": "/^(?!\\.)(?!.*\\.\\.)([A-Za-z0-9_'+\\-\\.]*)[A-Za-z0-9_+-]@([A-Za-z0-9][A-Za-z0-9\\-]*\\.)+[A-Za-z]{2,}$/",
    "path": [
      "features",
      18,
      "ownerEmail"
    ],
    "message": "Invalid owner email address"
  },
  {
    "origin": "string",
    "code": "invalid_format",
    "format": "email",
    "pattern": "/^(?!\\.)(?!.*\\.\\.)([A-Za-z0-9_'+\\-\\.]*)[A-Za-z0-9_+-]@([A-Za-z0-9][A-Za-z0-9\\-]*\\.)+[A-Za-z]{2,}$/",
    "path": [
      "features",
      19,
      "ownerEmail"
    ],
    "message": "Invalid owner email address"
  },
  {
    "origin": "string",
    "code": "invalid_format",
    "format": "email",
    "pattern": "/^(?!\\.)(?!.*\\.\\.)([A-Za-z0-9_'+\\-\\.]*)[A-Za-z0-9_+-]@([A-Za-z0-9][A-Za-z0-9\\-]*\\.)+[A-Za-z]{2,}$/",
    "path": [
      "features",
      20,
      "ownerEmail"
    ],
    "message": "Invalid owner email address"
  },
  {
    "origin": "string",
    "code": "invalid_format",
    "format": "email",
    "pattern": "/^(?!\\.)(?!.*\\.\\.)([A-Za-z0-9_'+\\-\\.]*)[A-Za-z0-9_+-]@([A-Za-z0-9][A-Za-z0-9\\-]*\\.)+[A-Za-z]{2,}$/",
    "path": [
      "features",
      21,
      "ownerEmail"
    ],
    "message": "Invalid owner email address"
  },
  {
    "origin": "string",
    "code": "invalid_format",
    "format": "email",
    "pattern": "/^(?!\\.)(?!.*\\.\\.)([A-Za-z0-9_'+\\-\\.]*)[A-Za-z0-9_+-]@([A-Za-z0-9][A-Za-z0-9\\-]*\\.)+[A-Za-z]{2,}$/",
    "path": [
      "features",
      22,
      "ownerEmail"
    ],
    "message": "Invalid owner email address"
  },
  {
    "origin": "string",
    "code": "invalid_format",
    "format": "email",
    "pattern": "/^(?!\\.)(?!.*\\.\\.)([A-Za-z0-9_'+\\-\\.]*)[A-Za-z0-9_+-]@([A-Za-z0-9][A-Za-z0-9\\-]*\\.)+[A-Za-z]{2,}$/",
    "path": [
      "features",
      23,
      "ownerEmail"
    ],
    "message": "Invalid owner email address"
  },
  {
    "origin": "string",
    "code": "invalid_format",
    "format": "email",
    "pattern": "/^(?!\\.)(?!.*\\.\\.)([A-Za-z0-9_'+\\-\\.]*)[A-Za-z0-9_+-]@([A-Za-z0-9][A-Za-z0-9\\-]*\\.)+[A-Za-z]{2,}$/",
    "path": [
      "features",
      24,
      "ownerEmail"
    ],
    "message": "Invalid owner email address"
  },
  {
    "origin": "string",
    "code": "invalid_format",
    "format": "email",
    "pattern": "/^(?!\\.)(?!.*\\.\\.)([A-Za-z0-9_'+\\-\\.]*)[A-Za-z0-9_+-]@([A-Za-z0-9][A-Za-z0-9\\-]*\\.)+[A-Za-z]{2,}$/",
    "path": [
      "features",
      25,
      "ownerEmail"
    ],
    "message": "Invalid owner email address"
  },
  {
    "origin": "string",
    "code": "invalid_format",
    "format": "email",
    "pattern": "/^(?!\\.)(?!.*\\.\\.)([A-Za-z0-9_'+\\-\\.]*)[A-Za-z0-9_+-]@([A-Za-z0-9][A-Za-z0-9\\-]*\\.)+[A-Za-z]{2,}$/",
    "path": [
      "features",
      26,
      "ownerEmail"
    ],
    "message": "Invalid owner email address"
  },
  {
    "origin": "string",
    "code": "invalid_format",
    "format": "email",
    "pattern": "/^(?!\\.)(?!.*\\.\\.)([A-Za-z0-9_'+\\-\\.]*)[A-Za-z0-9_+-]@([A-Za-z0-9][A-Za-z0-9\\-]*\\.)+[A-Za-z]{2,}$/",
    "path": [
      "features",
      27,
      "ownerEmail"
    ],
    "message": "Invalid owner email address"
  },
  {
    "origin": "string",
    "code": "invalid_format",
    "format": "email",
    "pattern": "/^(?!\\.)(?!.*\\.\\.)([A-Za-z0-9_'+\\-\\.]*)[A-Za-z0-9_+-]@([A-Za-z0-9][A-Za-z0-9\\-]*\\.)+[A-Za-z]{2,}$/",
    "path": [
      "features",
      28,
      "ownerEmail"
    ],
    "message": "Invalid owner email address"
  },
  {
    "origin": "string",
    "code": "invalid_format",
    "format": "email",
    "pattern": "/^(?!\\.)(?!.*\\.\\.)([A-Za-z0-9_'+\\-\\.]*)[A-Za-z0-9_+-]@([A-Za-z0-9][A-Za-z0-9\\-]*\\.)+[A-Za-z]{2,}$/",
    "path": [
      "features",
      29,
      "ownerEmail"
    ],
    "message": "Invalid owner email address"
  },
  {
    "origin": "string",
    "code": "invalid_format",
    "format": "email",
    "pattern": "/^(?!\\.)(?!.*\\.\\.)([A-Za-z0-9_'+\\-\\.]*)[A-Za-z0-9_+-]@([A-Za-z0-9][A-Za-z0-9\\-]*\\.)+[A-Za-z]{2,}$/",
    "path": [
      "features",
      30,
      "ownerEmail"
    ],
    "message": "Invalid owner email address"
  },
  {
    "origin": "string",
    "code": "invalid_format",
    "format": "email",
    "pattern": "/^(?!\\.)(?!.*\\.\\.)([A-Za-z0-9_'+\\-\\.]*)[A-Za-z0-9_+-]@([A-Za-z0-9][A-Za-z0-9\\-]*\\.)+[A-Za-z]{2,}$/",
    "path": [
      "features",
      31,
      "ownerEmail"
    ],
    "message": "Invalid owner email address"
  },
  {
    "origin": "string",
    "code": "invalid_format",
    "format": "email",
    "pattern": "/^(?!\\.)(?!.*\\.\\.)([A-Za-z0-9_'+\\-\\.]*)[A-Za-z0-9_+-]@([A-Za-z0-9][A-Za-z0-9\\-]*\\.)+[A-Za-z]{2,}$/",
    "path": [
      "features",
      32,
      "ownerEmail"
    ],
    "message": "Invalid owner email address"
  },
  {
    "origin": "string",
    "code": "invalid_format",
    "format": "email",
    "pattern": "/^(?!\\.)(?!.*\\.\\.)([A-Za-z0-9_'+\\-\\.]*)[A-Za-z0-9_+-]@([A-Za-z0-9][A-Za-z0-9\\-]*\\.)+[A-Za-z]{2,}$/",
    "path": [
      "features",
      33,
      "ownerEmail"
    ],
    "message": "Invalid owner email address"
  },
  {
    "origin": "string",
    "code": "invalid_format",
    "format": "email",
    "pattern": "/^(?!\\.)(?!.*\\.\\.)([A-Za-z0-9_'+\\-\\.]*)[A-Za-z0-9_+-]@([A-Za-z0-9][A-Za-z0-9\\-]*\\.)+[A-Za-z]{2,}$/",
    "path": [
      "features",
      34,
      "ownerEmail"
    ],
    "message": "Invalid owner email address"
  },
  {
    "origin": "string",
    "code": "invalid_format",
    "format": "email",
    "pattern": "/^(?!\\.)(?!.*\\.\\.)([A-Za-z0-9_'+\\-\\.]*)[A-Za-z0-9_+-]@([A-Za-z0-9][A-Za-z0-9\\-]*\\.)+[A-Za-z]{2,}$/",
    "path": [
      "features",
      35,
      "ownerEmail"
    ],
    "message": "Invalid owner email address"
  },
  {
    "origin": "string",
    "code": "invalid_format",
    "format": "email",
    "pattern": "/^(?!\\.)(?!.*\\.\\.)([A-Za-z0-9_'+\\-\\.]*)[A-Za-z0-9_+-]@([A-Za-z0-9][A-Za-z0-9\\-]*\\.)+[A-Za-z]{2,}$/",
    "path": [
      "features",
      36,
      "ownerEmail"
    ],
    "message": "Invalid owner email address"
  },
  {
    "origin": "string",
    "code": "invalid_format",
    "format": "email",
    "pattern": "/^(?!\\.)(?!.*\\.\\.)([A-Za-z0-9_'+\\-\\.]*)[A-Za-z0-9_+-]@([A-Za-z0-9][A-Za-z0-9\\-]*\\.)+[A-Za-z]{2,}$/",
    "path": [
      "features",
      37,
      "ownerEmail"
    ],
    "message": "Invalid owner email address"
  },
  {
    "origin": "string",
    "code": "invalid_format",
    "format": "email",
    "pattern": "/^(?!\\.)(?!.*\\.\\.)([A-Za-z0-9_'+\\-\\.]*)[A-Za-z0-9_+-]@([A-Za-z0-9][A-Za-z0-9\\-]*\\.)+[A-Za-z]{2,}$/",
    "path": [
      "features",
      38,
      "ownerEmail"
    ],
    "message": "Invalid owner email address"
  },
  {
    "origin": "string",
    "code": "invalid_format",
    "format": "email",
    "pattern": "/^(?!\\.)(?!.*\\.\\.)([A-Za-z0-9_'+\\-\\.]*)[A-Za-z0-9_+-]@([A-Za-z0-9][A-Za-z0-9\\-]*\\.)+[A-Za-z]{2,}$/",
    "path": [
      "features",
      39,
      "ownerEmail"
    ],
    "message": "Invalid owner email address"
  }
]
[2026-06-15 22:36:18:3618] [ERROR]: ZodError: [
  {
    "origin": "string",
    "code": "invalid_format",
    "format": "email",
    "pattern": "/^(?!\\.)(?!.*\\.\\.)([A-Za-z0-9_'+\\-\\.]*)[A-Za-z0-9_+-]@([A-Za-z0-9][A-Za-z0-9\\-]*\\.)+[A-Za-z]{2,}$/",
    "path": [
      "features",
      0,
      "ownerEmail"
    ],
    "message": "Invalid owner email address"
  },
  {
    "origin": "string",
    "code": "invalid_format",
    "format": "email",
    "pattern": "/^(?!\\.)(?!.*\\.\\.)([A-Za-z0-9_'+\\-\\.]*)[A-Za-z0-9_+-]@([A-Za-z0-9][A-Za-z0-9\\-]*\\.)+[A-Za-z]{2,}$/",
    "path": [
      "features",
      1,
      "ownerEmail"
    ],
    "message": "Invalid owner email address"
  },
  {
    "origin": "string",
    "code": "invalid_format",
    "format": "email",
    "pattern": "/^(?!\\.)(?!.*\\.\\.)([A-Za-z0-9_'+\\-\\.]*)[A-Za-z0-9_+-]@([A-Za-z0-9][A-Za-z0-9\\-]*\\.)+[A-Za-z]{2,}$/",
    "path": [
      "features",
      2,
      "ownerEmail"
    ],
    "message": "Invalid owner email address"
  },
  {
    "origin": "string",
    "code": "invalid_format",
    "format": "email",
    "pattern": "/^(?!\\.)(?!.*\\.\\.)([A-Za-z0-9_'+\\-\\.]*)[A-Za-z0-9_+-]@([A-Za-z0-9][A-Za-z0-9\\-]*\\.)+[A-Za-z]{2,}$/",
    "path": [
      "features",
      3,
      "ownerEmail"
    ],
    "message": "Invalid owner email address"
  },
  {
    "origin": "string",
    "code": "invalid_format",
    "format": "email",
    "pattern": "/^(?!\\.)(?!.*\\.\\.)([A-Za-z0-9_'+\\-\\.]*)[A-Za-z0-9_+-]@([A-Za-z0-9][A-Za-z0-9\\-]*\\.)+[A-Za-z]{2,}$/",
    "path": [
      "features",
      4,
      "ownerEmail"
    ],
    "message": "Invalid owner email address"
  },
  {
    "origin": "string",
    "code": "invalid_format",
    "format": "email",
    "pattern": "/^(?!\\.)(?!.*\\.\\.)([A-Za-z0-9_'+\\-\\.]*)[A-Za-z0-9_+-]@([A-Za-z0-9][A-Za-z0-9\\-]*\\.)+[A-Za-z]{2,}$/",
    "path": [
      "features",
      5,
      "ownerEmail"
    ],
    "message": "Invalid owner email address"
  },
  {
    "origin": "string",
    "code": "invalid_format",
    "format": "email",
    "pattern": "/^(?!\\.)(?!.*\\.\\.)([A-Za-z0-9_'+\\-\\.]*)[A-Za-z0-9_+-]@([A-Za-z0-9][A-Za-z0-9\\-]*\\.)+[A-Za-z]{2,}$/",
    "path": [
      "features",
      6,
      "ownerEmail"
    ],
    "message": "Invalid owner email address"
  },
  {
    "origin": "string",
    "code": "invalid_format",
    "format": "email",
    "pattern": "/^(?!\\.)(?!.*\\.\\.)([A-Za-z0-9_'+\\-\\.]*)[A-Za-z0-9_+-]@([A-Za-z0-9][A-Za-z0-9\\-]*\\.)+[A-Za-z]{2,}$/",
    "path": [
      "features",
      7,
      "ownerEmail"
    ],
    "message": "Invalid owner email address"
  },
  {
    "origin": "string",
    "code": "invalid_format",
    "format": "email",
    "pattern": "/^(?!\\.)(?!.*\\.\\.)([A-Za-z0-9_'+\\-\\.]*)[A-Za-z0-9_+-]@([A-Za-z0-9][A-Za-z0-9\\-]*\\.)+[A-Za-z]{2,}$/",
    "path": [
      "features",
      8,
      "ownerEmail"
    ],
    "message": "Invalid owner email address"
  },
  {
    "origin": "string",
    "code": "invalid_format",
    "format": "email",
    "pattern": "/^(?!\\.)(?!.*\\.\\.)([A-Za-z0-9_'+\\-\\.]*)[A-Za-z0-9_+-]@([A-Za-z0-9][A-Za-z0-9\\-]*\\.)+[A-Za-z]{2,}$/",
    "path": [
      "features",
      9,
      "ownerEmail"
    ],
    "message": "Invalid owner email address"
  },
  {
    "origin": "string",
    "code": "invalid_format",
    "format": "email",
    "pattern": "/^(?!\\.)(?!.*\\.\\.)([A-Za-z0-9_'+\\-\\.]*)[A-Za-z0-9_+-]@([A-Za-z0-9][A-Za-z0-9\\-]*\\.)+[A-Za-z]{2,}$/",
    "path": [
      "features",
      10,
      "ownerEmail"
    ],
    "message": "Invalid owner email address"
  },
  {
    "origin": "string",
    "code": "invalid_format",
    "format": "email",
    "pattern": "/^(?!\\.)(?!.*\\.\\.)([A-Za-z0-9_'+\\-\\.]*)[A-Za-z0-9_+-]@([A-Za-z0-9][A-Za-z0-9\\-]*\\.)+[A-Za-z]{2,}$/",
    "path": [
      "features",
      11,
      "ownerEmail"
    ],
    "message": "Invalid owner email address"
  },
  {
    "origin": "string",
    "code": "invalid_format",
    "format": "email",
    "pattern": "/^(?!\\.)(?!.*\\.\\.)([A-Za-z0-9_'+\\-\\.]*)[A-Za-z0-9_+-]@([A-Za-z0-9][A-Za-z0-9\\-]*\\.)+[A-Za-z]{2,}$/",
    "path": [
      "features",
      12,
      "ownerEmail"
    ],
    "message": "Invalid owner email address"
  },
  {
    "origin": "string",
    "code": "invalid_format",
    "format": "email",
    "pattern": "/^(?!\\.)(?!.*\\.\\.)([A-Za-z0-9_'+\\-\\.]*)[A-Za-z0-9_+-]@([A-Za-z0-9][A-Za-z0-9\\-]*\\.)+[A-Za-z]{2,}$/",
    "path": [
      "features",
      13,
      "ownerEmail"
    ],
    "message": "Invalid owner email address"
  },
  {
    "origin": "string",
    "code": "invalid_format",
    "format": "email",
    "pattern": "/^(?!\\.)(?!.*\\.\\.)([A-Za-z0-9_'+\\-\\.]*)[A-Za-z0-9_+-]@([A-Za-z0-9][A-Za-z0-9\\-]*\\.)+[A-Za-z]{2,}$/",
    "path": [
      "features",
      14,
      "ownerEmail"
    ],
    "message": "Invalid owner email address"
  },
  {
    "origin": "string",
    "code": "invalid_format",
    "format": "email",
    "pattern": "/^(?!\\.)(?!.*\\.\\.)([A-Za-z0-9_'+\\-\\.]*)[A-Za-z0-9_+-]@([A-Za-z0-9][A-Za-z0-9\\-]*\\.)+[A-Za-z]{2,}$/",
    "path": [
      "features",
      15,
      "ownerEmail"
    ],
    "message": "Invalid owner email address"
  },
  {
    "origin": "string",
    "code": "invalid_format",
    "format": "email",
    "pattern": "/^(?!\\.)(?!.*\\.\\.)([A-Za-z0-9_'+\\-\\.]*)[A-Za-z0-9_+-]@([A-Za-z0-9][A-Za-z0-9\\-]*\\.)+[A-Za-z]{2,}$/",
    "path": [
      "features",
      16,
      "ownerEmail"
    ],
    "message": "Invalid owner email address"
  },
  {
    "origin": "string",
    "code": "invalid_format",
    "format": "email",
    "pattern": "/^(?!\\.)(?!.*\\.\\.)([A-Za-z0-9_'+\\-\\.]*)[A-Za-z0-9_+-]@([A-Za-z0-9][A-Za-z0-9\\-]*\\.)+[A-Za-z]{2,}$/",
    "path": [
      "features",
      17,
      "ownerEmail"
    ],
    "message": "Invalid owner email address"
  },
  {
    "origin": "string",
    "code": "invalid_format",
    "format": "email",
    "pattern": "/^(?!\\.)(?!.*\\.\\.)([A-Za-z0-9_'+\\-\\.]*)[A-Za-z0-9_+-]@([A-Za-z0-9][A-Za-z0-9\\-]*\\.)+[A-Za-z]{2,}$/",
    "path": [
      "features",
      18,
      "ownerEmail"
    ],
    "message": "Invalid owner email address"
  },
  {
    "origin": "string",
    "code": "invalid_format",
    "format": "email",
    "pattern": "/^(?!\\.)(?!.*\\.\\.)([A-Za-z0-9_'+\\-\\.]*)[A-Za-z0-9_+-]@([A-Za-z0-9][A-Za-z0-9\\-]*\\.)+[A-Za-z]{2,}$/",
    "path": [
      "features",
      19,
      "ownerEmail"
    ],
    "message": "Invalid owner email address"
  },
  {
    "origin": "string",
    "code": "invalid_format",
    "format": "email",
    "pattern": "/^(?!\\.)(?!.*\\.\\.)([A-Za-z0-9_'+\\-\\.]*)[A-Za-z0-9_+-]@([A-Za-z0-9][A-Za-z0-9\\-]*\\.)+[A-Za-z]{2,}$/",
    "path": [
      "features",
      20,
      "ownerEmail"
    ],
    "message": "Invalid owner email address"
  },
  {
    "origin": "string",
    "code": "invalid_format",
    "format": "email",
    "pattern": "/^(?!\\.)(?!.*\\.\\.)([A-Za-z0-9_'+\\-\\.]*)[A-Za-z0-9_+-]@([A-Za-z0-9][A-Za-z0-9\\-]*\\.)+[A-Za-z]{2,}$/",
    "path": [
      "features",
      21,
      "ownerEmail"
    ],
    "message": "Invalid owner email address"
  },
  {
    "origin": "string",
    "code": "invalid_format",
    "format": "email",
    "pattern": "/^(?!\\.)(?!.*\\.\\.)([A-Za-z0-9_'+\\-\\.]*)[A-Za-z0-9_+-]@([A-Za-z0-9][A-Za-z0-9\\-]*\\.)+[A-Za-z]{2,}$/",
    "path": [
      "features",
      22,
      "ownerEmail"
    ],
    "message": "Invalid owner email address"
  },
  {
    "origin": "string",
    "code": "invalid_format",
    "format": "email",
    "pattern": "/^(?!\\.)(?!.*\\.\\.)([A-Za-z0-9_'+\\-\\.]*)[A-Za-z0-9_+-]@([A-Za-z0-9][A-Za-z0-9\\-]*\\.)+[A-Za-z]{2,}$/",
    "path": [
      "features",
      23,
      "ownerEmail"
    ],
    "message": "Invalid owner email address"
  },
  {
    "origin": "string",
    "code": "invalid_format",
    "format": "email",
    "pattern": "/^(?!\\.)(?!.*\\.\\.)([A-Za-z0-9_'+\\-\\.]*)[A-Za-z0-9_+-]@([A-Za-z0-9][A-Za-z0-9\\-]*\\.)+[A-Za-z]{2,}$/",
    "path": [
      "features",
      24,
      "ownerEmail"
    ],
    "message": "Invalid owner email address"
  },
  {
    "origin": "string",
    "code": "invalid_format",
    "format": "email",
    "pattern": "/^(?!\\.)(?!.*\\.\\.)([A-Za-z0-9_'+\\-\\.]*)[A-Za-z0-9_+-]@([A-Za-z0-9][A-Za-z0-9\\-]*\\.)+[A-Za-z]{2,}$/",
    "path": [
      "features",
      25,
      "ownerEmail"
    ],
    "message": "Invalid owner email address"
  },
  {
    "origin": "string",
    "code": "invalid_format",
    "format": "email",
    "pattern": "/^(?!\\.)(?!.*\\.\\.)([A-Za-z0-9_'+\\-\\.]*)[A-Za-z0-9_+-]@([A-Za-z0-9][A-Za-z0-9\\-]*\\.)+[A-Za-z]{2,}$/",
    "path": [
      "features",
      26,
      "ownerEmail"
    ],
    "message": "Invalid owner email address"
  },
  {
    "origin": "string",
    "code": "invalid_format",
    "format": "email",
    "pattern": "/^(?!\\.)(?!.*\\.\\.)([A-Za-z0-9_'+\\-\\.]*)[A-Za-z0-9_+-]@([A-Za-z0-9][A-Za-z0-9\\-]*\\.)+[A-Za-z]{2,}$/",
    "path": [
      "features",
      27,
      "ownerEmail"
    ],
    "message": "Invalid owner email address"
  },
  {
    "origin": "string",
    "code": "invalid_format",
    "format": "email",
    "pattern": "/^(?!\\.)(?!.*\\.\\.)([A-Za-z0-9_'+\\-\\.]*)[A-Za-z0-9_+-]@([A-Za-z0-9][A-Za-z0-9\\-]*\\.)+[A-Za-z]{2,}$/",
    "path": [
      "features",
      28,
      "ownerEmail"
    ],
    "message": "Invalid owner email address"
  },
  {
    "origin": "string",
    "code": "invalid_format",
    "format": "email",
    "pattern": "/^(?!\\.)(?!.*\\.\\.)([A-Za-z0-9_'+\\-\\.]*)[A-Za-z0-9_+-]@([A-Za-z0-9][A-Za-z0-9\\-]*\\.)+[A-Za-z]{2,}$/",
    "path": [
      "features",
      29,
      "ownerEmail"
    ],
    "message": "Invalid owner email address"
  },
  {
    "origin": "string",
    "code": "invalid_format",
    "format": "email",
    "pattern": "/^(?!\\.)(?!.*\\.\\.)([A-Za-z0-9_'+\\-\\.]*)[A-Za-z0-9_+-]@([A-Za-z0-9][A-Za-z0-9\\-]*\\.)+[A-Za-z]{2,}$/",
    "path": [
      "features",
      30,
      "ownerEmail"
    ],
    "message": "Invalid owner email address"
  },
  {
    "origin": "string",
    "code": "invalid_format",
    "format": "email",
    "pattern": "/^(?!\\.)(?!.*\\.\\.)([A-Za-z0-9_'+\\-\\.]*)[A-Za-z0-9_+-]@([A-Za-z0-9][A-Za-z0-9\\-]*\\.)+[A-Za-z]{2,}$/",
    "path": [
      "features",
      31,
      "ownerEmail"
    ],
    "message": "Invalid owner email address"
  },
  {
    "origin": "string",
    "code": "invalid_format",
    "format": "email",
    "pattern": "/^(?!\\.)(?!.*\\.\\.)([A-Za-z0-9_'+\\-\\.]*)[A-Za-z0-9_+-]@([A-Za-z0-9][A-Za-z0-9\\-]*\\.)+[A-Za-z]{2,}$/",
    "path": [
      "features",
      32,
      "ownerEmail"
    ],
    "message": "Invalid owner email address"
  },
  {
    "origin": "string",
    "code": "invalid_format",
    "format": "email",
    "pattern": "/^(?!\\.)(?!.*\\.\\.)([A-Za-z0-9_'+\\-\\.]*)[A-Za-z0-9_+-]@([A-Za-z0-9][A-Za-z0-9\\-]*\\.)+[A-Za-z]{2,}$/",
    "path": [
      "features",
      33,
      "ownerEmail"
    ],
    "message": "Invalid owner email address"
  },
  {
    "origin": "string",
    "code": "invalid_format",
    "format": "email",
    "pattern": "/^(?!\\.)(?!.*\\.\\.)([A-Za-z0-9_'+\\-\\.]*)[A-Za-z0-9_+-]@([A-Za-z0-9][A-Za-z0-9\\-]*\\.)+[A-Za-z]{2,}$/",
    "path": [
      "features",
      34,
      "ownerEmail"
    ],
    "message": "Invalid owner email address"
  },
  {
    "origin": "string",
    "code": "invalid_format",
    "format": "email",
    "pattern": "/^(?!\\.)(?!.*\\.\\.)([A-Za-z0-9_'+\\-\\.]*)[A-Za-z0-9_+-]@([A-Za-z0-9][A-Za-z0-9\\-]*\\.)+[A-Za-z]{2,}$/",
    "path": [
      "features",
      35,
      "ownerEmail"
    ],
    "message": "Invalid owner email address"
  },
  {
    "origin": "string",
    "code": "invalid_format",
    "format": "email",
    "pattern": "/^(?!\\.)(?!.*\\.\\.)([A-Za-z0-9_'+\\-\\.]*)[A-Za-z0-9_+-]@([A-Za-z0-9][A-Za-z0-9\\-]*\\.)+[A-Za-z]{2,}$/",
    "path": [
      "features",
      36,
      "ownerEmail"
    ],
    "message": "Invalid owner email address"
  },
  {
    "origin": "string",
    "code": "invalid_format",
    "format": "email",
    "pattern": "/^(?!\\.)(?!.*\\.\\.)([A-Za-z0-9_'+\\-\\.]*)[A-Za-z0-9_+-]@([A-Za-z0-9][A-Za-z0-9\\-]*\\.)+[A-Za-z]{2,}$/",
    "path": [
      "features",
      37,
      "ownerEmail"
    ],
    "message": "Invalid owner email address"
  },
  {
    "origin": "string",
    "code": "invalid_format",
    "format": "email",
    "pattern": "/^(?!\\.)(?!.*\\.\\.)([A-Za-z0-9_'+\\-\\.]*)[A-Za-z0-9_+-]@([A-Za-z0-9][A-Za-z0-9\\-]*\\.)+[A-Za-z]{2,}$/",
    "path": [
      "features",
      38,
      "ownerEmail"
    ],
    "message": "Invalid owner email address"
  },
  {
    "origin": "string",
    "code": "invalid_format",
    "format": "email",
    "pattern": "/^(?!\\.)(?!.*\\.\\.)([A-Za-z0-9_'+\\-\\.]*)[A-Za-z0-9_+-]@([A-Za-z0-9][A-Za-z0-9\\-]*\\.)+[A-Za-z]{2,}$/",
    "path": [
      "features",
      39,
      "ownerEmail"
    ],
    "message": "Invalid owner email address"
  }
]
    at file:///C:/Users/krish/OneDrive/Desktop/TKS%20Project%20Tracking/backend/src/routes/features.js:87:48
    at Layer.handle [as handle_request] (C:\Users\krish\OneDrive\Desktop\TKS Project Tracking\backend\node_modules\express\lib\router\layer.js:95:5)
    at next (C:\Users\krish\OneDrive\Desktop\TKS Project Tracking\backend\node_modules\express\lib\router\route.js:149:13)
    at authMiddleware (file:///C:/Users/krish/OneDrive/Desktop/TKS%20Project%20Tracking/backend/src/middlewares/auth.js:16:5)
    at Layer.handle [as handle_request] (C:\Users\krish\OneDrive\Desktop\TKS Project Tracking\backend\node_modules\express\lib\router\layer.js:95:5)
    at next (C:\Users\krish\OneDrive\Desktop\TKS Project Tracking\backend\node_modules\express\lib\router\route.js:149:13)
    at Route.dispatch (C:\Users\krish\OneDrive\Desktop\TKS Project Tracking\backend\node_modules\express\lib\router\route.js:119:3)
    at Layer.handle [as handle_request] (C:\Users\krish\OneDrive\Desktop\TKS Project Tracking\backend\node_modules\express\lib\router\layer.js:95:5)
    at C:\Users\krish\OneDrive\Desktop\TKS Project Tracking\backend\node_modules\express\lib\router\index.js:284:15
    at router.process_params (C:\Users\krish\OneDrive\Desktop\TKS Project Tracking\backend\node_modules\express\lib\router\index.js:346:12)
[2026-06-15 22:36:18:3618] [INFO]: POST /api/features/bulk 400 1630 - 121.110 ms
[2026-06-15 22:36:27:3627] [INFO]: OPTIONS /api/features/bulk 204 0 - 0.305 ms
[2026-06-15 22:36:27:3627] [ERROR]: POST /api/features/bulk - Error: [
  {
    "origin": "string",
    "code": "invalid_format",
    "format": "email",
    "pattern": "/^(?!\\.)(?!.*\\.\\.)([A-Za-z0-9_'+\\-\\.]*)[A-Za-z0-9_+-]@([A-Za-z0-9][A-Za-z0-9\\-]*\\.)+[A-Za-z]{2,}$/",
    "path": [
      "features",
      0,
      "ownerEmail"
    ],
    "message": "Invalid owner email address"
  },
  {
    "origin": "string",
    "code": "invalid_format",
    "format": "email",
    "pattern": "/^(?!\\.)(?!.*\\.\\.)([A-Za-z0-9_'+\\-\\.]*)[A-Za-z0-9_+-]@([A-Za-z0-9][A-Za-z0-9\\-]*\\.)+[A-Za-z]{2,}$/",
    "path": [
      "features",
      1,
      "ownerEmail"
    ],
    "message": "Invalid owner email address"
  },
  {
    "origin": "string",
    "code": "invalid_format",
    "format": "email",
    "pattern": "/^(?!\\.)(?!.*\\.\\.)([A-Za-z0-9_'+\\-\\.]*)[A-Za-z0-9_+-]@([A-Za-z0-9][A-Za-z0-9\\-]*\\.)+[A-Za-z]{2,}$/",
    "path": [
      "features",
      2,
      "ownerEmail"
    ],
    "message": "Invalid owner email address"
  },
  {
    "origin": "string",
    "code": "invalid_format",
    "format": "email",
    "pattern": "/^(?!\\.)(?!.*\\.\\.)([A-Za-z0-9_'+\\-\\.]*)[A-Za-z0-9_+-]@([A-Za-z0-9][A-Za-z0-9\\-]*\\.)+[A-Za-z]{2,}$/",
    "path": [
      "features",
      3,
      "ownerEmail"
    ],
    "message": "Invalid owner email address"
  },
  {
    "origin": "string",
    "code": "invalid_format",
    "format": "email",
    "pattern": "/^(?!\\.)(?!.*\\.\\.)([A-Za-z0-9_'+\\-\\.]*)[A-Za-z0-9_+-]@([A-Za-z0-9][A-Za-z0-9\\-]*\\.)+[A-Za-z]{2,}$/",
    "path": [
      "features",
      4,
      "ownerEmail"
    ],
    "message": "Invalid owner email address"
  },
  {
    "origin": "string",
    "code": "invalid_format",
    "format": "email",
    "pattern": "/^(?!\\.)(?!.*\\.\\.)([A-Za-z0-9_'+\\-\\.]*)[A-Za-z0-9_+-]@([A-Za-z0-9][A-Za-z0-9\\-]*\\.)+[A-Za-z]{2,}$/",
    "path": [
      "features",
      5,
      "ownerEmail"
    ],
    "message": "Invalid owner email address"
  },
  {
    "origin": "string",
    "code": "invalid_format",
    "format": "email",
    "pattern": "/^(?!\\.)(?!.*\\.\\.)([A-Za-z0-9_'+\\-\\.]*)[A-Za-z0-9_+-]@([A-Za-z0-9][A-Za-z0-9\\-]*\\.)+[A-Za-z]{2,}$/",
    "path": [
      "features",
      6,
      "ownerEmail"
    ],
    "message": "Invalid owner email address"
  },
  {
    "origin": "string",
    "code": "invalid_format",
    "format": "email",
    "pattern": "/^(?!\\.)(?!.*\\.\\.)([A-Za-z0-9_'+\\-\\.]*)[A-Za-z0-9_+-]@([A-Za-z0-9][A-Za-z0-9\\-]*\\.)+[A-Za-z]{2,}$/",
    "path": [
      "features",
      7,
      "ownerEmail"
    ],
    "message": "Invalid owner email address"
  },
  {
    "origin": "string",
    "code": "invalid_format",
    "format": "email",
    "pattern": "/^(?!\\.)(?!.*\\.\\.)([A-Za-z0-9_'+\\-\\.]*)[A-Za-z0-9_+-]@([A-Za-z0-9][A-Za-z0-9\\-]*\\.)+[A-Za-z]{2,}$/",
    "path": [
      "features",
      8,
      "ownerEmail"
    ],
    "message": "Invalid owner email address"
  },
  {
    "origin": "string",
    "code": "invalid_format",
    "format": "email",
    "pattern": "/^(?!\\.)(?!.*\\.\\.)([A-Za-z0-9_'+\\-\\.]*)[A-Za-z0-9_+-]@([A-Za-z0-9][A-Za-z0-9\\-]*\\.)+[A-Za-z]{2,}$/",
    "path": [
      "features",
      9,
      "ownerEmail"
    ],
    "message": "Invalid owner email address"
  },
  {
    "origin": "string",
    "code": "invalid_format",
    "format": "email",
    "pattern": "/^(?!\\.)(?!.*\\.\\.)([A-Za-z0-9_'+\\-\\.]*)[A-Za-z0-9_+-]@([A-Za-z0-9][A-Za-z0-9\\-]*\\.)+[A-Za-z]{2,}$/",
    "path": [
      "features",
      10,
      "ownerEmail"
    ],
    "message": "Invalid owner email address"
  },
  {
    "origin": "string",
    "code": "invalid_format",
    "format": "email",
    "pattern": "/^(?!\\.)(?!.*\\.\\.)([A-Za-z0-9_'+\\-\\.]*)[A-Za-z0-9_+-]@([A-Za-z0-9][A-Za-z0-9\\-]*\\.)+[A-Za-z]{2,}$/",
    "path": [
      "features",
      11,
      "ownerEmail"
    ],
    "message": "Invalid owner email address"
  },
  {
    "origin": "string",
    "code": "invalid_format",
    "format": "email",
    "pattern": "/^(?!\\.)(?!.*\\.\\.)([A-Za-z0-9_'+\\-\\.]*)[A-Za-z0-9_+-]@([A-Za-z0-9][A-Za-z0-9\\-]*\\.)+[A-Za-z]{2,}$/",
    "path": [
      "features",
      12,
      "ownerEmail"
    ],
    "message": "Invalid owner email address"
  },
  {
    "origin": "string",
    "code": "invalid_format",
    "format": "email",
    "pattern": "/^(?!\\.)(?!.*\\.\\.)([A-Za-z0-9_'+\\-\\.]*)[A-Za-z0-9_+-]@([A-Za-z0-9][A-Za-z0-9\\-]*\\.)+[A-Za-z]{2,}$/",
    "path": [
      "features",
      13,
      "ownerEmail"
    ],
    "message": "Invalid owner email address"
  },
  {
    "origin": "string",
    "code": "invalid_format",
    "format": "email",
    "pattern": "/^(?!\\.)(?!.*\\.\\.)([A-Za-z0-9_'+\\-\\.]*)[A-Za-z0-9_+-]@([A-Za-z0-9][A-Za-z0-9\\-]*\\.)+[A-Za-z]{2,}$/",
    "path": [
      "features",
      14,
      "ownerEmail"
    ],
    "message": "Invalid owner email address"
  },
  {
    "origin": "string",
    "code": "invalid_format",
    "format": "email",
    "pattern": "/^(?!\\.)(?!.*\\.\\.)([A-Za-z0-9_'+\\-\\.]*)[A-Za-z0-9_+-]@([A-Za-z0-9][A-Za-z0-9\\-]*\\.)+[A-Za-z]{2,}$/",
    "path": [
      "features",
      15,
      "ownerEmail"
    ],
    "message": "Invalid owner email address"
  },
  {
    "origin": "string",
    "code": "invalid_format",
    "format": "email",
    "pattern": "/^(?!\\.)(?!.*\\.\\.)([A-Za-z0-9_'+\\-\\.]*)[A-Za-z0-9_+-]@([A-Za-z0-9][A-Za-z0-9\\-]*\\.)+[A-Za-z]{2,}$/",
    "path": [
      "features",
      16,
      "ownerEmail"
    ],
    "message": "Invalid owner email address"
  },
  {
    "origin": "string",
    "code": "invalid_format",
    "format": "email",
    "pattern": "/^(?!\\.)(?!.*\\.\\.)([A-Za-z0-9_'+\\-\\.]*)[A-Za-z0-9_+-]@([A-Za-z0-9][A-Za-z0-9\\-]*\\.)+[A-Za-z]{2,}$/",
    "path": [
      "features",
      17,
      "ownerEmail"
    ],
    "message": "Invalid owner email address"
  },
  {
    "origin": "string",
    "code": "invalid_format",
    "format": "email",
    "pattern": "/^(?!\\.)(?!.*\\.\\.)([A-Za-z0-9_'+\\-\\.]*)[A-Za-z0-9_+-]@([A-Za-z0-9][A-Za-z0-9\\-]*\\.)+[A-Za-z]{2,}$/",
    "path": [
      "features",
      18,
      "ownerEmail"
    ],
    "message": "Invalid owner email address"
  },
  {
    "origin": "string",
    "code": "invalid_format",
    "format": "email",
    "pattern": "/^(?!\\.)(?!.*\\.\\.)([A-Za-z0-9_'+\\-\\.]*)[A-Za-z0-9_+-]@([A-Za-z0-9][A-Za-z0-9\\-]*\\.)+[A-Za-z]{2,}$/",
    "path": [
      "features",
      19,
      "ownerEmail"
    ],
    "message": "Invalid owner email address"
  },
  {
    "origin": "string",
    "code": "invalid_format",
    "format": "email",
    "pattern": "/^(?!\\.)(?!.*\\.\\.)([A-Za-z0-9_'+\\-\\.]*)[A-Za-z0-9_+-]@([A-Za-z0-9][A-Za-z0-9\\-]*\\.)+[A-Za-z]{2,}$/",
    "path": [
      "features",
      20,
      "ownerEmail"
    ],
    "message": "Invalid owner email address"
  },
  {
    "origin": "string",
    "code": "invalid_format",
    "format": "email",
    "pattern": "/^(?!\\.)(?!.*\\.\\.)([A-Za-z0-9_'+\\-\\.]*)[A-Za-z0-9_+-]@([A-Za-z0-9][A-Za-z0-9\\-]*\\.)+[A-Za-z]{2,}$/",
    "path": [
      "features",
      21,
      "ownerEmail"
    ],
    "message": "Invalid owner email address"
  },
  {
    "origin": "string",
    "code": "invalid_format",
    "format": "email",
    "pattern": "/^(?!\\.)(?!.*\\.\\.)([A-Za-z0-9_'+\\-\\.]*)[A-Za-z0-9_+-]@([A-Za-z0-9][A-Za-z0-9\\-]*\\.)+[A-Za-z]{2,}$/",
    "path": [
      "features",
      22,
      "ownerEmail"
    ],
    "message": "Invalid owner email address"
  },
  {
    "origin": "string",
    "code": "invalid_format",
    "format": "email",
    "pattern": "/^(?!\\.)(?!.*\\.\\.)([A-Za-z0-9_'+\\-\\.]*)[A-Za-z0-9_+-]@([A-Za-z0-9][A-Za-z0-9\\-]*\\.)+[A-Za-z]{2,}$/",
    "path": [
      "features",
      23,
      "ownerEmail"
    ],
    "message": "Invalid owner email address"
  },
  {
    "origin": "string",
    "code": "invalid_format",
    "format": "email",
    "pattern": "/^(?!\\.)(?!.*\\.\\.)([A-Za-z0-9_'+\\-\\.]*)[A-Za-z0-9_+-]@([A-Za-z0-9][A-Za-z0-9\\-]*\\.)+[A-Za-z]{2,}$/",
    "path": [
      "features",
      24,
      "ownerEmail"
    ],
    "message": "Invalid owner email address"
  },
  {
    "origin": "string",
    "code": "invalid_format",
    "format": "email",
    "pattern": "/^(?!\\.)(?!.*\\.\\.)([A-Za-z0-9_'+\\-\\.]*)[A-Za-z0-9_+-]@([A-Za-z0-9][A-Za-z0-9\\-]*\\.)+[A-Za-z]{2,}$/",
    "path": [
      "features",
      25,
      "ownerEmail"
    ],
    "message": "Invalid owner email address"
  },
  {
    "origin": "string",
    "code": "invalid_format",
    "format": "email",
    "pattern": "/^(?!\\.)(?!.*\\.\\.)([A-Za-z0-9_'+\\-\\.]*)[A-Za-z0-9_+-]@([A-Za-z0-9][A-Za-z0-9\\-]*\\.)+[A-Za-z]{2,}$/",
    "path": [
      "features",
      26,
      "ownerEmail"
    ],
    "message": "Invalid owner email address"
  },
  {
    "origin": "string",
    "code": "invalid_format",
    "format": "email",
    "pattern": "/^(?!\\.)(?!.*\\.\\.)([A-Za-z0-9_'+\\-\\.]*)[A-Za-z0-9_+-]@([A-Za-z0-9][A-Za-z0-9\\-]*\\.)+[A-Za-z]{2,}$/",
    "path": [
      "features",
      27,
      "ownerEmail"
    ],
    "message": "Invalid owner email address"
  },
  {
    "origin": "string",
    "code": "invalid_format",
    "format": "email",
    "pattern": "/^(?!\\.)(?!.*\\.\\.)([A-Za-z0-9_'+\\-\\.]*)[A-Za-z0-9_+-]@([A-Za-z0-9][A-Za-z0-9\\-]*\\.)+[A-Za-z]{2,}$/",
    "path": [
      "features",
      28,
      "ownerEmail"
    ],
    "message": "Invalid owner email address"
  },
  {
    "origin": "string",
    "code": "invalid_format",
    "format": "email",
    "pattern": "/^(?!\\.)(?!.*\\.\\.)([A-Za-z0-9_'+\\-\\.]*)[A-Za-z0-9_+-]@([A-Za-z0-9][A-Za-z0-9\\-]*\\.)+[A-Za-z]{2,}$/",
    "path": [
      "features",
      29,
      "ownerEmail"
    ],
    "message": "Invalid owner email address"
  },
  {
    "origin": "string",
    "code": "invalid_format",
    "format": "email",
    "pattern": "/^(?!\\.)(?!.*\\.\\.)([A-Za-z0-9_'+\\-\\.]*)[A-Za-z0-9_+-]@([A-Za-z0-9][A-Za-z0-9\\-]*\\.)+[A-Za-z]{2,}$/",
    "path": [
      "features",
      30,
      "ownerEmail"
    ],
    "message": "Invalid owner email address"
  },
  {
    "origin": "string",
    "code": "invalid_format",
    "format": "email",
    "pattern": "/^(?!\\.)(?!.*\\.\\.)([A-Za-z0-9_'+\\-\\.]*)[A-Za-z0-9_+-]@([A-Za-z0-9][A-Za-z0-9\\-]*\\.)+[A-Za-z]{2,}$/",
    "path": [
      "features",
      31,
      "ownerEmail"
    ],
    "message": "Invalid owner email address"
  },
  {
    "origin": "string",
    "code": "invalid_format",
    "format": "email",
    "pattern": "/^(?!\\.)(?!.*\\.\\.)([A-Za-z0-9_'+\\-\\.]*)[A-Za-z0-9_+-]@([A-Za-z0-9][A-Za-z0-9\\-]*\\.)+[A-Za-z]{2,}$/",
    "path": [
      "features",
      32,
      "ownerEmail"
    ],
    "message": "Invalid owner email address"
  },
  {
    "origin": "string",
    "code": "invalid_format",
    "format": "email",
    "pattern": "/^(?!\\.)(?!.*\\.\\.)([A-Za-z0-9_'+\\-\\.]*)[A-Za-z0-9_+-]@([A-Za-z0-9][A-Za-z0-9\\-]*\\.)+[A-Za-z]{2,}$/",
    "path": [
      "features",
      33,
      "ownerEmail"
    ],
    "message": "Invalid owner email address"
  },
  {
    "origin": "string",
    "code": "invalid_format",
    "format": "email",
    "pattern": "/^(?!\\.)(?!.*\\.\\.)([A-Za-z0-9_'+\\-\\.]*)[A-Za-z0-9_+-]@([A-Za-z0-9][A-Za-z0-9\\-]*\\.)+[A-Za-z]{2,}$/",
    "path": [
      "features",
      34,
      "ownerEmail"
    ],
    "message": "Invalid owner email address"
  },
  {
    "origin": "string",
    "code": "invalid_format",
    "format": "email",
    "pattern": "/^(?!\\.)(?!.*\\.\\.)([A-Za-z0-9_'+\\-\\.]*)[A-Za-z0-9_+-]@([A-Za-z0-9][A-Za-z0-9\\-]*\\.)+[A-Za-z]{2,}$/",
    "path": [
      "features",
      35,
      "ownerEmail"
    ],
    "message": "Invalid owner email address"
  },
  {
    "origin": "string",
    "code": "invalid_format",
    "format": "email",
    "pattern": "/^(?!\\.)(?!.*\\.\\.)([A-Za-z0-9_'+\\-\\.]*)[A-Za-z0-9_+-]@([A-Za-z0-9][A-Za-z0-9\\-]*\\.)+[A-Za-z]{2,}$/",
    "path": [
      "features",
      36,
      "ownerEmail"
    ],
    "message": "Invalid owner email address"
  },
  {
    "origin": "string",
    "code": "invalid_format",
    "format": "email",
    "pattern": "/^(?!\\.)(?!.*\\.\\.)([A-Za-z0-9_'+\\-\\.]*)[A-Za-z0-9_+-]@([A-Za-z0-9][A-Za-z0-9\\-]*\\.)+[A-Za-z]{2,}$/",
    "path": [
      "features",
      37,
      "ownerEmail"
    ],
    "message": "Invalid owner email address"
  },
  {
    "origin": "string",
    "code": "invalid_format",
    "format": "email",
    "pattern": "/^(?!\\.)(?!.*\\.\\.)([A-Za-z0-9_'+\\-\\.]*)[A-Za-z0-9_+-]@([A-Za-z0-9][A-Za-z0-9\\-]*\\.)+[A-Za-z]{2,}$/",
    "path": [
      "features",
      38,
      "ownerEmail"
    ],
    "message": "Invalid owner email address"
  },
  {
    "origin": "string",
    "code": "invalid_format",
    "format": "email",
    "pattern": "/^(?!\\.)(?!.*\\.\\.)([A-Za-z0-9_'+\\-\\.]*)[A-Za-z0-9_+-]@([A-Za-z0-9][A-Za-z0-9\\-]*\\.)+[A-Za-z]{2,}$/",
    "path": [
      "features",
      39,
      "ownerEmail"
    ],
    "message": "Invalid owner email address"
  }
]
[2026-06-15 22:36:27:3627] [ERROR]: ZodError: [
  {
    "origin": "string",
    "code": "invalid_format",
    "format": "email",
    "pattern": "/^(?!\\.)(?!.*\\.\\.)([A-Za-z0-9_'+\\-\\.]*)[A-Za-z0-9_+-]@([A-Za-z0-9][A-Za-z0-9\\-]*\\.)+[A-Za-z]{2,}$/",
    "path": [
      "features",
      0,
      "ownerEmail"
    ],
    "message": "Invalid owner email address"
  },
  {
    "origin": "string",
    "code": "invalid_format",
    "format": "email",
    "pattern": "/^(?!\\.)(?!.*\\.\\.)([A-Za-z0-9_'+\\-\\.]*)[A-Za-z0-9_+-]@([A-Za-z0-9][A-Za-z0-9\\-]*\\.)+[A-Za-z]{2,}$/",
    "path": [
      "features",
      1,
      "ownerEmail"
    ],
    "message": "Invalid owner email address"
  },
  {
    "origin": "string",
    "code": "invalid_format",
    "format": "email",
    "pattern": "/^(?!\\.)(?!.*\\.\\.)([A-Za-z0-9_'+\\-\\.]*)[A-Za-z0-9_+-]@([A-Za-z0-9][A-Za-z0-9\\-]*\\.)+[A-Za-z]{2,}$/",
    "path": [
      "features",
      2,
      "ownerEmail"
    ],
    "message": "Invalid owner email address"
  },
  {
    "origin": "string",
    "code": "invalid_format",
    "format": "email",
    "pattern": "/^(?!\\.)(?!.*\\.\\.)([A-Za-z0-9_'+\\-\\.]*)[A-Za-z0-9_+-]@([A-Za-z0-9][A-Za-z0-9\\-]*\\.)+[A-Za-z]{2,}$/",
    "path": [
      "features",
      3,
      "ownerEmail"
    ],
    "message": "Invalid owner email address"
  },
  {
    "origin": "string",
    "code": "invalid_format",
    "format": "email",
    "pattern": "/^(?!\\.)(?!.*\\.\\.)([A-Za-z0-9_'+\\-\\.]*)[A-Za-z0-9_+-]@([A-Za-z0-9][A-Za-z0-9\\-]*\\.)+[A-Za-z]{2,}$/",
    "path": [
      "features",
      4,
      "ownerEmail"
    ],
    "message": "Invalid owner email address"
  },
  {
    "origin": "string",
    "code": "invalid_format",
    "format": "email",
    "pattern": "/^(?!\\.)(?!.*\\.\\.)([A-Za-z0-9_'+\\-\\.]*)[A-Za-z0-9_+-]@([A-Za-z0-9][A-Za-z0-9\\-]*\\.)+[A-Za-z]{2,}$/",
    "path": [
      "features",
      5,
      "ownerEmail"
    ],
    "message": "Invalid owner email address"
  },
  {
    "origin": "string",
    "code": "invalid_format",
    "format": "email",
    "pattern": "/^(?!\\.)(?!.*\\.\\.)([A-Za-z0-9_'+\\-\\.]*)[A-Za-z0-9_+-]@([A-Za-z0-9][A-Za-z0-9\\-]*\\.)+[A-Za-z]{2,}$/",
    "path": [
      "features",
      6,
      "ownerEmail"
    ],
    "message": "Invalid owner email address"
  },
  {
    "origin": "string",
    "code": "invalid_format",
    "format": "email",
    "pattern": "/^(?!\\.)(?!.*\\.\\.)([A-Za-z0-9_'+\\-\\.]*)[A-Za-z0-9_+-]@([A-Za-z0-9][A-Za-z0-9\\-]*\\.)+[A-Za-z]{2,}$/",
    "path": [
      "features",
      7,
      "ownerEmail"
    ],
    "message": "Invalid owner email address"
  },
  {
    "origin": "string",
    "code": "invalid_format",
    "format": "email",
    "pattern": "/^(?!\\.)(?!.*\\.\\.)([A-Za-z0-9_'+\\-\\.]*)[A-Za-z0-9_+-]@([A-Za-z0-9][A-Za-z0-9\\-]*\\.)+[A-Za-z]{2,}$/",
    "path": [
      "features",
      8,
      "ownerEmail"
    ],
    "message": "Invalid owner email address"
  },
  {
    "origin": "string",
    "code": "invalid_format",
    "format": "email",
    "pattern": "/^(?!\\.)(?!.*\\.\\.)([A-Za-z0-9_'+\\-\\.]*)[A-Za-z0-9_+-]@([A-Za-z0-9][A-Za-z0-9\\-]*\\.)+[A-Za-z]{2,}$/",
    "path": [
      "features",
      9,
      "ownerEmail"
    ],
    "message": "Invalid owner email address"
  },
  {
    "origin": "string",
    "code": "invalid_format",
    "format": "email",
    "pattern": "/^(?!\\.)(?!.*\\.\\.)([A-Za-z0-9_'+\\-\\.]*)[A-Za-z0-9_+-]@([A-Za-z0-9][A-Za-z0-9\\-]*\\.)+[A-Za-z]{2,}$/",
    "path": [
      "features",
      10,
      "ownerEmail"
    ],
    "message": "Invalid owner email address"
  },
  {
    "origin": "string",
    "code": "invalid_format",
    "format": "email",
    "pattern": "/^(?!\\.)(?!.*\\.\\.)([A-Za-z0-9_'+\\-\\.]*)[A-Za-z0-9_+-]@([A-Za-z0-9][A-Za-z0-9\\-]*\\.)+[A-Za-z]{2,}$/",
    "path": [
      "features",
      11,
      "ownerEmail"
    ],
    "message": "Invalid owner email address"
  },
  {
    "origin": "string",
    "code": "invalid_format",
    "format": "email",
    "pattern": "/^(?!\\.)(?!.*\\.\\.)([A-Za-z0-9_'+\\-\\.]*)[A-Za-z0-9_+-]@([A-Za-z0-9][A-Za-z0-9\\-]*\\.)+[A-Za-z]{2,}$/",
    "path": [
      "features",
      12,
      "ownerEmail"
    ],
    "message": "Invalid owner email address"
  },
  {
    "origin": "string",
    "code": "invalid_format",
    "format": "email",
    "pattern": "/^(?!\\.)(?!.*\\.\\.)([A-Za-z0-9_'+\\-\\.]*)[A-Za-z0-9_+-]@([A-Za-z0-9][A-Za-z0-9\\-]*\\.)+[A-Za-z]{2,}$/",
    "path": [
      "features",
      13,
      "ownerEmail"
    ],
    "message": "Invalid owner email address"
  },
  {
    "origin": "string",
    "code": "invalid_format",
    "format": "email",
    "pattern": "/^(?!\\.)(?!.*\\.\\.)([A-Za-z0-9_'+\\-\\.]*)[A-Za-z0-9_+-]@([A-Za-z0-9][A-Za-z0-9\\-]*\\.)+[A-Za-z]{2,}$/",
    "path": [
      "features",
      14,
      "ownerEmail"
    ],
    "message": "Invalid owner email address"
  },
  {
    "origin": "string",
    "code": "invalid_format",
    "format": "email",
    "pattern": "/^(?!\\.)(?!.*\\.\\.)([A-Za-z0-9_'+\\-\\.]*)[A-Za-z0-9_+-]@([A-Za-z0-9][A-Za-z0-9\\-]*\\.)+[A-Za-z]{2,}$/",
    "path": [
      "features",
      15,
      "ownerEmail"
    ],
    "message": "Invalid owner email address"
  },
  {
    "origin": "string",
    "code": "invalid_format",
    "format": "email",
    "pattern": "/^(?!\\.)(?!.*\\.\\.)([A-Za-z0-9_'+\\-\\.]*)[A-Za-z0-9_+-]@([A-Za-z0-9][A-Za-z0-9\\-]*\\.)+[A-Za-z]{2,}$/",
    "path": [
      "features",
      16,
      "ownerEmail"
    ],
    "message": "Invalid owner email address"
  },
  {
    "origin": "string",
    "code": "invalid_format",
    "format": "email",
    "pattern": "/^(?!\\.)(?!.*\\.\\.)([A-Za-z0-9_'+\\-\\.]*)[A-Za-z0-9_+-]@([A-Za-z0-9][A-Za-z0-9\\-]*\\.)+[A-Za-z]{2,}$/",
    "path": [
      "features",
      17,
      "ownerEmail"
    ],
    "message": "Invalid owner email address"
  },
  {
    "origin": "string",
    "code": "invalid_format",
    "format": "email",
    "pattern": "/^(?!\\.)(?!.*\\.\\.)([A-Za-z0-9_'+\\-\\.]*)[A-Za-z0-9_+-]@([A-Za-z0-9][A-Za-z0-9\\-]*\\.)+[A-Za-z]{2,}$/",
    "path": [
      "features",
      18,
      "ownerEmail"
    ],
    "message": "Invalid owner email address"
  },
  {
    "origin": "string",
    "code": "invalid_format",
    "format": "email",
    "pattern": "/^(?!\\.)(?!.*\\.\\.)([A-Za-z0-9_'+\\-\\.]*)[A-Za-z0-9_+-]@([A-Za-z0-9][A-Za-z0-9\\-]*\\.)+[A-Za-z]{2,}$/",
    "path": [
      "features",
      19,
      "ownerEmail"
    ],
    "message": "Invalid owner email address"
  },
  {
    "origin": "string",
    "code": "invalid_format",
    "format": "email",
    "pattern": "/^(?!\\.)(?!.*\\.\\.)([A-Za-z0-9_'+\\-\\.]*)[A-Za-z0-9_+-]@([A-Za-z0-9][A-Za-z0-9\\-]*\\.)+[A-Za-z]{2,}$/",
    "path": [
      "features",
      20,
      "ownerEmail"
    ],
    "message": "Invalid owner email address"
  },
  {
    "origin": "string",
    "code": "invalid_format",
    "format": "email",
    "pattern": "/^(?!\\.)(?!.*\\.\\.)([A-Za-z0-9_'+\\-\\.]*)[A-Za-z0-9_+-]@([A-Za-z0-9][A-Za-z0-9\\-]*\\.)+[A-Za-z]{2,}$/",
    "path": [
      "features",
      21,
      "ownerEmail"
    ],
    "message": "Invalid owner email address"
  },
  {
    "origin": "string",
    "code": "invalid_format",
    "format": "email",
    "pattern": "/^(?!\\.)(?!.*\\.\\.)([A-Za-z0-9_'+\\-\\.]*)[A-Za-z0-9_+-]@([A-Za-z0-9][A-Za-z0-9\\-]*\\.)+[A-Za-z]{2,}$/",
    "path": [
      "features",
      22,
      "ownerEmail"
    ],
    "message": "Invalid owner email address"
  },
  {
    "origin": "string",
    "code": "invalid_format",
    "format": "email",
    "pattern": "/^(?!\\.)(?!.*\\.\\.)([A-Za-z0-9_'+\\-\\.]*)[A-Za-z0-9_+-]@([A-Za-z0-9][A-Za-z0-9\\-]*\\.)+[A-Za-z]{2,}$/",
    "path": [
      "features",
      23,
      "ownerEmail"
    ],
    "message": "Invalid owner email address"
  },
  {
    "origin": "string",
    "code": "invalid_format",
    "format": "email",
    "pattern": "/^(?!\\.)(?!.*\\.\\.)([A-Za-z0-9_'+\\-\\.]*)[A-Za-z0-9_+-]@([A-Za-z0-9][A-Za-z0-9\\-]*\\.)+[A-Za-z]{2,}$/",
    "path": [
      "features",
      24,
      "ownerEmail"
    ],
    "message": "Invalid owner email address"
  },
  {
    "origin": "string",
    "code": "invalid_format",
    "format": "email",
    "pattern": "/^(?!\\.)(?!.*\\.\\.)([A-Za-z0-9_'+\\-\\.]*)[A-Za-z0-9_+-]@([A-Za-z0-9][A-Za-z0-9\\-]*\\.)+[A-Za-z]{2,}$/",
    "path": [
      "features",
      25,
      "ownerEmail"
    ],
    "message": "Invalid owner email address"
  },
  {
    "origin": "string",
    "code": "invalid_format",
    "format": "email",
    "pattern": "/^(?!\\.)(?!.*\\.\\.)([A-Za-z0-9_'+\\-\\.]*)[A-Za-z0-9_+-]@([A-Za-z0-9][A-Za-z0-9\\-]*\\.)+[A-Za-z]{2,}$/",
    "path": [
      "features",
      26,
      "ownerEmail"
    ],
    "message": "Invalid owner email address"
  },
  {
    "origin": "string",
    "code": "invalid_format",
    "format": "email",
    "pattern": "/^(?!\\.)(?!.*\\.\\.)([A-Za-z0-9_'+\\-\\.]*)[A-Za-z0-9_+-]@([A-Za-z0-9][A-Za-z0-9\\-]*\\.)+[A-Za-z]{2,}$/",
    "path": [
      "features",
      27,
      "ownerEmail"
    ],
    "message": "Invalid owner email address"
  },
  {
    "origin": "string",
    "code": "invalid_format",
    "format": "email",
    "pattern": "/^(?!\\.)(?!.*\\.\\.)([A-Za-z0-9_'+\\-\\.]*)[A-Za-z0-9_+-]@([A-Za-z0-9][A-Za-z0-9\\-]*\\.)+[A-Za-z]{2,}$/",
    "path": [
      "features",
      28,
      "ownerEmail"
    ],
    "message": "Invalid owner email address"
  },
  {
    "origin": "string",
    "code": "invalid_format",
    "format": "email",
    "pattern": "/^(?!\\.)(?!.*\\.\\.)([A-Za-z0-9_'+\\-\\.]*)[A-Za-z0-9_+-]@([A-Za-z0-9][A-Za-z0-9\\-]*\\.)+[A-Za-z]{2,}$/",
    "path": [
      "features",
      29,
      "ownerEmail"
    ],
    "message": "Invalid owner email address"
  },
  {
    "origin": "string",
    "code": "invalid_format",
    "format": "email",
    "pattern": "/^(?!\\.)(?!.*\\.\\.)([A-Za-z0-9_'+\\-\\.]*)[A-Za-z0-9_+-]@([A-Za-z0-9][A-Za-z0-9\\-]*\\.)+[A-Za-z]{2,}$/",
    "path": [
      "features",
      30,
      "ownerEmail"
    ],
    "message": "Invalid owner email address"
  },
  {
    "origin": "string",
    "code": "invalid_format",
    "format": "email",
    "pattern": "/^(?!\\.)(?!.*\\.\\.)([A-Za-z0-9_'+\\-\\.]*)[A-Za-z0-9_+-]@([A-Za-z0-9][A-Za-z0-9\\-]*\\.)+[A-Za-z]{2,}$/",
    "path": [
      "features",
      31,
      "ownerEmail"
    ],
    "message": "Invalid owner email address"
  },
  {
    "origin": "string",
    "code": "invalid_format",
    "format": "email",
    "pattern": "/^(?!\\.)(?!.*\\.\\.)([A-Za-z0-9_'+\\-\\.]*)[A-Za-z0-9_+-]@([A-Za-z0-9][A-Za-z0-9\\-]*\\.)+[A-Za-z]{2,}$/",
    "path": [
      "features",
      32,
      "ownerEmail"
    ],
    "message": "Invalid owner email address"
  },
  {
    "origin": "string",
    "code": "invalid_format",
    "format": "email",
    "pattern": "/^(?!\\.)(?!.*\\.\\.)([A-Za-z0-9_'+\\-\\.]*)[A-Za-z0-9_+-]@([A-Za-z0-9][A-Za-z0-9\\-]*\\.)+[A-Za-z]{2,}$/",
    "path": [
      "features",
      33,
      "ownerEmail"
    ],
    "message": "Invalid owner email address"
  },
  {
    "origin": "string",
    "code": "invalid_format",
    "format": "email",
    "pattern": "/^(?!\\.)(?!.*\\.\\.)([A-Za-z0-9_'+\\-\\.]*)[A-Za-z0-9_+-]@([A-Za-z0-9][A-Za-z0-9\\-]*\\.)+[A-Za-z]{2,}$/",
    "path": [
      "features",
      34,
      "ownerEmail"
    ],
    "message": "Invalid owner email address"
  },
  {
    "origin": "string",
    "code": "invalid_format",
    "format": "email",
    "pattern": "/^(?!\\.)(?!.*\\.\\.)([A-Za-z0-9_'+\\-\\.]*)[A-Za-z0-9_+-]@([A-Za-z0-9][A-Za-z0-9\\-]*\\.)+[A-Za-z]{2,}$/",
    "path": [
      "features",
      35,
      "ownerEmail"
    ],
    "message": "Invalid owner email address"
  },
  {
    "origin": "string",
    "code": "invalid_format",
    "format": "email",
    "pattern": "/^(?!\\.)(?!.*\\.\\.)([A-Za-z0-9_'+\\-\\.]*)[A-Za-z0-9_+-]@([A-Za-z0-9][A-Za-z0-9\\-]*\\.)+[A-Za-z]{2,}$/",
    "path": [
      "features",
      36,
      "ownerEmail"
    ],
    "message": "Invalid owner email address"
  },
  {
    "origin": "string",
    "code": "invalid_format",
    "format": "email",
    "pattern": "/^(?!\\.)(?!.*\\.\\.)([A-Za-z0-9_'+\\-\\.]*)[A-Za-z0-9_+-]@([A-Za-z0-9][A-Za-z0-9\\-]*\\.)+[A-Za-z]{2,}$/",
    "path": [
      "features",
      37,
      "ownerEmail"
    ],
    "message": "Invalid owner email address"
  },
  {
    "origin": "string",
    "code": "invalid_format",
    "format": "email",
    "pattern": "/^(?!\\.)(?!.*\\.\\.)([A-Za-z0-9_'+\\-\\.]*)[A-Za-z0-9_+-]@([A-Za-z0-9][A-Za-z0-9\\-]*\\.)+[A-Za-z]{2,}$/",
    "path": [
      "features",
      38,
      "ownerEmail"
    ],
    "message": "Invalid owner email address"
  },
  {
    "origin": "string",
    "code": "invalid_format",
    "format": "email",
    "pattern": "/^(?!\\.)(?!.*\\.\\.)([A-Za-z0-9_'+\\-\\.]*)[A-Za-z0-9_+-]@([A-Za-z0-9][A-Za-z0-9\\-]*\\.)+[A-Za-z]{2,}$/",
    "path": [
      "features",
      39,
      "ownerEmail"
    ],
    "message": "Invalid owner email address"
  }
]
    at file:///C:/Users/krish/OneDrive/Desktop/TKS%20Project%20Tracking/backend/src/routes/features.js:87:48
    at Layer.handle [as handle_request] (C:\Users\krish\OneDrive\Desktop\TKS Project Tracking\backend\node_modules\express\lib\router\layer.js:95:5)
    at next (C:\Users\krish\OneDrive\Desktop\TKS Project Tracking\backend\node_modules\express\lib\router\route.js:149:13)
    at authMiddleware (file:///C:/Users/krish/OneDrive/Desktop/TKS%20Project%20Tracking/backend/src/middlewares/auth.js:16:5)
    at Layer.handle [as handle_request] (C:\Users\krish\OneDrive\Desktop\TKS Project Tracking\backend\node_modules\express\lib\router\layer.js:95:5)
    at next (C:\Users\krish\OneDrive\Desktop\TKS Project Tracking\backend\node_modules\express\lib\router\route.js:149:13)
    at Route.dispatch (C:\Users\krish\OneDrive\Desktop\TKS Project Tracking\backend\node_modules\express\lib\router\route.js:119:3)
    at Layer.handle [as handle_request] (C:\Users\krish\OneDrive\Desktop\TKS Project Tracking\backend\node_modules\express\lib\router\layer.js:95:5)
    at C:\Users\krish\OneDrive\Desktop\TKS Project Tracking\backend\node_modules\express\lib\router\index.js:284:15
    at router.process_params (C:\Users\krish\OneDrive\Desktop\TKS Project Tracking\backend\node_modules\express\lib\router\index.js:346:12)
[2026-06-15 22:36:27:3627] [INFO]: POST /api/features/bulk 400 1630 - 11.955 ms
[2026-06-15 22:39:24:3924] [INFO]: ==================================================
[2026-06-15 22:39:24:3924] [INFO]: 🚀 TKS API Server with Socket.IO is running on port: 5000
[2026-06-15 22:39:24:3924] [INFO]: 🔐 Bypass MS Auth status: false
[2026-06-15 22:39:24:3924] [INFO]: ==================================================
[2026-06-15 22:39:25:3925] [INFO]: [SOCKET] User connected: Krishna Shelar (8e2089f4-e03a-4dc3-8eb0-4ed4771a785e) - Socket: OYUGZnVXu_l2GutfAAAB
[2026-06-15 22:39:26:3926] [INFO]: [SOCKET] User connected: Krishna Shelar (8e2089f4-e03a-4dc3-8eb0-4ed4771a785e) - Socket: JncYUj8s5JAr0PihAAAD
[2026-06-15 22:39:53:3953] [INFO]: ==================================================
[2026-06-15 22:39:53:3953] [INFO]: 🚀 TKS API Server with Socket.IO is running on port: 5000
[2026-06-15 22:39:53:3953] [INFO]: 🔐 Bypass MS Auth status: true
[2026-06-15 22:39:53:3953] [INFO]: ==================================================
[2026-06-15 22:39:55:3955] [INFO]: [SOCKET] User connected: Krishna Shelar (8e2089f4-e03a-4dc3-8eb0-4ed4771a785e) - Socket: tvSEK5LC8gKDu4z2AAAC
[2026-06-15 22:39:55:3955] [INFO]: [SOCKET] User connected: Krishna Shelar (8e2089f4-e03a-4dc3-8eb0-4ed4771a785e) - Socket: y5sHIMotes42WvgKAAAD
[2026-06-15 22:40:28:4028] [INFO]: POST /api/auth/microsoft 200 479 - 66.608 ms
[2026-06-15 22:40:28:4028] [INFO]: POST /api/auth/microsoft 200 44338 - 10.980 ms
[2026-06-15 22:40:28:4028] [INFO]: GET /api/products 200 1826 - 8.391 ms
[2026-06-15 22:40:28:4028] [INFO]: POST /api/features/bulk 403 88 - 5.912 ms
[2026-06-15 22:40:28:4028] [INFO]: POST /api/features/bulk 400 121 - 24.828 ms
[2026-06-15 22:40:28:4028] [INFO]: [NOTIFICATION SERVICE] Creating notification for user 694a5879-2e3f-43ab-be10-47e06137e8a2: "Feature Assigned via Import"
[2026-06-15 22:40:28:4028] [INFO]: [SOCKET] Emitting event "notification" to user room 694a5879-2e3f-43ab-be10-47e06137e8a2
[2026-06-15 22:40:28:4028] [INFO]: [NOTIFICATION SERVICE] Creating notification for user 8e2089f4-e03a-4dc3-8eb0-4ed4771a785e: "Feature Assigned via Import"
[2026-06-15 22:40:28:4028] [INFO]: [SOCKET] Emitting event "notification" to user room 8e2089f4-e03a-4dc3-8eb0-4ed4771a785e
[2026-06-15 22:40:28:4028] [INFO]: POST /api/features/bulk 201 776 - 123.848 ms
[2026-06-15 22:40:28:4028] [INFO]: [NOTIFICATION SERVICE] Creating notification for user 0cfb33a1-f258-4f4e-ba2b-6aba90e71ab9: "CRITICAL: Feature Deleted"
[2026-06-15 22:40:28:4028] [INFO]: [SOCKET] Emitting event "notification" to user room 0cfb33a1-f258-4f4e-ba2b-6aba90e71ab9
[2026-06-15 22:40:28:4028] [INFO]: [NOTIFICATION SERVICE] Creating notification for user 1a1e16b2-21c6-4014-ae15-ecaeca3a3ee6: "CRITICAL: Feature Deleted"
[2026-06-15 22:40:28:4028] [INFO]: [SOCKET] Emitting event "notification" to user room 1a1e16b2-21c6-4014-ae15-ecaeca3a3ee6
[2026-06-15 22:40:28:4028] [INFO]: [NOTIFICATION SERVICE] Creating notification for user 2c591a04-429a-425c-88fe-cdf53da2e6d1: "CRITICAL: Feature Deleted"
[2026-06-15 22:40:28:4028] [INFO]: [SOCKET] Emitting event "notification" to user room 2c591a04-429a-425c-88fe-cdf53da2e6d1
[2026-06-15 22:40:28:4028] [INFO]: [NOTIFICATION SERVICE] Creating notification for user 8e2089f4-e03a-4dc3-8eb0-4ed4771a785e: "CRITICAL: Feature Deleted"
[2026-06-15 22:40:28:4028] [INFO]: [SOCKET] Emitting event "notification" to user room 8e2089f4-e03a-4dc3-8eb0-4ed4771a785e
[2026-06-15 22:40:28:4028] [INFO]: [NOTIFICATION SERVICE] Creating notification for user 95aae185-fd50-4e67-b1ad-1c20b87570b9: "CRITICAL: Feature Deleted"
[2026-06-15 22:40:28:4028] [INFO]: [SOCKET] Emitting event "notification" to user room 95aae185-fd50-4e67-b1ad-1c20b87570b9
[2026-06-15 22:40:28:4028] [INFO]: [NOTIFICATION SERVICE] Creating notification for user c5752f1e-c6b3-4013-ab0d-7bb2eeee75d5: "CRITICAL: Feature Deleted"
[2026-06-15 22:40:28:4028] [INFO]: [SOCKET] Emitting event "notification" to user room c5752f1e-c6b3-4013-ab0d-7bb2eeee75d5
[2026-06-15 22:40:28:4028] [INFO]: DELETE /api/features/5d30d2e7-d56d-4589-9380-71f86107475f 200 43 - 135.839 ms
[2026-06-15 22:40:28:4028] [INFO]: [NOTIFICATION SERVICE] Creating notification for user 0cfb33a1-f258-4f4e-ba2b-6aba90e71ab9: "CRITICAL: Feature Deleted"
[2026-06-15 22:40:28:4028] [INFO]: [SOCKET] Emitting event "notification" to user room 0cfb33a1-f258-4f4e-ba2b-6aba90e71ab9
[2026-06-15 22:40:28:4028] [INFO]: [NOTIFICATION SERVICE] Creating notification for user 1a1e16b2-21c6-4014-ae15-ecaeca3a3ee6: "CRITICAL: Feature Deleted"
[2026-06-15 22:40:28:4028] [INFO]: [SOCKET] Emitting event "notification" to user room 1a1e16b2-21c6-4014-ae15-ecaeca3a3ee6
[2026-06-15 22:40:28:4028] [INFO]: [NOTIFICATION SERVICE] Creating notification for user 2c591a04-429a-425c-88fe-cdf53da2e6d1: "CRITICAL: Feature Deleted"
[2026-06-15 22:40:28:4028] [INFO]: [SOCKET] Emitting event "notification" to user room 2c591a04-429a-425c-88fe-cdf53da2e6d1
[2026-06-15 22:40:28:4028] [INFO]: [NOTIFICATION SERVICE] Creating notification for user 8e2089f4-e03a-4dc3-8eb0-4ed4771a785e: "CRITICAL: Feature Deleted"
[2026-06-15 22:40:28:4028] [INFO]: [SOCKET] Emitting event "notification" to user room 8e2089f4-e03a-4dc3-8eb0-4ed4771a785e
[2026-06-15 22:40:28:4028] [INFO]: [NOTIFICATION SERVICE] Creating notification for user 95aae185-fd50-4e67-b1ad-1c20b87570b9: "CRITICAL: Feature Deleted"
[2026-06-15 22:40:28:4028] [INFO]: [SOCKET] Emitting event "notification" to user room 95aae185-fd50-4e67-b1ad-1c20b87570b9
[2026-06-15 22:40:28:4028] [INFO]: [NOTIFICATION SERVICE] Creating notification for user c5752f1e-c6b3-4013-ab0d-7bb2eeee75d5: "CRITICAL: Feature Deleted"
[2026-06-15 22:40:28:4028] [INFO]: [SOCKET] Emitting event "notification" to user room c5752f1e-c6b3-4013-ab0d-7bb2eeee75d5
[2026-06-15 22:40:28:4028] [INFO]: DELETE /api/features/a186ac40-fdad-4225-a754-ab27aa7cea48 200 43 - 153.812 ms
[2026-06-15 22:40:37:4037] [INFO]: ==================================================
[2026-06-15 22:40:37:4037] [INFO]: 🚀 TKS API Server with Socket.IO is running on port: 5000
[2026-06-15 22:40:37:4037] [INFO]: 🔐 Bypass MS Auth status: false
[2026-06-15 22:40:37:4037] [INFO]: ==================================================
[2026-06-15 22:40:38:4038] [INFO]: [SOCKET] User connected: Krishna Shelar (8e2089f4-e03a-4dc3-8eb0-4ed4771a785e) - Socket: nLH79YKvrhbgdEWOAAAB
[2026-06-15 22:40:40:4040] [INFO]: [SOCKET] User connected: Krishna Shelar (8e2089f4-e03a-4dc3-8eb0-4ed4771a785e) - Socket: 0zlto5eWnDgM8fuuAAAD
[2026-06-15 22:42:22:4222] [INFO]: OPTIONS /api/features/bulk 204 0 - 1.736 ms
[2026-06-15 22:42:22:4222] [ERROR]: POST /api/features/bulk - Error: [
  {
    "origin": "string",
    "code": "invalid_format",
    "format": "email",
    "pattern": "/^(?!\\.)(?!.*\\.\\.)([A-Za-z0-9_'+\\-\\.]*)[A-Za-z0-9_+-]@([A-Za-z0-9][A-Za-z0-9\\-]*\\.)+[A-Za-z]{2,}$/",
    "path": [
      "features",
      0,
      "ownerEmail"
    ],
    "message": "Invalid owner email address"
  },
  {
    "origin": "string",
    "code": "invalid_format",
    "format": "email",
    "pattern": "/^(?!\\.)(?!.*\\.\\.)([A-Za-z0-9_'+\\-\\.]*)[A-Za-z0-9_+-]@([A-Za-z0-9][A-Za-z0-9\\-]*\\.)+[A-Za-z]{2,}$/",
    "path": [
      "features",
      1,
      "ownerEmail"
    ],
    "message": "Invalid owner email address"
  },
  {
    "origin": "string",
    "code": "invalid_format",
    "format": "email",
    "pattern": "/^(?!\\.)(?!.*\\.\\.)([A-Za-z0-9_'+\\-\\.]*)[A-Za-z0-9_+-]@([A-Za-z0-9][A-Za-z0-9\\-]*\\.)+[A-Za-z]{2,}$/",
    "path": [
      "features",
      2,
      "ownerEmail"
    ],
    "message": "Invalid owner email address"
  },
  {
    "origin": "string",
    "code": "invalid_format",
    "format": "email",
    "pattern": "/^(?!\\.)(?!.*\\.\\.)([A-Za-z0-9_'+\\-\\.]*)[A-Za-z0-9_+-]@([A-Za-z0-9][A-Za-z0-9\\-]*\\.)+[A-Za-z]{2,}$/",
    "path": [
      "features",
      3,
      "ownerEmail"
    ],
    "message": "Invalid owner email address"
  },
  {
    "origin": "string",
    "code": "invalid_format",
    "format": "email",
    "pattern": "/^(?!\\.)(?!.*\\.\\.)([A-Za-z0-9_'+\\-\\.]*)[A-Za-z0-9_+-]@([A-Za-z0-9][A-Za-z0-9\\-]*\\.)+[A-Za-z]{2,}$/",
    "path": [
      "features",
      4,
      "ownerEmail"
    ],
    "message": "Invalid owner email address"
  },
  {
    "origin": "string",
    "code": "invalid_format",
    "format": "email",
    "pattern": "/^(?!\\.)(?!.*\\.\\.)([A-Za-z0-9_'+\\-\\.]*)[A-Za-z0-9_+-]@([A-Za-z0-9][A-Za-z0-9\\-]*\\.)+[A-Za-z]{2,}$/",
    "path": [
      "features",
      5,
      "ownerEmail"
    ],
    "message": "Invalid owner email address"
  },
  {
    "origin": "string",
    "code": "invalid_format",
    "format": "email",
    "pattern": "/^(?!\\.)(?!.*\\.\\.)([A-Za-z0-9_'+\\-\\.]*)[A-Za-z0-9_+-]@([A-Za-z0-9][A-Za-z0-9\\-]*\\.)+[A-Za-z]{2,}$/",
    "path": [
      "features",
      6,
      "ownerEmail"
    ],
    "message": "Invalid owner email address"
  },
  {
    "origin": "string",
    "code": "invalid_format",
    "format": "email",
    "pattern": "/^(?!\\.)(?!.*\\.\\.)([A-Za-z0-9_'+\\-\\.]*)[A-Za-z0-9_+-]@([A-Za-z0-9][A-Za-z0-9\\-]*\\.)+[A-Za-z]{2,}$/",
    "path": [
      "features",
      7,
      "ownerEmail"
    ],
    "message": "Invalid owner email address"
  },
  {
    "origin": "string",
    "code": "invalid_format",
    "format": "email",
    "pattern": "/^(?!\\.)(?!.*\\.\\.)([A-Za-z0-9_'+\\-\\.]*)[A-Za-z0-9_+-]@([A-Za-z0-9][A-Za-z0-9\\-]*\\.)+[A-Za-z]{2,}$/",
    "path": [
      "features",
      8,
      "ownerEmail"
    ],
    "message": "Invalid owner email address"
  },
  {
    "origin": "string",
    "code": "invalid_format",
    "format": "email",
    "pattern": "/^(?!\\.)(?!.*\\.\\.)([A-Za-z0-9_'+\\-\\.]*)[A-Za-z0-9_+-]@([A-Za-z0-9][A-Za-z0-9\\-]*\\.)+[A-Za-z]{2,}$/",
    "path": [
      "features",
      9,
      "ownerEmail"
    ],
    "message": "Invalid owner email address"
  },
  {
    "origin": "string",
    "code": "invalid_format",
    "format": "email",
    "pattern": "/^(?!\\.)(?!.*\\.\\.)([A-Za-z0-9_'+\\-\\.]*)[A-Za-z0-9_+-]@([A-Za-z0-9][A-Za-z0-9\\-]*\\.)+[A-Za-z]{2,}$/",
    "path": [
      "features",
      10,
      "ownerEmail"
    ],
    "message": "Invalid owner email address"
  },
  {
    "origin": "string",
    "code": "invalid_format",
    "format": "email",
    "pattern": "/^(?!\\.)(?!.*\\.\\.)([A-Za-z0-9_'+\\-\\.]*)[A-Za-z0-9_+-]@([A-Za-z0-9][A-Za-z0-9\\-]*\\.)+[A-Za-z]{2,}$/",
    "path": [
      "features",
      11,
      "ownerEmail"
    ],
    "message": "Invalid owner email address"
  },
  {
    "origin": "string",
    "code": "invalid_format",
    "format": "email",
    "pattern": "/^(?!\\.)(?!.*\\.\\.)([A-Za-z0-9_'+\\-\\.]*)[A-Za-z0-9_+-]@([A-Za-z0-9][A-Za-z0-9\\-]*\\.)+[A-Za-z]{2,}$/",
    "path": [
      "features",
      12,
      "ownerEmail"
    ],
    "message": "Invalid owner email address"
  },
  {
    "origin": "string",
    "code": "invalid_format",
    "format": "email",
    "pattern": "/^(?!\\.)(?!.*\\.\\.)([A-Za-z0-9_'+\\-\\.]*)[A-Za-z0-9_+-]@([A-Za-z0-9][A-Za-z0-9\\-]*\\.)+[A-Za-z]{2,}$/",
    "path": [
      "features",
      13,
      "ownerEmail"
    ],
    "message": "Invalid owner email address"
  },
  {
    "origin": "string",
    "code": "invalid_format",
    "format": "email",
    "pattern": "/^(?!\\.)(?!.*\\.\\.)([A-Za-z0-9_'+\\-\\.]*)[A-Za-z0-9_+-]@([A-Za-z0-9][A-Za-z0-9\\-]*\\.)+[A-Za-z]{2,}$/",
    "path": [
      "features",
      14,
      "ownerEmail"
    ],
    "message": "Invalid owner email address"
  },
  {
    "origin": "string",
    "code": "invalid_format",
    "format": "email",
    "pattern": "/^(?!\\.)(?!.*\\.\\.)([A-Za-z0-9_'+\\-\\.]*)[A-Za-z0-9_+-]@([A-Za-z0-9][A-Za-z0-9\\-]*\\.)+[A-Za-z]{2,}$/",
    "path": [
      "features",
      15,
      "ownerEmail"
    ],
    "message": "Invalid owner email address"
  },
  {
    "origin": "string",
    "code": "invalid_format",
    "format": "email",
    "pattern": "/^(?!\\.)(?!.*\\.\\.)([A-Za-z0-9_'+\\-\\.]*)[A-Za-z0-9_+-]@([A-Za-z0-9][A-Za-z0-9\\-]*\\.)+[A-Za-z]{2,}$/",
    "path": [
      "features",
      16,
      "ownerEmail"
    ],
    "message": "Invalid owner email address"
  },
  {
    "origin": "string",
    "code": "invalid_format",
    "format": "email",
    "pattern": "/^(?!\\.)(?!.*\\.\\.)([A-Za-z0-9_'+\\-\\.]*)[A-Za-z0-9_+-]@([A-Za-z0-9][A-Za-z0-9\\-]*\\.)+[A-Za-z]{2,}$/",
    "path": [
      "features",
      17,
      "ownerEmail"
    ],
    "message": "Invalid owner email address"
  },
  {
    "origin": "string",
    "code": "invalid_format",
    "format": "email",
    "pattern": "/^(?!\\.)(?!.*\\.\\.)([A-Za-z0-9_'+\\-\\.]*)[A-Za-z0-9_+-]@([A-Za-z0-9][A-Za-z0-9\\-]*\\.)+[A-Za-z]{2,}$/",
    "path": [
      "features",
      18,
      "ownerEmail"
    ],
    "message": "Invalid owner email address"
  },
  {
    "origin": "string",
    "code": "invalid_format",
    "format": "email",
    "pattern": "/^(?!\\.)(?!.*\\.\\.)([A-Za-z0-9_'+\\-\\.]*)[A-Za-z0-9_+-]@([A-Za-z0-9][A-Za-z0-9\\-]*\\.)+[A-Za-z]{2,}$/",
    "path": [
      "features",
      19,
      "ownerEmail"
    ],
    "message": "Invalid owner email address"
  },
  {
    "origin": "string",
    "code": "invalid_format",
    "format": "email",
    "pattern": "/^(?!\\.)(?!.*\\.\\.)([A-Za-z0-9_'+\\-\\.]*)[A-Za-z0-9_+-]@([A-Za-z0-9][A-Za-z0-9\\-]*\\.)+[A-Za-z]{2,}$/",
    "path": [
      "features",
      20,
      "ownerEmail"
    ],
    "message": "Invalid owner email address"
  },
  {
    "origin": "string",
    "code": "invalid_format",
    "format": "email",
    "pattern": "/^(?!\\.)(?!.*\\.\\.)([A-Za-z0-9_'+\\-\\.]*)[A-Za-z0-9_+-]@([A-Za-z0-9][A-Za-z0-9\\-]*\\.)+[A-Za-z]{2,}$/",
    "path": [
      "features",
      21,
      "ownerEmail"
    ],
    "message": "Invalid owner email address"
  },
  {
    "origin": "string",
    "code": "invalid_format",
    "format": "email",
    "pattern": "/^(?!\\.)(?!.*\\.\\.)([A-Za-z0-9_'+\\-\\.]*)[A-Za-z0-9_+-]@([A-Za-z0-9][A-Za-z0-9\\-]*\\.)+[A-Za-z]{2,}$/",
    "path": [
      "features",
      22,
      "ownerEmail"
    ],
    "message": "Invalid owner email address"
  },
  {
    "origin": "string",
    "code": "invalid_format",
    "format": "email",
    "pattern": "/^(?!\\.)(?!.*\\.\\.)([A-Za-z0-9_'+\\-\\.]*)[A-Za-z0-9_+-]@([A-Za-z0-9][A-Za-z0-9\\-]*\\.)+[A-Za-z]{2,}$/",
    "path": [
      "features",
      23,
      "ownerEmail"
    ],
    "message": "Invalid owner email address"
  },
  {
    "origin": "string",
    "code": "invalid_format",
    "format": "email",
    "pattern": "/^(?!\\.)(?!.*\\.\\.)([A-Za-z0-9_'+\\-\\.]*)[A-Za-z0-9_+-]@([A-Za-z0-9][A-Za-z0-9\\-]*\\.)+[A-Za-z]{2,}$/",
    "path": [
      "features",
      24,
      "ownerEmail"
    ],
    "message": "Invalid owner email address"
  },
  {
    "origin": "string",
    "code": "invalid_format",
    "format": "email",
    "pattern": "/^(?!\\.)(?!.*\\.\\.)([A-Za-z0-9_'+\\-\\.]*)[A-Za-z0-9_+-]@([A-Za-z0-9][A-Za-z0-9\\-]*\\.)+[A-Za-z]{2,}$/",
    "path": [
      "features",
      25,
      "ownerEmail"
    ],
    "message": "Invalid owner email address"
  },
  {
    "origin": "string",
    "code": "invalid_format",
    "format": "email",
    "pattern": "/^(?!\\.)(?!.*\\.\\.)([A-Za-z0-9_'+\\-\\.]*)[A-Za-z0-9_+-]@([A-Za-z0-9][A-Za-z0-9\\-]*\\.)+[A-Za-z]{2,}$/",
    "path": [
      "features",
      26,
      "ownerEmail"
    ],
    "message": "Invalid owner email address"
  },
  {
    "origin": "string",
    "code": "invalid_format",
    "format": "email",
    "pattern": "/^(?!\\.)(?!.*\\.\\.)([A-Za-z0-9_'+\\-\\.]*)[A-Za-z0-9_+-]@([A-Za-z0-9][A-Za-z0-9\\-]*\\.)+[A-Za-z]{2,}$/",
    "path": [
      "features",
      27,
      "ownerEmail"
    ],
    "message": "Invalid owner email address"
  },
  {
    "origin": "string",
    "code": "invalid_format",
    "format": "email",
    "pattern": "/^(?!\\.)(?!.*\\.\\.)([A-Za-z0-9_'+\\-\\.]*)[A-Za-z0-9_+-]@([A-Za-z0-9][A-Za-z0-9\\-]*\\.)+[A-Za-z]{2,}$/",
    "path": [
      "features",
      28,
      "ownerEmail"
    ],
    "message": "Invalid owner email address"
  },
  {
    "origin": "string",
    "code": "invalid_format",
    "format": "email",
    "pattern": "/^(?!\\.)(?!.*\\.\\.)([A-Za-z0-9_'+\\-\\.]*)[A-Za-z0-9_+-]@([A-Za-z0-9][A-Za-z0-9\\-]*\\.)+[A-Za-z]{2,}$/",
    "path": [
      "features",
      29,
      "ownerEmail"
    ],
    "message": "Invalid owner email address"
  },
  {
    "origin": "string",
    "code": "invalid_format",
    "format": "email",
    "pattern": "/^(?!\\.)(?!.*\\.\\.)([A-Za-z0-9_'+\\-\\.]*)[A-Za-z0-9_+-]@([A-Za-z0-9][A-Za-z0-9\\-]*\\.)+[A-Za-z]{2,}$/",
    "path": [
      "features",
      30,
      "ownerEmail"
    ],
    "message": "Invalid owner email address"
  },
  {
    "origin": "string",
    "code": "invalid_format",
    "format": "email",
    "pattern": "/^(?!\\.)(?!.*\\.\\.)([A-Za-z0-9_'+\\-\\.]*)[A-Za-z0-9_+-]@([A-Za-z0-9][A-Za-z0-9\\-]*\\.)+[A-Za-z]{2,}$/",
    "path": [
      "features",
      31,
      "ownerEmail"
    ],
    "message": "Invalid owner email address"
  },
  {
    "origin": "string",
    "code": "invalid_format",
    "format": "email",
    "pattern": "/^(?!\\.)(?!.*\\.\\.)([A-Za-z0-9_'+\\-\\.]*)[A-Za-z0-9_+-]@([A-Za-z0-9][A-Za-z0-9\\-]*\\.)+[A-Za-z]{2,}$/",
    "path": [
      "features",
      32,
      "ownerEmail"
    ],
    "message": "Invalid owner email address"
  },
  {
    "origin": "string",
    "code": "invalid_format",
    "format": "email",
    "pattern": "/^(?!\\.)(?!.*\\.\\.)([A-Za-z0-9_'+\\-\\.]*)[A-Za-z0-9_+-]@([A-Za-z0-9][A-Za-z0-9\\-]*\\.)+[A-Za-z]{2,}$/",
    "path": [
      "features",
      33,
      "ownerEmail"
    ],
    "message": "Invalid owner email address"
  },
  {
    "origin": "string",
    "code": "invalid_format",
    "format": "email",
    "pattern": "/^(?!\\.)(?!.*\\.\\.)([A-Za-z0-9_'+\\-\\.]*)[A-Za-z0-9_+-]@([A-Za-z0-9][A-Za-z0-9\\-]*\\.)+[A-Za-z]{2,}$/",
    "path": [
      "features",
      34,
      "ownerEmail"
    ],
    "message": "Invalid owner email address"
  },
  {
    "origin": "string",
    "code": "invalid_format",
    "format": "email",
    "pattern": "/^(?!\\.)(?!.*\\.\\.)([A-Za-z0-9_'+\\-\\.]*)[A-Za-z0-9_+-]@([A-Za-z0-9][A-Za-z0-9\\-]*\\.)+[A-Za-z]{2,}$/",
    "path": [
      "features",
      35,
      "ownerEmail"
    ],
    "message": "Invalid owner email address"
  },
  {
    "origin": "string",
    "code": "invalid_format",
    "format": "email",
    "pattern": "/^(?!\\.)(?!.*\\.\\.)([A-Za-z0-9_'+\\-\\.]*)[A-Za-z0-9_+-]@([A-Za-z0-9][A-Za-z0-9\\-]*\\.)+[A-Za-z]{2,}$/",
    "path": [
      "features",
      36,
      "ownerEmail"
    ],
    "message": "Invalid owner email address"
  },
  {
    "origin": "string",
    "code": "invalid_format",
    "format": "email",
    "pattern": "/^(?!\\.)(?!.*\\.\\.)([A-Za-z0-9_'+\\-\\.]*)[A-Za-z0-9_+-]@([A-Za-z0-9][A-Za-z0-9\\-]*\\.)+[A-Za-z]{2,}$/",
    "path": [
      "features",
      37,
      "ownerEmail"
    ],
    "message": "Invalid owner email address"
  },
  {
    "origin": "string",
    "code": "invalid_format",
    "format": "email",
    "pattern": "/^(?!\\.)(?!.*\\.\\.)([A-Za-z0-9_'+\\-\\.]*)[A-Za-z0-9_+-]@([A-Za-z0-9][A-Za-z0-9\\-]*\\.)+[A-Za-z]{2,}$/",
    "path": [
      "features",
      38,
      "ownerEmail"
    ],
    "message": "Invalid owner email address"
  },
  {
    "origin": "string",
    "code": "invalid_format",
    "format": "email",
    "pattern": "/^(?!\\.)(?!.*\\.\\.)([A-Za-z0-9_'+\\-\\.]*)[A-Za-z0-9_+-]@([A-Za-z0-9][A-Za-z0-9\\-]*\\.)+[A-Za-z]{2,}$/",
    "path": [
      "features",
      39,
      "ownerEmail"
    ],
    "message": "Invalid owner email address"
  }
]
[2026-06-15 22:42:22:4222] [ERROR]: ZodError: [
  {
    "origin": "string",
    "code": "invalid_format",
    "format": "email",
    "pattern": "/^(?!\\.)(?!.*\\.\\.)([A-Za-z0-9_'+\\-\\.]*)[A-Za-z0-9_+-]@([A-Za-z0-9][A-Za-z0-9\\-]*\\.)+[A-Za-z]{2,}$/",
    "path": [
      "features",
      0,
      "ownerEmail"
    ],
    "message": "Invalid owner email address"
  },
  {
    "origin": "string",
    "code": "invalid_format",
    "format": "email",
    "pattern": "/^(?!\\.)(?!.*\\.\\.)([A-Za-z0-9_'+\\-\\.]*)[A-Za-z0-9_+-]@([A-Za-z0-9][A-Za-z0-9\\-]*\\.)+[A-Za-z]{2,}$/",
    "path": [
      "features",
      1,
      "ownerEmail"
    ],
    "message": "Invalid owner email address"
  },
  {
    "origin": "string",
    "code": "invalid_format",
    "format": "email",
    "pattern": "/^(?!\\.)(?!.*\\.\\.)([A-Za-z0-9_'+\\-\\.]*)[A-Za-z0-9_+-]@([A-Za-z0-9][A-Za-z0-9\\-]*\\.)+[A-Za-z]{2,}$/",
    "path": [
      "features",
      2,
      "ownerEmail"
    ],
    "message": "Invalid owner email address"
  },
  {
    "origin": "string",
    "code": "invalid_format",
    "format": "email",
    "pattern": "/^(?!\\.)(?!.*\\.\\.)([A-Za-z0-9_'+\\-\\.]*)[A-Za-z0-9_+-]@([A-Za-z0-9][A-Za-z0-9\\-]*\\.)+[A-Za-z]{2,}$/",
    "path": [
      "features",
      3,
      "ownerEmail"
    ],
    "message": "Invalid owner email address"
  },
  {
    "origin": "string",
    "code": "invalid_format",
    "format": "email",
    "pattern": "/^(?!\\.)(?!.*\\.\\.)([A-Za-z0-9_'+\\-\\.]*)[A-Za-z0-9_+-]@([A-Za-z0-9][A-Za-z0-9\\-]*\\.)+[A-Za-z]{2,}$/",
    "path": [
      "features",
      4,
      "ownerEmail"
    ],
    "message": "Invalid owner email address"
  },
  {
    "origin": "string",
    "code": "invalid_format",
    "format": "email",
    "pattern": "/^(?!\\.)(?!.*\\.\\.)([A-Za-z0-9_'+\\-\\.]*)[A-Za-z0-9_+-]@([A-Za-z0-9][A-Za-z0-9\\-]*\\.)+[A-Za-z]{2,}$/",
    "path": [
      "features",
      5,
      "ownerEmail"
    ],
    "message": "Invalid owner email address"
  },
  {
    "origin": "string",
    "code": "invalid_format",
    "format": "email",
    "pattern": "/^(?!\\.)(?!.*\\.\\.)([A-Za-z0-9_'+\\-\\.]*)[A-Za-z0-9_+-]@([A-Za-z0-9][A-Za-z0-9\\-]*\\.)+[A-Za-z]{2,}$/",
    "path": [
      "features",
      6,
      "ownerEmail"
    ],
    "message": "Invalid owner email address"
  },
  {
    "origin": "string",
    "code": "invalid_format",
    "format": "email",
    "pattern": "/^(?!\\.)(?!.*\\.\\.)([A-Za-z0-9_'+\\-\\.]*)[A-Za-z0-9_+-]@([A-Za-z0-9][A-Za-z0-9\\-]*\\.)+[A-Za-z]{2,}$/",
    "path": [
      "features",
      7,
      "ownerEmail"
    ],
    "message": "Invalid owner email address"
  },
  {
    "origin": "string",
    "code": "invalid_format",
    "format": "email",
    "pattern": "/^(?!\\.)(?!.*\\.\\.)([A-Za-z0-9_'+\\-\\.]*)[A-Za-z0-9_+-]@([A-Za-z0-9][A-Za-z0-9\\-]*\\.)+[A-Za-z]{2,}$/",
    "path": [
      "features",
      8,
      "ownerEmail"
    ],
    "message": "Invalid owner email address"
  },
  {
    "origin": "string",
    "code": "invalid_format",
    "format": "email",
    "pattern": "/^(?!\\.)(?!.*\\.\\.)([A-Za-z0-9_'+\\-\\.]*)[A-Za-z0-9_+-]@([A-Za-z0-9][A-Za-z0-9\\-]*\\.)+[A-Za-z]{2,}$/",
    "path": [
      "features",
      9,
      "ownerEmail"
    ],
    "message": "Invalid owner email address"
  },
  {
    "origin": "string",
    "code": "invalid_format",
    "format": "email",
    "pattern": "/^(?!\\.)(?!.*\\.\\.)([A-Za-z0-9_'+\\-\\.]*)[A-Za-z0-9_+-]@([A-Za-z0-9][A-Za-z0-9\\-]*\\.)+[A-Za-z]{2,}$/",
    "path": [
      "features",
      10,
      "ownerEmail"
    ],
    "message": "Invalid owner email address"
  },
  {
    "origin": "string",
    "code": "invalid_format",
    "format": "email",
    "pattern": "/^(?!\\.)(?!.*\\.\\.)([A-Za-z0-9_'+\\-\\.]*)[A-Za-z0-9_+-]@([A-Za-z0-9][A-Za-z0-9\\-]*\\.)+[A-Za-z]{2,}$/",
    "path": [
      "features",
      11,
      "ownerEmail"
    ],
    "message": "Invalid owner email address"
  },
  {
    "origin": "string",
    "code": "invalid_format",
    "format": "email",
    "pattern": "/^(?!\\.)(?!.*\\.\\.)([A-Za-z0-9_'+\\-\\.]*)[A-Za-z0-9_+-]@([A-Za-z0-9][A-Za-z0-9\\-]*\\.)+[A-Za-z]{2,}$/",
    "path": [
      "features",
      12,
      "ownerEmail"
    ],
    "message": "Invalid owner email address"
  },
  {
    "origin": "string",
    "code": "invalid_format",
    "format": "email",
    "pattern": "/^(?!\\.)(?!.*\\.\\.)([A-Za-z0-9_'+\\-\\.]*)[A-Za-z0-9_+-]@([A-Za-z0-9][A-Za-z0-9\\-]*\\.)+[A-Za-z]{2,}$/",
    "path": [
      "features",
      13,
      "ownerEmail"
    ],
    "message": "Invalid owner email address"
  },
  {
    "origin": "string",
    "code": "invalid_format",
    "format": "email",
    "pattern": "/^(?!\\.)(?!.*\\.\\.)([A-Za-z0-9_'+\\-\\.]*)[A-Za-z0-9_+-]@([A-Za-z0-9][A-Za-z0-9\\-]*\\.)+[A-Za-z]{2,}$/",
    "path": [
      "features",
      14,
      "ownerEmail"
    ],
    "message": "Invalid owner email address"
  },
  {
    "origin": "string",
    "code": "invalid_format",
    "format": "email",
    "pattern": "/^(?!\\.)(?!.*\\.\\.)([A-Za-z0-9_'+\\-\\.]*)[A-Za-z0-9_+-]@([A-Za-z0-9][A-Za-z0-9\\-]*\\.)+[A-Za-z]{2,}$/",
    "path": [
      "features",
      15,
      "ownerEmail"
    ],
    "message": "Invalid owner email address"
  },
  {
    "origin": "string",
    "code": "invalid_format",
    "format": "email",
    "pattern": "/^(?!\\.)(?!.*\\.\\.)([A-Za-z0-9_'+\\-\\.]*)[A-Za-z0-9_+-]@([A-Za-z0-9][A-Za-z0-9\\-]*\\.)+[A-Za-z]{2,}$/",
    "path": [
      "features",
      16,
      "ownerEmail"
    ],
    "message": "Invalid owner email address"
  },
  {
    "origin": "string",
    "code": "invalid_format",
    "format": "email",
    "pattern": "/^(?!\\.)(?!.*\\.\\.)([A-Za-z0-9_'+\\-\\.]*)[A-Za-z0-9_+-]@([A-Za-z0-9][A-Za-z0-9\\-]*\\.)+[A-Za-z]{2,}$/",
    "path": [
      "features",
      17,
      "ownerEmail"
    ],
    "message": "Invalid owner email address"
  },
  {
    "origin": "string",
    "code": "invalid_format",
    "format": "email",
    "pattern": "/^(?!\\.)(?!.*\\.\\.)([A-Za-z0-9_'+\\-\\.]*)[A-Za-z0-9_+-]@([A-Za-z0-9][A-Za-z0-9\\-]*\\.)+[A-Za-z]{2,}$/",
    "path": [
      "features",
      18,
      "ownerEmail"
    ],
    "message": "Invalid owner email address"
  },
  {
    "origin": "string",
    "code": "invalid_format",
    "format": "email",
    "pattern": "/^(?!\\.)(?!.*\\.\\.)([A-Za-z0-9_'+\\-\\.]*)[A-Za-z0-9_+-]@([A-Za-z0-9][A-Za-z0-9\\-]*\\.)+[A-Za-z]{2,}$/",
    "path": [
      "features",
      19,
      "ownerEmail"
    ],
    "message": "Invalid owner email address"
  },
  {
    "origin": "string",
    "code": "invalid_format",
    "format": "email",
    "pattern": "/^(?!\\.)(?!.*\\.\\.)([A-Za-z0-9_'+\\-\\.]*)[A-Za-z0-9_+-]@([A-Za-z0-9][A-Za-z0-9\\-]*\\.)+[A-Za-z]{2,}$/",
    "path": [
      "features",
      20,
      "ownerEmail"
    ],
    "message": "Invalid owner email address"
  },
  {
    "origin": "string",
    "code": "invalid_format",
    "format": "email",
    "pattern": "/^(?!\\.)(?!.*\\.\\.)([A-Za-z0-9_'+\\-\\.]*)[A-Za-z0-9_+-]@([A-Za-z0-9][A-Za-z0-9\\-]*\\.)+[A-Za-z]{2,}$/",
    "path": [
      "features",
      21,
      "ownerEmail"
    ],
    "message": "Invalid owner email address"
  },
  {
    "origin": "string",
    "code": "invalid_format",
    "format": "email",
    "pattern": "/^(?!\\.)(?!.*\\.\\.)([A-Za-z0-9_'+\\-\\.]*)[A-Za-z0-9_+-]@([A-Za-z0-9][A-Za-z0-9\\-]*\\.)+[A-Za-z]{2,}$/",
    "path": [
      "features",
      22,
      "ownerEmail"
    ],
    "message": "Invalid owner email address"
  },
  {
    "origin": "string",
    "code": "invalid_format",
    "format": "email",
    "pattern": "/^(?!\\.)(?!.*\\.\\.)([A-Za-z0-9_'+\\-\\.]*)[A-Za-z0-9_+-]@([A-Za-z0-9][A-Za-z0-9\\-]*\\.)+[A-Za-z]{2,}$/",
    "path": [
      "features",
      23,
      "ownerEmail"
    ],
    "message": "Invalid owner email address"
  },
  {
    "origin": "string",
    "code": "invalid_format",
    "format": "email",
    "pattern": "/^(?!\\.)(?!.*\\.\\.)([A-Za-z0-9_'+\\-\\.]*)[A-Za-z0-9_+-]@([A-Za-z0-9][A-Za-z0-9\\-]*\\.)+[A-Za-z]{2,}$/",
    "path": [
      "features",
      24,
      "ownerEmail"
    ],
    "message": "Invalid owner email address"
  },
  {
    "origin": "string",
    "code": "invalid_format",
    "format": "email",
    "pattern": "/^(?!\\.)(?!.*\\.\\.)([A-Za-z0-9_'+\\-\\.]*)[A-Za-z0-9_+-]@([A-Za-z0-9][A-Za-z0-9\\-]*\\.)+[A-Za-z]{2,}$/",
    "path": [
      "features",
      25,
      "ownerEmail"
    ],
    "message": "Invalid owner email address"
  },
  {
    "origin": "string",
    "code": "invalid_format",
    "format": "email",
    "pattern": "/^(?!\\.)(?!.*\\.\\.)([A-Za-z0-9_'+\\-\\.]*)[A-Za-z0-9_+-]@([A-Za-z0-9][A-Za-z0-9\\-]*\\.)+[A-Za-z]{2,}$/",
    "path": [
      "features",
      26,
      "ownerEmail"
    ],
    "message": "Invalid owner email address"
  },
  {
    "origin": "string",
    "code": "invalid_format",
    "format": "email",
    "pattern": "/^(?!\\.)(?!.*\\.\\.)([A-Za-z0-9_'+\\-\\.]*)[A-Za-z0-9_+-]@([A-Za-z0-9][A-Za-z0-9\\-]*\\.)+[A-Za-z]{2,}$/",
    "path": [
      "features",
      27,
      "ownerEmail"
    ],
    "message": "Invalid owner email address"
  },
  {
    "origin": "string",
    "code": "invalid_format",
    "format": "email",
    "pattern": "/^(?!\\.)(?!.*\\.\\.)([A-Za-z0-9_'+\\-\\.]*)[A-Za-z0-9_+-]@([A-Za-z0-9][A-Za-z0-9\\-]*\\.)+[A-Za-z]{2,}$/",
    "path": [
      "features",
      28,
      "ownerEmail"
    ],
    "message": "Invalid owner email address"
  },
  {
    "origin": "string",
    "code": "invalid_format",
    "format": "email",
    "pattern": "/^(?!\\.)(?!.*\\.\\.)([A-Za-z0-9_'+\\-\\.]*)[A-Za-z0-9_+-]@([A-Za-z0-9][A-Za-z0-9\\-]*\\.)+[A-Za-z]{2,}$/",
    "path": [
      "features",
      29,
      "ownerEmail"
    ],
    "message": "Invalid owner email address"
  },
  {
    "origin": "string",
    "code": "invalid_format",
    "format": "email",
    "pattern": "/^(?!\\.)(?!.*\\.\\.)([A-Za-z0-9_'+\\-\\.]*)[A-Za-z0-9_+-]@([A-Za-z0-9][A-Za-z0-9\\-]*\\.)+[A-Za-z]{2,}$/",
    "path": [
      "features",
      30,
      "ownerEmail"
    ],
    "message": "Invalid owner email address"
  },
  {
    "origin": "string",
    "code": "invalid_format",
    "format": "email",
    "pattern": "/^(?!\\.)(?!.*\\.\\.)([A-Za-z0-9_'+\\-\\.]*)[A-Za-z0-9_+-]@([A-Za-z0-9][A-Za-z0-9\\-]*\\.)+[A-Za-z]{2,}$/",
    "path": [
      "features",
      31,
      "ownerEmail"
    ],
    "message": "Invalid owner email address"
  },
  {
    "origin": "string",
    "code": "invalid_format",
    "format": "email",
    "pattern": "/^(?!\\.)(?!.*\\.\\.)([A-Za-z0-9_'+\\-\\.]*)[A-Za-z0-9_+-]@([A-Za-z0-9][A-Za-z0-9\\-]*\\.)+[A-Za-z]{2,}$/",
    "path": [
      "features",
      32,
      "ownerEmail"
    ],
    "message": "Invalid owner email address"
  },
  {
    "origin": "string",
    "code": "invalid_format",
    "format": "email",
    "pattern": "/^(?!\\.)(?!.*\\.\\.)([A-Za-z0-9_'+\\-\\.]*)[A-Za-z0-9_+-]@([A-Za-z0-9][A-Za-z0-9\\-]*\\.)+[A-Za-z]{2,}$/",
    "path": [
      "features",
      33,
      "ownerEmail"
    ],
    "message": "Invalid owner email address"
  },
  {
    "origin": "string",
    "code": "invalid_format",
    "format": "email",
    "pattern": "/^(?!\\.)(?!.*\\.\\.)([A-Za-z0-9_'+\\-\\.]*)[A-Za-z0-9_+-]@([A-Za-z0-9][A-Za-z0-9\\-]*\\.)+[A-Za-z]{2,}$/",
    "path": [
      "features",
      34,
      "ownerEmail"
    ],
    "message": "Invalid owner email address"
  },
  {
    "origin": "string",
    "code": "invalid_format",
    "format": "email",
    "pattern": "/^(?!\\.)(?!.*\\.\\.)([A-Za-z0-9_'+\\-\\.]*)[A-Za-z0-9_+-]@([A-Za-z0-9][A-Za-z0-9\\-]*\\.)+[A-Za-z]{2,}$/",
    "path": [
      "features",
      35,
      "ownerEmail"
    ],
    "message": "Invalid owner email address"
  },
  {
    "origin": "string",
    "code": "invalid_format",
    "format": "email",
    "pattern": "/^(?!\\.)(?!.*\\.\\.)([A-Za-z0-9_'+\\-\\.]*)[A-Za-z0-9_+-]@([A-Za-z0-9][A-Za-z0-9\\-]*\\.)+[A-Za-z]{2,}$/",
    "path": [
      "features",
      36,
      "ownerEmail"
    ],
    "message": "Invalid owner email address"
  },
  {
    "origin": "string",
    "code": "invalid_format",
    "format": "email",
    "pattern": "/^(?!\\.)(?!.*\\.\\.)([A-Za-z0-9_'+\\-\\.]*)[A-Za-z0-9_+-]@([A-Za-z0-9][A-Za-z0-9\\-]*\\.)+[A-Za-z]{2,}$/",
    "path": [
      "features",
      37,
      "ownerEmail"
    ],
    "message": "Invalid owner email address"
  },
  {
    "origin": "string",
    "code": "invalid_format",
    "format": "email",
    "pattern": "/^(?!\\.)(?!.*\\.\\.)([A-Za-z0-9_'+\\-\\.]*)[A-Za-z0-9_+-]@([A-Za-z0-9][A-Za-z0-9\\-]*\\.)+[A-Za-z]{2,}$/",
    "path": [
      "features",
      38,
      "ownerEmail"
    ],
    "message": "Invalid owner email address"
  },
  {
    "origin": "string",
    "code": "invalid_format",
    "format": "email",
    "pattern": "/^(?!\\.)(?!.*\\.\\.)([A-Za-z0-9_'+\\-\\.]*)[A-Za-z0-9_+-]@([A-Za-z0-9][A-Za-z0-9\\-]*\\.)+[A-Za-z]{2,}$/",
    "path": [
      "features",
      39,
      "ownerEmail"
    ],
    "message": "Invalid owner email address"
  }
]
    at file:///C:/Users/krish/OneDrive/Desktop/TKS%20Project%20Tracking/backend/src/routes/features.js:87:48
    at Layer.handle [as handle_request] (C:\Users\krish\OneDrive\Desktop\TKS Project Tracking\backend\node_modules\express\lib\router\layer.js:95:5)
    at next (C:\Users\krish\OneDrive\Desktop\TKS Project Tracking\backend\node_modules\express\lib\router\route.js:149:13)
    at authMiddleware (file:///C:/Users/krish/OneDrive/Desktop/TKS%20Project%20Tracking/backend/src/middlewares/auth.js:16:5)
    at Layer.handle [as handle_request] (C:\Users\krish\OneDrive\Desktop\TKS Project Tracking\backend\node_modules\express\lib\router\layer.js:95:5)
    at next (C:\Users\krish\OneDrive\Desktop\TKS Project Tracking\backend\node_modules\express\lib\router\route.js:149:13)
    at Route.dispatch (C:\Users\krish\OneDrive\Desktop\TKS Project Tracking\backend\node_modules\express\lib\router\route.js:119:3)
    at Layer.handle [as handle_request] (C:\Users\krish\OneDrive\Desktop\TKS Project Tracking\backend\node_modules\express\lib\router\layer.js:95:5)
    at C:\Users\krish\OneDrive\Desktop\TKS Project Tracking\backend\node_modules\express\lib\router\index.js:284:15
    at router.process_params (C:\Users\krish\OneDrive\Desktop\TKS Project Tracking\backend\node_modules\express\lib\router\index.js:346:12)
[2026-06-15 22:42:22:4222] [INFO]: POST /api/features/bulk 400 3049 - 71.169 ms
[2026-06-15 22:45:20:4520] [INFO]: OPTIONS /api/features/bulk 204 0 - 0.520 ms
[2026-06-15 22:45:21:4521] [INFO]: [NOTIFICATION SERVICE] Creating notification for user 8e2089f4-e03a-4dc3-8eb0-4ed4771a785e: "Feature Assigned via Import"
[2026-06-15 22:45:21:4521] [INFO]: [SOCKET] Emitting event "notification" to user room 8e2089f4-e03a-4dc3-8eb0-4ed4771a785e
[2026-06-15 22:45:21:4521] [INFO]: [NOTIFICATION SERVICE] Creating notification for user 8e2089f4-e03a-4dc3-8eb0-4ed4771a785e: "Feature Assigned via Import"
[2026-06-15 22:45:21:4521] [INFO]: [SOCKET] Emitting event "notification" to user room 8e2089f4-e03a-4dc3-8eb0-4ed4771a785e
[2026-06-15 22:45:22:4522] [INFO]: [NOTIFICATION SERVICE] Creating notification for user 8e2089f4-e03a-4dc3-8eb0-4ed4771a785e: "Feature Assigned via Import"
[2026-06-15 22:45:22:4522] [INFO]: [SOCKET] Emitting event "notification" to user room 8e2089f4-e03a-4dc3-8eb0-4ed4771a785e
[2026-06-15 22:45:22:4522] [INFO]: [NOTIFICATION SERVICE] Creating notification for user 8e2089f4-e03a-4dc3-8eb0-4ed4771a785e: "Feature Assigned via Import"
[2026-06-15 22:45:22:4522] [INFO]: [SOCKET] Emitting event "notification" to user room 8e2089f4-e03a-4dc3-8eb0-4ed4771a785e
[2026-06-15 22:45:22:4522] [INFO]: [NOTIFICATION SERVICE] Creating notification for user 8e2089f4-e03a-4dc3-8eb0-4ed4771a785e: "Feature Assigned via Import"
[2026-06-15 22:45:22:4522] [INFO]: [SOCKET] Emitting event "notification" to user room 8e2089f4-e03a-4dc3-8eb0-4ed4771a785e
[2026-06-15 22:45:22:4522] [INFO]: [NOTIFICATION SERVICE] Creating notification for user 8e2089f4-e03a-4dc3-8eb0-4ed4771a785e: "Feature Assigned via Import"
[2026-06-15 22:45:22:4522] [INFO]: [SOCKET] Emitting event "notification" to user room 8e2089f4-e03a-4dc3-8eb0-4ed4771a785e
[2026-06-15 22:45:22:4522] [INFO]: [NOTIFICATION SERVICE] Creating notification for user 8e2089f4-e03a-4dc3-8eb0-4ed4771a785e: "Feature Assigned via Import"
[2026-06-15 22:45:22:4522] [INFO]: [SOCKET] Emitting event "notification" to user room 8e2089f4-e03a-4dc3-8eb0-4ed4771a785e
[2026-06-15 22:45:22:4522] [INFO]: [NOTIFICATION SERVICE] Creating notification for user 8e2089f4-e03a-4dc3-8eb0-4ed4771a785e: "Feature Assigned via Import"
[2026-06-15 22:45:22:4522] [INFO]: [SOCKET] Emitting event "notification" to user room 8e2089f4-e03a-4dc3-8eb0-4ed4771a785e
[2026-06-15 22:45:23:4523] [INFO]: [NOTIFICATION SERVICE] Creating notification for user 8e2089f4-e03a-4dc3-8eb0-4ed4771a785e: "Feature Assigned via Import"
[2026-06-15 22:45:23:4523] [INFO]: [SOCKET] Emitting event "notification" to user room 8e2089f4-e03a-4dc3-8eb0-4ed4771a785e
[2026-06-15 22:45:23:4523] [INFO]: [NOTIFICATION SERVICE] Creating notification for user 8e2089f4-e03a-4dc3-8eb0-4ed4771a785e: "Feature Assigned via Import"
[2026-06-15 22:45:23:4523] [INFO]: [SOCKET] Emitting event "notification" to user room 8e2089f4-e03a-4dc3-8eb0-4ed4771a785e
[2026-06-15 22:45:23:4523] [INFO]: [NOTIFICATION SERVICE] Creating notification for user 8e2089f4-e03a-4dc3-8eb0-4ed4771a785e: "Feature Assigned via Import"
[2026-06-15 22:45:23:4523] [INFO]: [SOCKET] Emitting event "notification" to user room 8e2089f4-e03a-4dc3-8eb0-4ed4771a785e
[2026-06-15 22:45:23:4523] [INFO]: [NOTIFICATION SERVICE] Creating notification for user 8e2089f4-e03a-4dc3-8eb0-4ed4771a785e: "Feature Assigned via Import"
[2026-06-15 22:45:23:4523] [INFO]: [SOCKET] Emitting event "notification" to user room 8e2089f4-e03a-4dc3-8eb0-4ed4771a785e
[2026-06-15 22:45:23:4523] [INFO]: [NOTIFICATION SERVICE] Creating notification for user 8e2089f4-e03a-4dc3-8eb0-4ed4771a785e: "Feature Assigned via Import"
[2026-06-15 22:45:23:4523] [INFO]: [SOCKET] Emitting event "notification" to user room 8e2089f4-e03a-4dc3-8eb0-4ed4771a785e
[2026-06-15 22:45:23:4523] [INFO]: [NOTIFICATION SERVICE] Creating notification for user 8e2089f4-e03a-4dc3-8eb0-4ed4771a785e: "Feature Assigned via Import"
[2026-06-15 22:45:23:4523] [INFO]: [SOCKET] Emitting event "notification" to user room 8e2089f4-e03a-4dc3-8eb0-4ed4771a785e
[2026-06-15 22:45:23:4523] [INFO]: [NOTIFICATION SERVICE] Creating notification for user 8e2089f4-e03a-4dc3-8eb0-4ed4771a785e: "Feature Assigned via Import"
[2026-06-15 22:45:23:4523] [INFO]: [SOCKET] Emitting event "notification" to user room 8e2089f4-e03a-4dc3-8eb0-4ed4771a785e
[2026-06-15 22:45:23:4523] [INFO]: [NOTIFICATION SERVICE] Creating notification for user 8e2089f4-e03a-4dc3-8eb0-4ed4771a785e: "Feature Assigned via Import"
[2026-06-15 22:45:23:4523] [INFO]: [SOCKET] Emitting event "notification" to user room 8e2089f4-e03a-4dc3-8eb0-4ed4771a785e
[2026-06-15 22:45:23:4523] [INFO]: [NOTIFICATION SERVICE] Creating notification for user 8e2089f4-e03a-4dc3-8eb0-4ed4771a785e: "Feature Assigned via Import"
[2026-06-15 22:45:23:4523] [INFO]: [SOCKET] Emitting event "notification" to user room 8e2089f4-e03a-4dc3-8eb0-4ed4771a785e
[2026-06-15 22:45:24:4524] [INFO]: [NOTIFICATION SERVICE] Creating notification for user 8e2089f4-e03a-4dc3-8eb0-4ed4771a785e: "Feature Assigned via Import"
[2026-06-15 22:45:24:4524] [INFO]: [SOCKET] Emitting event "notification" to user room 8e2089f4-e03a-4dc3-8eb0-4ed4771a785e
[2026-06-15 22:45:24:4524] [INFO]: [NOTIFICATION SERVICE] Creating notification for user 8e2089f4-e03a-4dc3-8eb0-4ed4771a785e: "Feature Assigned via Import"
[2026-06-15 22:45:24:4524] [INFO]: [SOCKET] Emitting event "notification" to user room 8e2089f4-e03a-4dc3-8eb0-4ed4771a785e
[2026-06-15 22:45:24:4524] [INFO]: [NOTIFICATION SERVICE] Creating notification for user 8e2089f4-e03a-4dc3-8eb0-4ed4771a785e: "Feature Assigned via Import"
[2026-06-15 22:45:24:4524] [INFO]: [SOCKET] Emitting event "notification" to user room 8e2089f4-e03a-4dc3-8eb0-4ed4771a785e
[2026-06-15 22:45:24:4524] [INFO]: [NOTIFICATION SERVICE] Creating notification for user 8e2089f4-e03a-4dc3-8eb0-4ed4771a785e: "Feature Assigned via Import"
[2026-06-15 22:45:24:4524] [INFO]: [SOCKET] Emitting event "notification" to user room 8e2089f4-e03a-4dc3-8eb0-4ed4771a785e
[2026-06-15 22:45:24:4524] [INFO]: [NOTIFICATION SERVICE] Creating notification for user 8e2089f4-e03a-4dc3-8eb0-4ed4771a785e: "Feature Assigned via Import"
[2026-06-15 22:45:24:4524] [INFO]: [SOCKET] Emitting event "notification" to user room 8e2089f4-e03a-4dc3-8eb0-4ed4771a785e
[2026-06-15 22:45:24:4524] [INFO]: [NOTIFICATION SERVICE] Creating notification for user 8e2089f4-e03a-4dc3-8eb0-4ed4771a785e: "Feature Assigned via Import"
[2026-06-15 22:45:24:4524] [INFO]: [SOCKET] Emitting event "notification" to user room 8e2089f4-e03a-4dc3-8eb0-4ed4771a785e
[2026-06-15 22:45:25:4525] [INFO]: [NOTIFICATION SERVICE] Creating notification for user 8e2089f4-e03a-4dc3-8eb0-4ed4771a785e: "Feature Assigned via Import"
[2026-06-15 22:45:25:4525] [INFO]: [SOCKET] Emitting event "notification" to user room 8e2089f4-e03a-4dc3-8eb0-4ed4771a785e
[2026-06-15 22:45:25:4525] [INFO]: [NOTIFICATION SERVICE] Creating notification for user 8e2089f4-e03a-4dc3-8eb0-4ed4771a785e: "Feature Assigned via Import"
[2026-06-15 22:45:25:4525] [INFO]: [SOCKET] Emitting event "notification" to user room 8e2089f4-e03a-4dc3-8eb0-4ed4771a785e
[2026-06-15 22:45:25:4525] [INFO]: [NOTIFICATION SERVICE] Creating notification for user 8e2089f4-e03a-4dc3-8eb0-4ed4771a785e: "Feature Assigned via Import"
[2026-06-15 22:45:25:4525] [INFO]: [SOCKET] Emitting event "notification" to user room 8e2089f4-e03a-4dc3-8eb0-4ed4771a785e
[2026-06-15 22:45:25:4525] [INFO]: [NOTIFICATION SERVICE] Creating notification for user 8e2089f4-e03a-4dc3-8eb0-4ed4771a785e: "Feature Assigned via Import"
[2026-06-15 22:45:25:4525] [INFO]: [SOCKET] Emitting event "notification" to user room 8e2089f4-e03a-4dc3-8eb0-4ed4771a785e
[2026-06-15 22:45:25:4525] [INFO]: [NOTIFICATION SERVICE] Creating notification for user 8e2089f4-e03a-4dc3-8eb0-4ed4771a785e: "Feature Assigned via Import"
[2026-06-15 22:45:25:4525] [INFO]: [SOCKET] Emitting event "notification" to user room 8e2089f4-e03a-4dc3-8eb0-4ed4771a785e
[2026-06-15 22:45:25:4525] [INFO]: [NOTIFICATION SERVICE] Creating notification for user 8e2089f4-e03a-4dc3-8eb0-4ed4771a785e: "Feature Assigned via Import"
[2026-06-15 22:45:25:4525] [INFO]: [SOCKET] Emitting event "notification" to user room 8e2089f4-e03a-4dc3-8eb0-4ed4771a785e
[2026-06-15 22:45:25:4525] [INFO]: [NOTIFICATION SERVICE] Creating notification for user 8e2089f4-e03a-4dc3-8eb0-4ed4771a785e: "Feature Assigned via Import"
[2026-06-15 22:45:25:4525] [INFO]: [SOCKET] Emitting event "notification" to user room 8e2089f4-e03a-4dc3-8eb0-4ed4771a785e
[2026-06-15 22:45:25:4525] [INFO]: [NOTIFICATION SERVICE] Creating notification for user 8e2089f4-e03a-4dc3-8eb0-4ed4771a785e: "Feature Assigned via Import"
[2026-06-15 22:45:25:4525] [INFO]: [SOCKET] Emitting event "notification" to user room 8e2089f4-e03a-4dc3-8eb0-4ed4771a785e
[2026-06-15 22:45:25:4525] [INFO]: [NOTIFICATION SERVICE] Creating notification for user 8e2089f4-e03a-4dc3-8eb0-4ed4771a785e: "Feature Assigned via Import"
[2026-06-15 22:45:26:4526] [INFO]: [SOCKET] Emitting event "notification" to user room 8e2089f4-e03a-4dc3-8eb0-4ed4771a785e
[2026-06-15 22:45:26:4526] [INFO]: [NOTIFICATION SERVICE] Creating notification for user 8e2089f4-e03a-4dc3-8eb0-4ed4771a785e: "Feature Assigned via Import"
[2026-06-15 22:45:26:4526] [INFO]: [SOCKET] Emitting event "notification" to user room 8e2089f4-e03a-4dc3-8eb0-4ed4771a785e
[2026-06-15 22:45:26:4526] [ERROR]: POST /api/features/bulk - Error: 
Invalid `prisma.feature.create()` invocation:


Transaction API error: Transaction not found. Transaction ID is invalid, refers to an old closed transaction Prisma doesn't have information about anymore, or was obtained before disconnecting.
[2026-06-15 22:45:26:4526] [ERROR]: PrismaClientKnownRequestError: 
Invalid `prisma.feature.create()` invocation:


Transaction API error: Transaction not found. Transaction ID is invalid, refers to an old closed transaction Prisma doesn't have information about anymore, or was obtained before disconnecting.
    at $n.handleRequestError (C:\Users\krish\OneDrive\Desktop\TKS Project Tracking\backend\node_modules\@prisma\client\runtime\library.js:121:7315)
    at $n.handleAndLogRequestError (C:\Users\krish\OneDrive\Desktop\TKS Project Tracking\backend\node_modules\@prisma\client\runtime\library.js:121:6623)
    at $n.request (C:\Users\krish\OneDrive\Desktop\TKS Project Tracking\backend\node_modules\@prisma\client\runtime\library.js:121:6307)
    at async l (C:\Users\krish\OneDrive\Desktop\TKS Project Tracking\backend\node_modules\@prisma\client\runtime\library.js:130:9633)
    at async file:///C:/Users/krish/OneDrive/Desktop/TKS%20Project%20Tracking/backend/src/routes/features.js:141:28
    at async Proxy._transactionWithCallback (C:\Users\krish\OneDrive\Desktop\TKS Project Tracking\backend\node_modules\@prisma\client\runtime\library.js:130:8000)
    at async file:///C:/Users/krish/OneDrive/Desktop/TKS%20Project%20Tracking/backend/src/routes/features.js:130:5
[2026-06-15 22:45:26:4526] [INFO]: POST /api/features/bulk 500 276 - 6103.615 ms
[2026-06-15 22:51:52:5152] [INFO]: [SOCKET] User disconnected: Krishna Shelar (8e2089f4-e03a-4dc3-8eb0-4ed4771a785e) - Socket: nLH79YKvrhbgdEWOAAAB
[2026-06-15 22:51:52:5152] [INFO]: [SOCKET] User disconnected: Krishna Shelar (8e2089f4-e03a-4dc3-8eb0-4ed4771a785e) - Socket: 0zlto5eWnDgM8fuuAAAD
[2026-06-15 22:51:52:5152] [INFO]: OPTIONS /api/products 204 0 - 1.384 ms
[2026-06-15 22:51:52:5152] [INFO]: OPTIONS /api/products 204 0 - 0.394 ms
[2026-06-15 22:51:52:5152] [INFO]: [SOCKET] User connected: Krishna Shelar (8e2089f4-e03a-4dc3-8eb0-4ed4771a785e) - Socket: T3VPPloCOmyWt8V0AAAG
[2026-06-15 22:51:52:5152] [INFO]: [SOCKET] User connected: Krishna Shelar (8e2089f4-e03a-4dc3-8eb0-4ed4771a785e) - Socket: TS9JPLzLdk1TZGJGAAAH
[2026-06-15 22:51:52:5152] [INFO]: GET /api/products 304 - - 71.174 ms
[2026-06-15 22:51:52:5152] [INFO]: GET /api/products 304 - - 10.233 ms
[2026-06-15 22:51:52:5152] [INFO]: OPTIONS /api/products/69f411d7-819a-4809-8f68-96f88b7cd1cc/status 204 0 - 0.364 ms
[2026-06-15 22:51:52:5152] [INFO]: OPTIONS /api/users 204 0 - 0.397 ms
[2026-06-15 22:51:52:5152] [INFO]: GET /api/users 304 - - 18.929 ms
[2026-06-15 22:51:52:5152] [INFO]: GET /api/products/69f411d7-819a-4809-8f68-96f88b7cd1cc/status 304 - - 36.452 ms
[2026-06-15 22:51:52:5152] [INFO]: GET /api/users 304 - - 16.530 ms
[2026-06-15 22:51:52:5152] [INFO]: GET /api/products/69f411d7-819a-4809-8f68-96f88b7cd1cc/status 304 - - 17.769 ms
[2026-06-15 22:51:52:5152] [INFO]: GET /api/products/69f411d7-819a-4809-8f68-96f88b7cd1cc/status 304 - - 16.085 ms
[2026-06-15 22:51:56:5156] [INFO]: OPTIONS /api/features?productId=69f411d7-819a-4809-8f68-96f88b7cd1cc 204 0 - 0.170 ms
[2026-06-15 22:51:56:5156] [INFO]: OPTIONS /api/features?productId=69f411d7-819a-4809-8f68-96f88b7cd1cc 204 0 - 0.130 ms
[2026-06-15 22:51:56:5156] [INFO]: GET /api/users 304 - - 5.421 ms
[2026-06-15 22:51:56:5156] [INFO]: GET /api/features?productId=69f411d7-819a-4809-8f68-96f88b7cd1cc 304 - - 26.501 ms
[2026-06-15 22:51:56:5156] [INFO]: GET /api/users 304 - - 22.511 ms
[2026-06-15 22:51:56:5156] [INFO]: GET /api/features?productId=69f411d7-819a-4809-8f68-96f88b7cd1cc 304 - - 18.841 ms
[2026-06-15 22:52:01:521] [INFO]: OPTIONS /api/features/bulk 204 0 - 0.648 ms
[2026-06-15 22:52:01:521] [INFO]: [NOTIFICATION SERVICE] Creating notification for user 8e2089f4-e03a-4dc3-8eb0-4ed4771a785e: "Feature Assigned via Import"
[2026-06-15 22:52:01:521] [INFO]: [SOCKET] Emitting event "notification" to user room 8e2089f4-e03a-4dc3-8eb0-4ed4771a785e
[2026-06-15 22:52:02:522] [INFO]: [NOTIFICATION SERVICE] Creating notification for user 8e2089f4-e03a-4dc3-8eb0-4ed4771a785e: "Feature Assigned via Import"
[2026-06-15 22:52:02:522] [INFO]: [SOCKET] Emitting event "notification" to user room 8e2089f4-e03a-4dc3-8eb0-4ed4771a785e
[2026-06-15 22:52:02:522] [INFO]: [NOTIFICATION SERVICE] Creating notification for user 8e2089f4-e03a-4dc3-8eb0-4ed4771a785e: "Feature Assigned via Import"
[2026-06-15 22:52:02:522] [INFO]: [SOCKET] Emitting event "notification" to user room 8e2089f4-e03a-4dc3-8eb0-4ed4771a785e
[2026-06-15 22:52:02:522] [INFO]: [NOTIFICATION SERVICE] Creating notification for user 8e2089f4-e03a-4dc3-8eb0-4ed4771a785e: "Feature Assigned via Import"
[2026-06-15 22:52:02:522] [INFO]: [SOCKET] Emitting event "notification" to user room 8e2089f4-e03a-4dc3-8eb0-4ed4771a785e
[2026-06-15 22:52:02:522] [INFO]: [NOTIFICATION SERVICE] Creating notification for user 8e2089f4-e03a-4dc3-8eb0-4ed4771a785e: "Feature Assigned via Import"
[2026-06-15 22:52:02:522] [INFO]: [SOCKET] Emitting event "notification" to user room 8e2089f4-e03a-4dc3-8eb0-4ed4771a785e
[2026-06-15 22:52:02:522] [INFO]: [NOTIFICATION SERVICE] Creating notification for user 8e2089f4-e03a-4dc3-8eb0-4ed4771a785e: "Feature Assigned via Import"
[2026-06-15 22:52:02:522] [INFO]: [SOCKET] Emitting event "notification" to user room 8e2089f4-e03a-4dc3-8eb0-4ed4771a785e
[2026-06-15 22:52:02:522] [INFO]: [NOTIFICATION SERVICE] Creating notification for user 8e2089f4-e03a-4dc3-8eb0-4ed4771a785e: "Feature Assigned via Import"
[2026-06-15 22:52:02:522] [INFO]: [SOCKET] Emitting event "notification" to user room 8e2089f4-e03a-4dc3-8eb0-4ed4771a785e
[2026-06-15 22:52:02:522] [INFO]: [NOTIFICATION SERVICE] Creating notification for user 8e2089f4-e03a-4dc3-8eb0-4ed4771a785e: "Feature Assigned via Import"
[2026-06-15 22:52:02:522] [INFO]: [SOCKET] Emitting event "notification" to user room 8e2089f4-e03a-4dc3-8eb0-4ed4771a785e
[2026-06-15 22:52:02:522] [INFO]: [NOTIFICATION SERVICE] Creating notification for user 8e2089f4-e03a-4dc3-8eb0-4ed4771a785e: "Feature Assigned via Import"
[2026-06-15 22:52:02:522] [INFO]: [SOCKET] Emitting event "notification" to user room 8e2089f4-e03a-4dc3-8eb0-4ed4771a785e
[2026-06-15 22:52:02:522] [INFO]: [NOTIFICATION SERVICE] Creating notification for user 8e2089f4-e03a-4dc3-8eb0-4ed4771a785e: "Feature Assigned via Import"
[2026-06-15 22:52:02:522] [INFO]: [SOCKET] Emitting event "notification" to user room 8e2089f4-e03a-4dc3-8eb0-4ed4771a785e
[2026-06-15 22:52:02:522] [INFO]: [NOTIFICATION SERVICE] Creating notification for user 8e2089f4-e03a-4dc3-8eb0-4ed4771a785e: "Feature Assigned via Import"
[2026-06-15 22:52:02:522] [INFO]: [SOCKET] Emitting event "notification" to user room 8e2089f4-e03a-4dc3-8eb0-4ed4771a785e
[2026-06-15 22:52:02:522] [INFO]: [NOTIFICATION SERVICE] Creating notification for user 8e2089f4-e03a-4dc3-8eb0-4ed4771a785e: "Feature Assigned via Import"
[2026-06-15 22:52:02:522] [INFO]: [SOCKET] Emitting event "notification" to user room 8e2089f4-e03a-4dc3-8eb0-4ed4771a785e
[2026-06-15 22:52:02:522] [INFO]: [NOTIFICATION SERVICE] Creating notification for user 8e2089f4-e03a-4dc3-8eb0-4ed4771a785e: "Feature Assigned via Import"
[2026-06-15 22:52:02:522] [INFO]: [SOCKET] Emitting event "notification" to user room 8e2089f4-e03a-4dc3-8eb0-4ed4771a785e
[2026-06-15 22:52:02:522] [INFO]: [NOTIFICATION SERVICE] Creating notification for user 8e2089f4-e03a-4dc3-8eb0-4ed4771a785e: "Feature Assigned via Import"
[2026-06-15 22:52:02:522] [INFO]: [SOCKET] Emitting event "notification" to user room 8e2089f4-e03a-4dc3-8eb0-4ed4771a785e
[2026-06-15 22:52:02:522] [INFO]: [NOTIFICATION SERVICE] Creating notification for user 8e2089f4-e03a-4dc3-8eb0-4ed4771a785e: "Feature Assigned via Import"
[2026-06-15 22:52:02:522] [INFO]: [SOCKET] Emitting event "notification" to user room 8e2089f4-e03a-4dc3-8eb0-4ed4771a785e
[2026-06-15 22:52:02:522] [INFO]: [NOTIFICATION SERVICE] Creating notification for user 8e2089f4-e03a-4dc3-8eb0-4ed4771a785e: "Feature Assigned via Import"
[2026-06-15 22:52:02:522] [INFO]: [SOCKET] Emitting event "notification" to user room 8e2089f4-e03a-4dc3-8eb0-4ed4771a785e
[2026-06-15 22:52:02:522] [INFO]: [NOTIFICATION SERVICE] Creating notification for user 8e2089f4-e03a-4dc3-8eb0-4ed4771a785e: "Feature Assigned via Import"
[2026-06-15 22:52:02:522] [INFO]: [SOCKET] Emitting event "notification" to user room 8e2089f4-e03a-4dc3-8eb0-4ed4771a785e
[2026-06-15 22:52:02:522] [INFO]: [NOTIFICATION SERVICE] Creating notification for user 8e2089f4-e03a-4dc3-8eb0-4ed4771a785e: "Feature Assigned via Import"
[2026-06-15 22:52:02:522] [INFO]: [SOCKET] Emitting event "notification" to user room 8e2089f4-e03a-4dc3-8eb0-4ed4771a785e
[2026-06-15 22:52:02:522] [INFO]: [NOTIFICATION SERVICE] Creating notification for user 8e2089f4-e03a-4dc3-8eb0-4ed4771a785e: "Feature Assigned via Import"
[2026-06-15 22:52:02:522] [INFO]: [SOCKET] Emitting event "notification" to user room 8e2089f4-e03a-4dc3-8eb0-4ed4771a785e
[2026-06-15 22:52:02:522] [INFO]: [NOTIFICATION SERVICE] Creating notification for user 8e2089f4-e03a-4dc3-8eb0-4ed4771a785e: "Feature Assigned via Import"
[2026-06-15 22:52:02:522] [INFO]: [SOCKET] Emitting event "notification" to user room 8e2089f4-e03a-4dc3-8eb0-4ed4771a785e
[2026-06-15 22:52:02:522] [INFO]: [NOTIFICATION SERVICE] Creating notification for user 8e2089f4-e03a-4dc3-8eb0-4ed4771a785e: "Feature Assigned via Import"
[2026-06-15 22:52:02:522] [INFO]: [SOCKET] Emitting event "notification" to user room 8e2089f4-e03a-4dc3-8eb0-4ed4771a785e
[2026-06-15 22:52:03:523] [INFO]: [NOTIFICATION SERVICE] Creating notification for user 8e2089f4-e03a-4dc3-8eb0-4ed4771a785e: "Feature Assigned via Import"
[2026-06-15 22:52:03:523] [INFO]: [SOCKET] Emitting event "notification" to user room 8e2089f4-e03a-4dc3-8eb0-4ed4771a785e
[2026-06-15 22:52:03:523] [INFO]: [NOTIFICATION SERVICE] Creating notification for user 8e2089f4-e03a-4dc3-8eb0-4ed4771a785e: "Feature Assigned via Import"
[2026-06-15 22:52:03:523] [INFO]: [SOCKET] Emitting event "notification" to user room 8e2089f4-e03a-4dc3-8eb0-4ed4771a785e
[2026-06-15 22:52:03:523] [INFO]: [NOTIFICATION SERVICE] Creating notification for user 8e2089f4-e03a-4dc3-8eb0-4ed4771a785e: "Feature Assigned via Import"
[2026-06-15 22:52:03:523] [INFO]: [SOCKET] Emitting event "notification" to user room 8e2089f4-e03a-4dc3-8eb0-4ed4771a785e
[2026-06-15 22:52:03:523] [INFO]: [NOTIFICATION SERVICE] Creating notification for user 8e2089f4-e03a-4dc3-8eb0-4ed4771a785e: "Feature Assigned via Import"
[2026-06-15 22:52:03:523] [INFO]: [SOCKET] Emitting event "notification" to user room 8e2089f4-e03a-4dc3-8eb0-4ed4771a785e
[2026-06-15 22:52:03:523] [INFO]: [NOTIFICATION SERVICE] Creating notification for user 8e2089f4-e03a-4dc3-8eb0-4ed4771a785e: "Feature Assigned via Import"
[2026-06-15 22:52:03:523] [INFO]: [SOCKET] Emitting event "notification" to user room 8e2089f4-e03a-4dc3-8eb0-4ed4771a785e
[2026-06-15 22:52:03:523] [INFO]: [NOTIFICATION SERVICE] Creating notification for user 8e2089f4-e03a-4dc3-8eb0-4ed4771a785e: "Feature Assigned via Import"
[2026-06-15 22:52:03:523] [INFO]: [SOCKET] Emitting event "notification" to user room 8e2089f4-e03a-4dc3-8eb0-4ed4771a785e
[2026-06-15 22:52:03:523] [INFO]: [NOTIFICATION SERVICE] Creating notification for user 8e2089f4-e03a-4dc3-8eb0-4ed4771a785e: "Feature Assigned via Import"
[2026-06-15 22:52:03:523] [INFO]: [SOCKET] Emitting event "notification" to user room 8e2089f4-e03a-4dc3-8eb0-4ed4771a785e
[2026-06-15 22:52:03:523] [INFO]: [NOTIFICATION SERVICE] Creating notification for user 8e2089f4-e03a-4dc3-8eb0-4ed4771a785e: "Feature Assigned via Import"
[2026-06-15 22:52:03:523] [INFO]: [SOCKET] Emitting event "notification" to user room 8e2089f4-e03a-4dc3-8eb0-4ed4771a785e
[2026-06-15 22:52:03:523] [INFO]: [NOTIFICATION SERVICE] Creating notification for user 8e2089f4-e03a-4dc3-8eb0-4ed4771a785e: "Feature Assigned via Import"
[2026-06-15 22:52:03:523] [INFO]: [SOCKET] Emitting event "notification" to user room 8e2089f4-e03a-4dc3-8eb0-4ed4771a785e
[2026-06-15 22:52:03:523] [INFO]: [NOTIFICATION SERVICE] Creating notification for user 8e2089f4-e03a-4dc3-8eb0-4ed4771a785e: "Feature Assigned via Import"
[2026-06-15 22:52:03:523] [INFO]: [SOCKET] Emitting event "notification" to user room 8e2089f4-e03a-4dc3-8eb0-4ed4771a785e
[2026-06-15 22:52:03:523] [INFO]: [NOTIFICATION SERVICE] Creating notification for user 8e2089f4-e03a-4dc3-8eb0-4ed4771a785e: "Feature Assigned via Import"
[2026-06-15 22:52:03:523] [INFO]: [SOCKET] Emitting event "notification" to user room 8e2089f4-e03a-4dc3-8eb0-4ed4771a785e
[2026-06-15 22:52:03:523] [INFO]: [NOTIFICATION SERVICE] Creating notification for user 8e2089f4-e03a-4dc3-8eb0-4ed4771a785e: "Feature Assigned via Import"
[2026-06-15 22:52:03:523] [INFO]: [SOCKET] Emitting event "notification" to user room 8e2089f4-e03a-4dc3-8eb0-4ed4771a785e
[2026-06-15 22:52:03:523] [INFO]: [NOTIFICATION SERVICE] Creating notification for user 8e2089f4-e03a-4dc3-8eb0-4ed4771a785e: "Feature Assigned via Import"
[2026-06-15 22:52:03:523] [INFO]: [SOCKET] Emitting event "notification" to user room 8e2089f4-e03a-4dc3-8eb0-4ed4771a785e
[2026-06-15 22:52:03:523] [INFO]: [NOTIFICATION SERVICE] Creating notification for user 8e2089f4-e03a-4dc3-8eb0-4ed4771a785e: "Feature Assigned via Import"
[2026-06-15 22:52:03:523] [INFO]: [SOCKET] Emitting event "notification" to user room 8e2089f4-e03a-4dc3-8eb0-4ed4771a785e
[2026-06-15 22:52:03:523] [INFO]: [NOTIFICATION SERVICE] Creating notification for user 8e2089f4-e03a-4dc3-8eb0-4ed4771a785e: "Feature Assigned via Import"
[2026-06-15 22:52:03:523] [INFO]: [SOCKET] Emitting event "notification" to user room 8e2089f4-e03a-4dc3-8eb0-4ed4771a785e
[2026-06-15 22:52:03:523] [INFO]: [NOTIFICATION SERVICE] Creating notification for user 8e2089f4-e03a-4dc3-8eb0-4ed4771a785e: "Feature Assigned via Import"
[2026-06-15 22:52:03:523] [INFO]: [SOCKET] Emitting event "notification" to user room 8e2089f4-e03a-4dc3-8eb0-4ed4771a785e
[2026-06-15 22:52:03:523] [INFO]: [NOTIFICATION SERVICE] Creating notification for user 8e2089f4-e03a-4dc3-8eb0-4ed4771a785e: "Feature Assigned via Import"
[2026-06-15 22:52:03:523] [INFO]: [SOCKET] Emitting event "notification" to user room 8e2089f4-e03a-4dc3-8eb0-4ed4771a785e
[2026-06-15 22:52:03:523] [INFO]: [NOTIFICATION SERVICE] Creating notification for user 8e2089f4-e03a-4dc3-8eb0-4ed4771a785e: "Feature Assigned via Import"
[2026-06-15 22:52:03:523] [INFO]: [SOCKET] Emitting event "notification" to user room 8e2089f4-e03a-4dc3-8eb0-4ed4771a785e
[2026-06-15 22:52:03:523] [INFO]: [NOTIFICATION SERVICE] Creating notification for user 8e2089f4-e03a-4dc3-8eb0-4ed4771a785e: "Feature Assigned via Import"
[2026-06-15 22:52:03:523] [INFO]: [SOCKET] Emitting event "notification" to user room 8e2089f4-e03a-4dc3-8eb0-4ed4771a785e
[2026-06-15 22:52:03:523] [INFO]: POST /api/features/bulk 201 15187 - 2064.908 ms
[2026-06-15 22:52:04:524] [INFO]: OPTIONS /api/features?productId=69f411d7-819a-4809-8f68-96f88b7cd1cc 204 0 - 0.390 ms
[2026-06-15 22:52:04:524] [INFO]: OPTIONS /api/users 204 0 - 0.201 ms
[2026-06-15 22:52:04:524] [INFO]: GET /api/users 304 - - 26.814 ms
[2026-06-15 22:52:04:524] [INFO]: GET /api/features?productId=69f411d7-819a-4809-8f68-96f88b7cd1cc 200 1775767 - 225.142 ms
[2026-06-15 22:52:33:5233] [INFO]: OPTIONS /api/users/all 204 0 - 0.312 ms
[2026-06-15 22:52:33:5233] [INFO]: OPTIONS /api/products 204 0 - 0.120 ms
[2026-06-15 22:52:33:5233] [INFO]: OPTIONS /api/users/all 204 0 - 0.098 ms
[2026-06-15 22:52:33:5233] [INFO]: OPTIONS /api/products 204 0 - 0.125 ms
[2026-06-15 22:52:33:5233] [INFO]: GET /api/products 304 - - 10.755 ms
[2026-06-15 22:52:33:5233] [INFO]: GET /api/products 304 - - 8.805 ms
[2026-06-15 22:52:33:5233] [INFO]: GET /api/users/all 200 49992 - 45.599 ms
[2026-06-15 22:52:33:5233] [INFO]: GET /api/users/all 304 - - 27.150 ms
[2026-06-15 22:59:50:5950] [INFO]: ==================================================
[2026-06-15 22:59:50:5950] [INFO]: 🚀 TKS API Server with Socket.IO is running on port: 5000
[2026-06-15 22:59:50:5950] [INFO]: 🔐 Bypass MS Auth status: false
[2026-06-15 22:59:50:5950] [INFO]: ==================================================
[2026-06-15 22:59:56:5956] [INFO]: [SOCKET] User connected: Krishna Shelar (8e2089f4-e03a-4dc3-8eb0-4ed4771a785e) - Socket: elS_V6JEPJBE0CcKAAAC
[2026-06-15 22:59:56:5956] [INFO]: [SOCKET] User connected: Krishna Shelar (8e2089f4-e03a-4dc3-8eb0-4ed4771a785e) - Socket: MZzFHOqFA3lpgedJAAAD
[2026-06-15 23:00:37:037] [INFO]: [SOCKET] User disconnected: Krishna Shelar (8e2089f4-e03a-4dc3-8eb0-4ed4771a785e) - Socket: elS_V6JEPJBE0CcKAAAC
[2026-06-15 23:00:37:037] [INFO]: [SOCKET] User disconnected: Krishna Shelar (8e2089f4-e03a-4dc3-8eb0-4ed4771a785e) - Socket: MZzFHOqFA3lpgedJAAAD
[2026-06-15 23:00:40:040] [INFO]: OPTIONS /api/products 204 0 - 1.528 ms
[2026-06-15 23:00:40:040] [INFO]: [SOCKET] User connected: Krishna Shelar (8e2089f4-e03a-4dc3-8eb0-4ed4771a785e) - Socket: _fLPqPnOc39EvrFkAAAG
[2026-06-15 23:00:40:040] [INFO]: GET /api/products 304 - - 162.980 ms
[2026-06-15 23:00:40:040] [INFO]: [SOCKET] User connected: Krishna Shelar (8e2089f4-e03a-4dc3-8eb0-4ed4771a785e) - Socket: NyBKcbGFQ8-tVhWAAAAH
[2026-06-15 23:00:40:040] [INFO]: GET /api/products 304 - - 8.066 ms
[2026-06-15 23:00:40:040] [INFO]: OPTIONS /api/products/69f411d7-819a-4809-8f68-96f88b7cd1cc/status 204 0 - 0.142 ms
[2026-06-15 23:00:40:040] [INFO]: OPTIONS /api/users 204 0 - 0.293 ms
[2026-06-15 23:00:40:040] [INFO]: GET /api/users 304 - - 9.977 ms
[2026-06-15 23:00:40:040] [INFO]: GET /api/products/69f411d7-819a-4809-8f68-96f88b7cd1cc/status 304 - - 18.072 ms
[2026-06-15 23:00:40:040] [INFO]: GET /api/users 304 - - 4.279 ms
[2026-06-15 23:00:40:040] [INFO]: GET /api/products/69f411d7-819a-4809-8f68-96f88b7cd1cc/status 304 - - 6.025 ms
[2026-06-15 23:00:46:046] [INFO]: ==================================================
[2026-06-15 23:00:46:046] [INFO]: 🚀 TKS API Server with Socket.IO is running on port: 5000
[2026-06-15 23:00:46:046] [INFO]: 🔐 Bypass MS Auth status: false
[2026-06-15 23:00:46:046] [INFO]: ==================================================
[2026-06-15 23:00:47:047] [INFO]: [SOCKET] User connected: Krishna Shelar (8e2089f4-e03a-4dc3-8eb0-4ed4771a785e) - Socket: vCYmu8O-5UQTUcGkAAAB
[2026-06-15 23:00:47:047] [INFO]: [SOCKET] User connected: Krishna Shelar (8e2089f4-e03a-4dc3-8eb0-4ed4771a785e) - Socket: _LDLmuDfUVUiGEuhAAAD
[2026-06-15 23:01:12:112] [INFO]: ==================================================
[2026-06-15 23:01:12:112] [INFO]: 🚀 TKS API Server with Socket.IO is running on port: 5000
[2026-06-15 23:01:12:112] [INFO]: 🔐 Bypass MS Auth status: false
[2026-06-15 23:01:12:112] [INFO]: ==================================================
[2026-06-15 23:01:12:112] [INFO]: OPTIONS /api/users/all 204 0 - 3.626 ms
[2026-06-15 23:01:12:112] [INFO]: OPTIONS /api/products 204 0 - 0.359 ms
[2026-06-15 23:01:12:112] [INFO]: OPTIONS /api/users/all 204 0 - 0.424 ms
[2026-06-15 23:01:12:112] [INFO]: OPTIONS /api/products 204 0 - 0.494 ms
[2026-06-15 23:01:13:113] [INFO]: GET /api/products 304 - - 150.801 ms
[2026-06-15 23:01:13:113] [INFO]: GET /api/products 304 - - 6.502 ms
[2026-06-15 23:01:13:113] [INFO]: GET /api/users/all 304 - - 369.270 ms
[2026-06-15 23:01:13:113] [INFO]: GET /api/users/all 304 - - 19.931 ms
[2026-06-15 23:01:13:113] [INFO]: [SOCKET] User connected: Krishna Shelar (8e2089f4-e03a-4dc3-8eb0-4ed4771a785e) - Socket: OekHeWz56kYmdMvJAAAB
[2026-06-15 23:01:14:114] [INFO]: [SOCKET] User connected: Krishna Shelar (8e2089f4-e03a-4dc3-8eb0-4ed4771a785e) - Socket: 7SIurqMSqXdg98HuAAAD
[2026-06-15 23:01:42:142] [INFO]: ==================================================
[2026-06-15 23:01:42:142] [INFO]: 🚀 TKS API Server with Socket.IO is running on port: 5000
[2026-06-15 23:01:42:142] [INFO]: 🔐 Bypass MS Auth status: false
[2026-06-15 23:01:42:142] [INFO]: ==================================================
[2026-06-15 23:01:44:144] [INFO]: [SOCKET] User connected: Krishna Shelar (8e2089f4-e03a-4dc3-8eb0-4ed4771a785e) - Socket: ThkYnfmeleFXWi6aAAAB
[2026-06-15 23:01:45:145] [INFO]: [SOCKET] User connected: Krishna Shelar (8e2089f4-e03a-4dc3-8eb0-4ed4771a785e) - Socket: s_fxBPVnGKaY8cCnAAAD
[2026-06-15 23:01:54:154] [INFO]: ==================================================
[2026-06-15 23:01:54:154] [INFO]: 🚀 TKS API Server with Socket.IO is running on port: 5000
[2026-06-15 23:01:54:154] [INFO]: 🔐 Bypass MS Auth status: false
[2026-06-15 23:01:54:154] [INFO]: ==================================================
[2026-06-15 23:01:54:154] [INFO]: [SOCKET] User connected: Krishna Shelar (8e2089f4-e03a-4dc3-8eb0-4ed4771a785e) - Socket: 8fYjSIW2OCJg_5rUAAAB
[2026-06-15 23:01:56:156] [INFO]: [SOCKET] User connected: Krishna Shelar (8e2089f4-e03a-4dc3-8eb0-4ed4771a785e) - Socket: Dm33MATKX2EgPVtLAAAD
[2026-06-15 23:02:04:24] [INFO]: ==================================================
[2026-06-15 23:02:04:24] [INFO]: 🚀 TKS API Server with Socket.IO is running on port: 5000
[2026-06-15 23:02:04:24] [INFO]: 🔐 Bypass MS Auth status: false
[2026-06-15 23:02:04:24] [INFO]: ==================================================
[2026-06-15 23:02:06:26] [INFO]: [SOCKET] User connected: Krishna Shelar (8e2089f4-e03a-4dc3-8eb0-4ed4771a785e) - Socket: K0ZKRMfLGWKKJ-zTAAAC
[2026-06-15 23:02:06:26] [INFO]: [SOCKET] User connected: Krishna Shelar (8e2089f4-e03a-4dc3-8eb0-4ed4771a785e) - Socket: b5Y184T2dh7JFw-FAAAD
[2026-06-15 23:02:23:223] [INFO]: ==================================================
[2026-06-15 23:02:23:223] [INFO]: 🚀 TKS API Server with Socket.IO is running on port: 5000
[2026-06-15 23:02:23:223] [INFO]: 🔐 Bypass MS Auth status: false
[2026-06-15 23:02:23:223] [INFO]: ==================================================
[2026-06-15 23:02:24:224] [INFO]: [SOCKET] User connected: Krishna Shelar (8e2089f4-e03a-4dc3-8eb0-4ed4771a785e) - Socket: 7dTHtE7h69Z2QksTAAAC
[2026-06-15 23:02:24:224] [INFO]: [SOCKET] User connected: Krishna Shelar (8e2089f4-e03a-4dc3-8eb0-4ed4771a785e) - Socket: 5T3y5c1fRda69LvNAAAD
[2026-06-15 23:08:19:819] [INFO]: POST /api/auth/microsoft 400 45 - 24.915 ms
[2026-06-15 23:08:34:834] [INFO]: ==================================================
[2026-06-15 23:08:34:834] [INFO]: 🚀 TKS API Server with Socket.IO is running on port: 5000
[2026-06-15 23:08:34:834] [INFO]: 🔐 Bypass MS Auth status: true
[2026-06-15 23:08:34:834] [INFO]: ==================================================
[2026-06-15 23:08:45:845] [INFO]: [SOCKET] User connected: Krishna Shelar (8e2089f4-e03a-4dc3-8eb0-4ed4771a785e) - Socket: wii4-YdcfFE8Msp3AAAC
[2026-06-15 23:08:49:849] [INFO]: POST /api/auth/microsoft 403 156 - 55.322 ms
[2026-06-15 23:09:14:914] [INFO]: ==================================================
[2026-06-15 23:09:14:914] [INFO]: 🚀 TKS API Server with Socket.IO is running on port: 5000
[2026-06-15 23:09:14:914] [INFO]: 🔐 Bypass MS Auth status: true
[2026-06-15 23:09:14:914] [INFO]: ==================================================
[2026-06-15 23:09:28:928] [INFO]: POST /api/auth/microsoft 200 44338 - 65.618 ms
[2026-06-15 23:09:28:928] [INFO]: GET /api/users/all 200 49992 - 31.412 ms
[2026-06-15 23:09:28:928] [INFO]: GET /api/products 200 1826 - 5.955 ms
[2026-06-15 23:09:28:928] [INFO]: POST /api/users/all 201 248 - 30.946 ms
[2026-06-15 23:09:28:928] [INFO]: POST /api/auth/microsoft 200 479 - 4.680 ms
[2026-06-15 23:09:28:928] [INFO]: POST /api/products 201 198 - 17.680 ms
[2026-06-15 23:09:28:928] [INFO]: [NOTIFICATION SERVICE] Creating notification for user 737548a6-51e7-4ad9-bc2c-e530241f016a: "Feature Assigned"
[2026-06-15 23:09:28:928] [INFO]: [SOCKET] Emitting event "notification" to user room 737548a6-51e7-4ad9-bc2c-e530241f016a
[2026-06-15 23:09:28:928] [INFO]: POST /api/features 201 520 - 90.019 ms
[2026-06-15 23:09:28:928] [INFO]: [NOTIFICATION SERVICE] Creating notification for user 737548a6-51e7-4ad9-bc2c-e530241f016a: "User Story Assigned"
[2026-06-15 23:09:28:928] [INFO]: [SOCKET] Emitting event "notification" to user room 737548a6-51e7-4ad9-bc2c-e530241f016a
[2026-06-15 23:09:28:928] [INFO]: POST /api/user-stories 201 625 - 53.514 ms
[2026-06-15 23:09:29:929] [INFO]: [NOTIFICATION SERVICE] Creating notification for user 0cfb33a1-f258-4f4e-ba2b-6aba90e71ab9: "CRITICAL: User Story Deleted"
[2026-06-15 23:09:29:929] [INFO]: [SOCKET] Emitting event "notification" to user room 0cfb33a1-f258-4f4e-ba2b-6aba90e71ab9
[2026-06-15 23:09:29:929] [INFO]: [NOTIFICATION SERVICE] Creating notification for user 1a1e16b2-21c6-4014-ae15-ecaeca3a3ee6: "CRITICAL: User Story Deleted"
[2026-06-15 23:09:29:929] [INFO]: [SOCKET] Emitting event "notification" to user room 1a1e16b2-21c6-4014-ae15-ecaeca3a3ee6
[2026-06-15 23:09:29:929] [INFO]: [NOTIFICATION SERVICE] Creating notification for user 2c591a04-429a-425c-88fe-cdf53da2e6d1: "CRITICAL: User Story Deleted"
[2026-06-15 23:09:29:929] [INFO]: [SOCKET] Emitting event "notification" to user room 2c591a04-429a-425c-88fe-cdf53da2e6d1
[2026-06-15 23:09:29:929] [INFO]: [NOTIFICATION SERVICE] Creating notification for user 8e2089f4-e03a-4dc3-8eb0-4ed4771a785e: "CRITICAL: User Story Deleted"
[2026-06-15 23:09:29:929] [INFO]: [SOCKET] Emitting event "notification" to user room 8e2089f4-e03a-4dc3-8eb0-4ed4771a785e
[2026-06-15 23:09:29:929] [INFO]: [NOTIFICATION SERVICE] Creating notification for user 95aae185-fd50-4e67-b1ad-1c20b87570b9: "CRITICAL: User Story Deleted"
[2026-06-15 23:09:29:929] [INFO]: [SOCKET] Emitting event "notification" to user room 95aae185-fd50-4e67-b1ad-1c20b87570b9
[2026-06-15 23:09:29:929] [INFO]: [NOTIFICATION SERVICE] Creating notification for user c5752f1e-c6b3-4013-ab0d-7bb2eeee75d5: "CRITICAL: User Story Deleted"
[2026-06-15 23:09:29:929] [INFO]: [SOCKET] Emitting event "notification" to user room c5752f1e-c6b3-4013-ab0d-7bb2eeee75d5
[2026-06-15 23:09:29:929] [INFO]: DELETE /api/user-stories/8d88757e-0c36-4351-b24e-1b20e1c482e8 200 46 - 139.817 ms
[2026-06-15 23:09:29:929] [INFO]: [NOTIFICATION SERVICE] Creating notification for user 0cfb33a1-f258-4f4e-ba2b-6aba90e71ab9: "CRITICAL: Feature Deleted"
[2026-06-15 23:09:29:929] [INFO]: [SOCKET] Emitting event "notification" to user room 0cfb33a1-f258-4f4e-ba2b-6aba90e71ab9
[2026-06-15 23:09:29:929] [INFO]: [NOTIFICATION SERVICE] Creating notification for user 1a1e16b2-21c6-4014-ae15-ecaeca3a3ee6: "CRITICAL: Feature Deleted"
[2026-06-15 23:09:29:929] [INFO]: [SOCKET] Emitting event "notification" to user room 1a1e16b2-21c6-4014-ae15-ecaeca3a3ee6
[2026-06-15 23:09:29:929] [INFO]: [NOTIFICATION SERVICE] Creating notification for user 2c591a04-429a-425c-88fe-cdf53da2e6d1: "CRITICAL: Feature Deleted"
[2026-06-15 23:09:29:929] [INFO]: [SOCKET] Emitting event "notification" to user room 2c591a04-429a-425c-88fe-cdf53da2e6d1
[2026-06-15 23:09:29:929] [INFO]: [NOTIFICATION SERVICE] Creating notification for user 8e2089f4-e03a-4dc3-8eb0-4ed4771a785e: "CRITICAL: Feature Deleted"
[2026-06-15 23:09:29:929] [INFO]: [SOCKET] Emitting event "notification" to user room 8e2089f4-e03a-4dc3-8eb0-4ed4771a785e
[2026-06-15 23:09:29:929] [INFO]: [NOTIFICATION SERVICE] Creating notification for user 95aae185-fd50-4e67-b1ad-1c20b87570b9: "CRITICAL: Feature Deleted"
[2026-06-15 23:09:29:929] [INFO]: [SOCKET] Emitting event "notification" to user room 95aae185-fd50-4e67-b1ad-1c20b87570b9
[2026-06-15 23:09:29:929] [INFO]: [NOTIFICATION SERVICE] Creating notification for user c5752f1e-c6b3-4013-ab0d-7bb2eeee75d5: "CRITICAL: Feature Deleted"
[2026-06-15 23:09:29:929] [INFO]: [SOCKET] Emitting event "notification" to user room c5752f1e-c6b3-4013-ab0d-7bb2eeee75d5
[2026-06-15 23:09:29:929] [INFO]: DELETE /api/features/26b0377a-7f62-462d-9a6c-7d1932560d1e 200 43 - 116.500 ms
[2026-06-15 23:09:29:929] [INFO]: DELETE /api/products/8845ec1b-7d98-40c8-8d06-48a44a48cab1 200 43 - 21.502 ms
[2026-06-15 23:09:29:929] [INFO]: DELETE /api/users/all/737548a6-51e7-4ad9-bc2c-e530241f016a 200 40 - 27.822 ms
[2026-06-15 23:09:49:949] [INFO]: ==================================================
[2026-06-15 23:09:49:949] [INFO]: 🚀 TKS API Server with Socket.IO is running on port: 5000
[2026-06-15 23:09:49:949] [INFO]: 🔐 Bypass MS Auth status: false
[2026-06-15 23:09:49:949] [INFO]: ==================================================
[2026-06-15 23:10:02:102] [INFO]: [SOCKET] User connected: Krishna Shelar (8e2089f4-e03a-4dc3-8eb0-4ed4771a785e) - Socket: EwsTDC1wbE5QEjsgAAAB
[2026-06-15 23:10:03:103] [INFO]: [SOCKET] User connected: Krishna Shelar (8e2089f4-e03a-4dc3-8eb0-4ed4771a785e) - Socket: sayAmlTXBqjYgwsAAAAD
[2026-06-15 23:10:35:1035] [INFO]: [SOCKET] User disconnected: Krishna Shelar (8e2089f4-e03a-4dc3-8eb0-4ed4771a785e) - Socket: EwsTDC1wbE5QEjsgAAAB
[2026-06-15 23:10:35:1035] [INFO]: [SOCKET] User disconnected: Krishna Shelar (8e2089f4-e03a-4dc3-8eb0-4ed4771a785e) - Socket: sayAmlTXBqjYgwsAAAAD
[2026-06-15 23:10:38:1038] [INFO]: OPTIONS /api/products 204 0 - 3.941 ms
[2026-06-15 23:10:39:1039] [INFO]: OPTIONS /api/products 204 0 - 0.469 ms
[2026-06-15 23:10:39:1039] [INFO]: [SOCKET] User connected: Krishna Shelar (8e2089f4-e03a-4dc3-8eb0-4ed4771a785e) - Socket: QSw5PVTfswkqLgozAAAG
[2026-06-15 23:10:39:1039] [INFO]: [SOCKET] User connected: Krishna Shelar (8e2089f4-e03a-4dc3-8eb0-4ed4771a785e) - Socket: Rl5w5rBh9nYzF0mPAAAH
[2026-06-15 23:10:39:1039] [INFO]: GET /api/products 304 - - 175.197 ms
[2026-06-15 23:10:39:1039] [INFO]: GET /api/products 304 - - 16.940 ms
[2026-06-15 23:10:39:1039] [INFO]: OPTIONS /api/products/69f411d7-819a-4809-8f68-96f88b7cd1cc/status 204 0 - 0.354 ms
[2026-06-15 23:10:39:1039] [INFO]: OPTIONS /api/users 204 0 - 0.353 ms
[2026-06-15 23:10:39:1039] [INFO]: OPTIONS /api/users 204 0 - 0.259 ms
[2026-06-15 23:10:39:1039] [INFO]: GET /api/users 304 - - 44.269 ms
[2026-06-15 23:10:39:1039] [INFO]: GET /api/products/69f411d7-819a-4809-8f68-96f88b7cd1cc/status 304 - - 92.610 ms
[2026-06-15 23:10:39:1039] [INFO]: GET /api/users 304 - - 17.677 ms
[2026-06-15 23:10:39:1039] [INFO]: GET /api/products/69f411d7-819a-4809-8f68-96f88b7cd1cc/status 304 - - 22.856 ms
[2026-06-15 23:10:39:1039] [INFO]: GET /api/products/69f411d7-819a-4809-8f68-96f88b7cd1cc/status 304 - - 38.004 ms
[2026-06-15 23:10:50:1050] [INFO]: OPTIONS /api/users/all 204 0 - 0.301 ms
[2026-06-15 23:10:50:1050] [INFO]: OPTIONS /api/users/all 204 0 - 0.279 ms
[2026-06-15 23:10:50:1050] [INFO]: OPTIONS /api/products 204 0 - 0.281 ms
[2026-06-15 23:10:50:1050] [INFO]: OPTIONS /api/products 204 0 - 0.297 ms
[2026-06-15 23:10:50:1050] [INFO]: GET /api/products 304 - - 7.741 ms
[2026-06-15 23:10:50:1050] [INFO]: GET /api/products 304 - - 11.059 ms
[2026-06-15 23:10:50:1050] [INFO]: GET /api/users/all 304 - - 51.077 ms
[2026-06-15 23:10:50:1050] [INFO]: GET /api/users/all 304 - - 23.491 ms
[2026-06-15 23:11:02:112] [INFO]: [SOCKET] User disconnected: Krishna Shelar (8e2089f4-e03a-4dc3-8eb0-4ed4771a785e) - Socket: QSw5PVTfswkqLgozAAAG
[2026-06-15 23:11:02:112] [INFO]: [SOCKET] User disconnected: Krishna Shelar (8e2089f4-e03a-4dc3-8eb0-4ed4771a785e) - Socket: Rl5w5rBh9nYzF0mPAAAH
[2026-06-15 23:11:02:112] [INFO]: OPTIONS /api/products 204 0 - 0.390 ms
[2026-06-15 23:11:02:112] [INFO]: OPTIONS /api/products 204 0 - 0.295 ms
[2026-06-15 23:11:02:112] [INFO]: GET /api/products 304 - - 10.865 ms
[2026-06-15 23:11:02:112] [INFO]: [SOCKET] User connected: Krishna Shelar (8e2089f4-e03a-4dc3-8eb0-4ed4771a785e) - Socket: 5Ow1GW6tpGRf6J7FAAAK
[2026-06-15 23:11:02:112] [INFO]: [SOCKET] User connected: Krishna Shelar (8e2089f4-e03a-4dc3-8eb0-4ed4771a785e) - Socket: _gyhs2JonKpQ6wgsAAAL
[2026-06-15 23:11:02:112] [INFO]: GET /api/products 304 - - 18.536 ms
[2026-06-15 23:11:02:112] [INFO]: OPTIONS /api/products/69f411d7-819a-4809-8f68-96f88b7cd1cc/status 204 0 - 0.260 ms
[2026-06-15 23:11:02:112] [INFO]: OPTIONS /api/users 204 0 - 0.158 ms
[2026-06-15 23:11:02:112] [INFO]: GET /api/users 304 - - 9.884 ms
[2026-06-15 23:11:02:112] [INFO]: GET /api/products/69f411d7-819a-4809-8f68-96f88b7cd1cc/status 304 - - 17.893 ms
[2026-06-15 23:11:02:112] [INFO]: GET /api/users 304 - - 16.761 ms
[2026-06-15 23:11:02:112] [INFO]: GET /api/products/69f411d7-819a-4809-8f68-96f88b7cd1cc/status 304 - - 21.155 ms
[2026-06-15 23:11:02:112] [INFO]: GET /api/products/69f411d7-819a-4809-8f68-96f88b7cd1cc/status 304 - - 10.195 ms
[2026-06-15 23:11:05:115] [INFO]: OPTIONS /api/users/all 204 0 - 0.183 ms
[2026-06-15 23:11:05:115] [INFO]: OPTIONS /api/users/all 204 0 - 0.095 ms
[2026-06-15 23:11:05:115] [INFO]: GET /api/products 304 - - 5.871 ms
[2026-06-15 23:11:05:115] [INFO]: GET /api/products 304 - - 4.858 ms
[2026-06-15 23:11:05:115] [INFO]: GET /api/users/all 304 - - 19.522 ms
[2026-06-15 23:11:05:115] [INFO]: GET /api/users/all 304 - - 21.708 ms
[2026-06-15 23:12:51:1251] [INFO]: ==================================================
[2026-06-15 23:12:51:1251] [INFO]: 🚀 TKS API Server with Socket.IO is running on port: 5000
[2026-06-15 23:12:51:1251] [INFO]: 🔐 Bypass MS Auth status: false
[2026-06-15 23:12:51:1251] [INFO]: ==================================================
[2026-06-15 23:12:52:1252] [INFO]: [SOCKET] User connected: Krishna Shelar (8e2089f4-e03a-4dc3-8eb0-4ed4771a785e) - Socket: iMNU4BcRXWn4kNbQAAAC
[2026-06-15 23:12:52:1252] [INFO]: [SOCKET] User connected: Krishna Shelar (8e2089f4-e03a-4dc3-8eb0-4ed4771a785e) - Socket: 7UxljnuEDV2ZoqZnAAAD
[2026-06-15 23:12:57:1257] [INFO]: ==================================================
[2026-06-15 23:12:57:1257] [INFO]: 🚀 TKS API Server with Socket.IO is running on port: 5000
[2026-06-15 23:12:57:1257] [INFO]: 🔐 Bypass MS Auth status: false
[2026-06-15 23:12:57:1257] [INFO]: ==================================================
[2026-06-15 23:12:59:1259] [INFO]: [SOCKET] User connected: Krishna Shelar (8e2089f4-e03a-4dc3-8eb0-4ed4771a785e) - Socket: GCaTYo_ykU8KGE8rAAAB
[2026-06-15 23:13:00:130] [INFO]: [SOCKET] User connected: Krishna Shelar (8e2089f4-e03a-4dc3-8eb0-4ed4771a785e) - Socket: j75Q96qy6tCBpSBfAAAD
[2026-06-15 23:13:24:1324] [INFO]: OPTIONS /api/features?productId=69f411d7-819a-4809-8f68-96f88b7cd1cc 204 0 - 2.027 ms
[2026-06-15 23:13:24:1324] [INFO]: OPTIONS /api/users 204 0 - 0.303 ms
[2026-06-15 23:13:24:1324] [INFO]: OPTIONS /api/features?productId=69f411d7-819a-4809-8f68-96f88b7cd1cc 204 0 - 0.425 ms
[2026-06-15 23:13:24:1324] [INFO]: OPTIONS /api/users 204 0 - 0.185 ms
[2026-06-15 23:13:24:1324] [INFO]: GET /api/users 304 - - 150.362 ms
[2026-06-15 23:13:24:1324] [INFO]: GET /api/users 304 - - 8.614 ms
[2026-06-15 23:13:24:1324] [INFO]: GET /api/features?productId=69f411d7-819a-4809-8f68-96f88b7cd1cc 304 - - 151.257 ms
[2026-06-15 23:13:24:1324] [INFO]: GET /api/features?productId=69f411d7-819a-4809-8f68-96f88b7cd1cc 304 - - 65.938 ms
[2026-06-15 23:15:45:1545] [INFO]: OPTIONS /api/users/all 204 0 - 0.376 ms
[2026-06-15 23:15:45:1545] [INFO]: OPTIONS /api/products 204 0 - 0.269 ms
[2026-06-15 23:15:45:1545] [INFO]: OPTIONS /api/users/all 204 0 - 0.277 ms
[2026-06-15 23:15:45:1545] [INFO]: OPTIONS /api/products 204 0 - 0.184 ms
[2026-06-15 23:15:45:1545] [INFO]: GET /api/products 304 - - 6.042 ms
[2026-06-15 23:15:45:1545] [INFO]: GET /api/products 304 - - 9.075 ms
[2026-06-15 23:15:45:1545] [INFO]: GET /api/users/all 304 - - 54.596 ms
[2026-06-15 23:15:45:1545] [INFO]: GET /api/users/all 304 - - 38.249 ms
[2026-06-15 23:16:02:162] [INFO]: ==================================================
[2026-06-15 23:16:02:162] [INFO]: 🚀 TKS API Server with Socket.IO is running on port: 5000
[2026-06-15 23:16:02:162] [INFO]: 🔐 Bypass MS Auth status: false
[2026-06-15 23:16:02:162] [INFO]: ==================================================
[2026-06-15 23:16:03:163] [INFO]: [SOCKET] User connected: Krishna Shelar (8e2089f4-e03a-4dc3-8eb0-4ed4771a785e) - Socket: -eO3NTnpvCgNP6v5AAAC
[2026-06-15 23:16:03:163] [INFO]: [SOCKET] User connected: Krishna Shelar (8e2089f4-e03a-4dc3-8eb0-4ed4771a785e) - Socket: 1oRr6rdaERLjX1MZAAAD
[2026-06-15 23:16:05:165] [INFO]: ==================================================
[2026-06-15 23:16:05:165] [INFO]: 🚀 TKS API Server with Socket.IO is running on port: 5000
[2026-06-15 23:16:05:165] [INFO]: 🔐 Bypass MS Auth status: false
[2026-06-15 23:16:05:165] [INFO]: ==================================================
[2026-06-15 23:16:06:166] [INFO]: [SOCKET] User connected: Krishna Shelar (8e2089f4-e03a-4dc3-8eb0-4ed4771a785e) - Socket: sI_DuVQB9GalGN7MAAAB
[2026-06-15 23:16:07:167] [INFO]: [SOCKET] User connected: Krishna Shelar (8e2089f4-e03a-4dc3-8eb0-4ed4771a785e) - Socket: BiTd8clu3wsbt2mwAAAD
[2026-06-15 23:16:18:1618] [INFO]: ==================================================
[2026-06-15 23:16:18:1618] [INFO]: 🚀 TKS API Server with Socket.IO is running on port: 5000
[2026-06-15 23:16:18:1618] [INFO]: 🔐 Bypass MS Auth status: false
[2026-06-15 23:16:18:1618] [INFO]: ==================================================
[2026-06-15 23:16:20:1620] [INFO]: [SOCKET] User connected: Krishna Shelar (8e2089f4-e03a-4dc3-8eb0-4ed4771a785e) - Socket: VozJqsyHmKClYytcAAAB
[2026-06-15 23:16:21:1621] [INFO]: [SOCKET] User connected: Krishna Shelar (8e2089f4-e03a-4dc3-8eb0-4ed4771a785e) - Socket: F5yRQjQJ6aTyVr_TAAAD
[2026-06-15 23:16:56:1656] [INFO]: [SOCKET] User disconnected: Krishna Shelar (8e2089f4-e03a-4dc3-8eb0-4ed4771a785e) - Socket: F5yRQjQJ6aTyVr_TAAAD
[2026-06-15 23:16:56:1656] [INFO]: [SOCKET] User disconnected: Krishna Shelar (8e2089f4-e03a-4dc3-8eb0-4ed4771a785e) - Socket: VozJqsyHmKClYytcAAAB
[2026-06-15 23:16:57:1657] [INFO]: OPTIONS /api/products 204 0 - 5.156 ms
[2026-06-15 23:16:57:1657] [INFO]: OPTIONS /api/products 204 0 - 0.455 ms
[2026-06-15 23:16:57:1657] [INFO]: [SOCKET] User connected: Krishna Shelar (8e2089f4-e03a-4dc3-8eb0-4ed4771a785e) - Socket: YqnKzPqTcW9dw4rBAAAG
[2026-06-15 23:16:57:1657] [INFO]: [SOCKET] User connected: Krishna Shelar (8e2089f4-e03a-4dc3-8eb0-4ed4771a785e) - Socket: Vk9vXsyAwbDiPIvXAAAH
[2026-06-15 23:16:57:1657] [INFO]: GET /api/products 304 - - 201.467 ms
[2026-06-15 23:16:57:1657] [INFO]: GET /api/products 304 - - 12.839 ms
[2026-06-15 23:16:57:1657] [INFO]: OPTIONS /api/products/69f411d7-819a-4809-8f68-96f88b7cd1cc/status 204 0 - 0.400 ms
[2026-06-15 23:16:57:1657] [INFO]: OPTIONS /api/users 204 0 - 0.470 ms
[2026-06-15 23:16:57:1657] [INFO]: OPTIONS /api/users 204 0 - 0.461 ms
[2026-06-15 23:16:57:1657] [INFO]: GET /api/users 304 - - 17.846 ms
[2026-06-15 23:16:57:1657] [INFO]: GET /api/products/69f411d7-819a-4809-8f68-96f88b7cd1cc/status 304 - - 46.709 ms
[2026-06-15 23:16:57:1657] [INFO]: GET /api/users 304 - - 18.965 ms
[2026-06-15 23:16:57:1657] [INFO]: GET /api/products/69f411d7-819a-4809-8f68-96f88b7cd1cc/status 304 - - 22.067 ms
[2026-06-15 23:16:57:1657] [INFO]: GET /api/products/69f411d7-819a-4809-8f68-96f88b7cd1cc/status 304 - - 20.538 ms
[2026-06-15 23:17:03:173] [INFO]: OPTIONS /api/users/all 204 0 - 0.289 ms
[2026-06-15 23:17:03:173] [INFO]: OPTIONS /api/products 204 0 - 0.157 ms
[2026-06-15 23:17:03:173] [INFO]: OPTIONS /api/users/all 204 0 - 0.244 ms
[2026-06-15 23:17:03:173] [INFO]: OPTIONS /api/products 204 0 - 0.138 ms
[2026-06-15 23:17:03:173] [INFO]: GET /api/products 304 - - 4.506 ms
[2026-06-15 23:17:03:173] [INFO]: GET /api/products 304 - - 4.088 ms
[2026-06-15 23:17:03:173] [INFO]: GET /api/users/all 200 49991 - 24.716 ms
[2026-06-15 23:17:04:174] [INFO]: GET /api/users/all 304 - - 23.201 ms
[2026-06-15 23:17:16:1716] [INFO]: OPTIONS /api/users/all/8e2089f4-e03a-4dc3-8eb0-4ed4771a785e 204 0 - 0.207 ms
[2026-06-15 23:17:16:1716] [INFO]: PUT /api/users/all/8e2089f4-e03a-4dc3-8eb0-4ed4771a785e 400 69 - 64.174 ms
[2026-06-15 23:17:27:1727] [INFO]: OPTIONS /api/users/all/8e2089f4-e03a-4dc3-8eb0-4ed4771a785e 204 0 - 0.153 ms
[2026-06-15 23:17:27:1727] [INFO]: PUT /api/users/all/8e2089f4-e03a-4dc3-8eb0-4ed4771a785e 400 69 - 8.869 ms
[2026-06-15 23:19:50:1950] [INFO]: ==================================================
[2026-06-15 23:19:50:1950] [INFO]: 🚀 TKS API Server with Socket.IO is running on port: 5000
[2026-06-15 23:19:50:1950] [INFO]: 🔐 Bypass MS Auth status: false
[2026-06-15 23:19:50:1950] [INFO]: ==================================================
[2026-06-15 23:19:51:1951] [INFO]: [SOCKET] User connected: Krishna Shelar (8e2089f4-e03a-4dc3-8eb0-4ed4771a785e) - Socket: 7T0-J3LUid65p6g-AAAB
[2026-06-15 23:19:52:1952] [INFO]: [SOCKET] User connected: Krishna Shelar (8e2089f4-e03a-4dc3-8eb0-4ed4771a785e) - Socket: OnTa3slpWQ-z_7ZVAAAD
[2026-06-15 23:20:57:2057] [INFO]: [SOCKET] User disconnected: Krishna Shelar (8e2089f4-e03a-4dc3-8eb0-4ed4771a785e) - Socket: OnTa3slpWQ-z_7ZVAAAD
[2026-06-15 23:20:57:2057] [INFO]: [SOCKET] User disconnected: Krishna Shelar (8e2089f4-e03a-4dc3-8eb0-4ed4771a785e) - Socket: 7T0-J3LUid65p6g-AAAB
[2026-06-15 23:20:57:2057] [INFO]: OPTIONS /api/products 204 0 - 4.920 ms
[2026-06-15 23:20:57:2057] [INFO]: OPTIONS /api/products 204 0 - 0.337 ms
[2026-06-15 23:20:57:2057] [INFO]: [SOCKET] User connected: Krishna Shelar (8e2089f4-e03a-4dc3-8eb0-4ed4771a785e) - Socket: DNjgxOONC4GF8PYMAAAG
[2026-06-15 23:20:57:2057] [INFO]: [SOCKET] User connected: Krishna Shelar (8e2089f4-e03a-4dc3-8eb0-4ed4771a785e) - Socket: EzaIhLe_mr0qn3ghAAAH
[2026-06-15 23:20:57:2057] [INFO]: GET /api/products 304 - - 147.839 ms
[2026-06-15 23:20:57:2057] [INFO]: GET /api/products 304 - - 16.176 ms
[2026-06-15 23:20:57:2057] [INFO]: OPTIONS /api/products/69f411d7-819a-4809-8f68-96f88b7cd1cc/status 204 0 - 0.561 ms
[2026-06-15 23:20:57:2057] [INFO]: OPTIONS /api/users 204 0 - 0.497 ms
[2026-06-15 23:20:57:2057] [INFO]: OPTIONS /api/users 204 0 - 0.610 ms
[2026-06-15 23:20:57:2057] [INFO]: OPTIONS /api/products/69f411d7-819a-4809-8f68-96f88b7cd1cc/status 204 0 - 1.258 ms
[2026-06-15 23:20:57:2057] [INFO]: GET /api/users 304 - - 42.595 ms
[2026-06-15 23:20:57:2057] [INFO]: GET /api/products/69f411d7-819a-4809-8f68-96f88b7cd1cc/status 304 - - 36.179 ms
[2026-06-15 23:20:57:2057] [INFO]: GET /api/users 304 - - 11.231 ms
[2026-06-15 23:20:57:2057] [INFO]: GET /api/products/69f411d7-819a-4809-8f68-96f88b7cd1cc/status 304 - - 13.117 ms
[2026-06-15 23:20:57:2057] [INFO]: GET /api/products/69f411d7-819a-4809-8f68-96f88b7cd1cc/status 304 - - 25.833 ms
[2026-06-15 23:21:00:210] [INFO]: OPTIONS /api/users/all 204 0 - 0.303 ms
[2026-06-15 23:21:00:210] [INFO]: OPTIONS /api/users/all 204 0 - 0.253 ms
[2026-06-15 23:21:00:210] [INFO]: GET /api/products 304 - - 9.541 ms
[2026-06-15 23:21:00:210] [INFO]: GET /api/products 304 - - 28.600 ms
[2026-06-15 23:21:00:210] [INFO]: GET /api/users/all 304 - - 45.969 ms
[2026-06-15 23:21:00:210] [INFO]: GET /api/users/all 304 - - 30.061 ms
[2026-06-15 23:21:23:2123] [INFO]: OPTIONS /api/users/all/8e2089f4-e03a-4dc3-8eb0-4ed4771a785e 204 0 - 0.260 ms
[2026-06-15 23:21:23:2123] [INFO]: PUT /api/users/all/8e2089f4-e03a-4dc3-8eb0-4ed4771a785e 200 44183 - 154.012 ms
[2026-06-15 23:22:21:2221] [INFO]: OPTIONS /api/users/all/95aae185-fd50-4e67-b1ad-1c20b87570b9 204 0 - 0.211 ms
[2026-06-15 23:22:21:2221] [INFO]: PUT /api/users/all/95aae185-fd50-4e67-b1ad-1c20b87570b9 200 286 - 26.971 ms
[2026-06-15 23:23:17:2317] [INFO]: OPTIONS /api/features?productId=69f411d7-819a-4809-8f68-96f88b7cd1cc 204 0 - 0.155 ms
[2026-06-15 23:23:17:2317] [INFO]: OPTIONS /api/users 204 0 - 0.210 ms
[2026-06-15 23:23:17:2317] [INFO]: OPTIONS /api/features?productId=69f411d7-819a-4809-8f68-96f88b7cd1cc 204 0 - 0.101 ms
[2026-06-15 23:23:17:2317] [INFO]: OPTIONS /api/users 204 0 - 0.092 ms
[2026-06-15 23:23:17:2317] [INFO]: GET /api/features?productId=69f411d7-819a-4809-8f68-96f88b7cd1cc 200 1775727 - 70.941 ms
[2026-06-15 23:23:17:2317] [INFO]: GET /api/users 304 - - 65.442 ms
[2026-06-15 23:23:17:2317] [INFO]: GET /api/users 304 - - 9.027 ms
[2026-06-15 23:23:18:2318] [INFO]: GET /api/features?productId=69f411d7-819a-4809-8f68-96f88b7cd1cc 304 - - 92.683 ms
[2026-06-15 23:23:18:2318] [INFO]: OPTIONS /api/products/69f411d7-819a-4809-8f68-96f88b7cd1cc/status 204 0 - 0.494 ms
[2026-06-15 23:23:18:2318] [INFO]: OPTIONS /api/products/69f411d7-819a-4809-8f68-96f88b7cd1cc/status 204 0 - 0.145 ms
[2026-06-15 23:23:18:2318] [INFO]: GET /api/users 304 - - 10.148 ms
[2026-06-15 23:23:18:2318] [INFO]: GET /api/products/69f411d7-819a-4809-8f68-96f88b7cd1cc/status 304 - - 18.268 ms
[2026-06-15 23:23:18:2318] [INFO]: GET /api/users 304 - - 5.577 ms
[2026-06-15 23:23:18:2318] [INFO]: GET /api/products/69f411d7-819a-4809-8f68-96f88b7cd1cc/status 304 - - 8.005 ms
[2026-06-15 23:23:28:2328] [INFO]: OPTIONS /api/features?productId=69f411d7-819a-4809-8f68-96f88b7cd1cc 204 0 - 0.223 ms
[2026-06-15 23:23:28:2328] [INFO]: OPTIONS /api/features?productId=69f411d7-819a-4809-8f68-96f88b7cd1cc 204 0 - 0.167 ms
[2026-06-15 23:23:28:2328] [INFO]: OPTIONS /api/users 204 0 - 0.145 ms
[2026-06-15 23:23:28:2328] [INFO]: OPTIONS /api/users 204 0 - 0.099 ms
[2026-06-15 23:23:28:2328] [INFO]: GET /api/users 304 - - 13.338 ms
[2026-06-15 23:23:28:2328] [INFO]: GET /api/users 304 - - 11.715 ms
[2026-06-15 23:23:28:2328] [INFO]: GET /api/features?productId=69f411d7-819a-4809-8f68-96f88b7cd1cc 304 - - 110.444 ms
[2026-06-15 23:23:29:2329] [INFO]: GET /api/features?productId=69f411d7-819a-4809-8f68-96f88b7cd1cc 304 - - 135.755 ms
[2026-06-15 23:25:49:2549] [INFO]: [SOCKET] User disconnected: Krishna Shelar (8e2089f4-e03a-4dc3-8eb0-4ed4771a785e) - Socket: EzaIhLe_mr0qn3ghAAAH
[2026-06-15 23:25:49:2549] [INFO]: [SOCKET] User disconnected: Krishna Shelar (8e2089f4-e03a-4dc3-8eb0-4ed4771a785e) - Socket: DNjgxOONC4GF8PYMAAAG
[2026-06-15 23:25:50:2550] [INFO]: OPTIONS /api/products 204 0 - 0.167 ms
[2026-06-15 23:25:50:2550] [INFO]: OPTIONS /api/products 204 0 - 0.258 ms
[2026-06-15 23:25:50:2550] [INFO]: GET /api/products 304 - - 11.049 ms
[2026-06-15 23:25:50:2550] [INFO]: [SOCKET] User connected: Krishna Shelar (8e2089f4-e03a-4dc3-8eb0-4ed4771a785e) - Socket: bicwoziGh0N2eTeVAAAK
[2026-06-15 23:25:50:2550] [INFO]: GET /api/products 304 - - 14.787 ms
[2026-06-15 23:25:50:2550] [INFO]: [SOCKET] User connected: Krishna Shelar (8e2089f4-e03a-4dc3-8eb0-4ed4771a785e) - Socket: 081lV5KyFM421byfAAAL
[2026-06-15 23:25:50:2550] [INFO]: OPTIONS /api/products/69f411d7-819a-4809-8f68-96f88b7cd1cc/status 204 0 - 0.236 ms
[2026-06-15 23:25:50:2550] [INFO]: OPTIONS /api/users 204 0 - 0.671 ms
[2026-06-15 23:25:50:2550] [INFO]: OPTIONS /api/users 204 0 - 0.209 ms
[2026-06-15 23:25:50:2550] [INFO]: GET /api/products/69f411d7-819a-4809-8f68-96f88b7cd1cc/status 304 - - 49.058 ms
[2026-06-15 23:25:50:2550] [INFO]: GET /api/users 304 - - 22.451 ms
[2026-06-15 23:25:50:2550] [INFO]: GET /api/users 304 - - 24.122 ms
[2026-06-15 23:25:50:2550] [INFO]: GET /api/products/69f411d7-819a-4809-8f68-96f88b7cd1cc/status 304 - - 37.014 ms
[2026-06-15 23:25:50:2550] [INFO]: GET /api/products/69f411d7-819a-4809-8f68-96f88b7cd1cc/status 304 - - 15.603 ms
[2026-06-15 23:25:53:2553] [INFO]: OPTIONS /api/features?productId=69f411d7-819a-4809-8f68-96f88b7cd1cc 204 0 - 0.151 ms
[2026-06-15 23:25:53:2553] [INFO]: OPTIONS /api/features?productId=69f411d7-819a-4809-8f68-96f88b7cd1cc 204 0 - 0.316 ms
[2026-06-15 23:25:53:2553] [INFO]: GET /api/users 304 - - 5.458 ms
[2026-06-15 23:25:53:2553] [INFO]: GET /api/users 304 - - 5.272 ms
[2026-06-15 23:25:53:2553] [INFO]: GET /api/features?productId=69f411d7-819a-4809-8f68-96f88b7cd1cc 304 - - 54.562 ms
[2026-06-15 23:25:53:2553] [INFO]: GET /api/features?productId=69f411d7-819a-4809-8f68-96f88b7cd1cc 304 - - 110.695 ms
[2026-06-15 23:29:44:2944] [INFO]: [SOCKET] User disconnected: Krishna Shelar (8e2089f4-e03a-4dc3-8eb0-4ed4771a785e) - Socket: 081lV5KyFM421byfAAAL
[2026-06-15 23:29:45:2945] [INFO]: [SOCKET] User disconnected: Krishna Shelar (8e2089f4-e03a-4dc3-8eb0-4ed4771a785e) - Socket: bicwoziGh0N2eTeVAAAK
[2026-06-15 23:29:55:2955] [INFO]: OPTIONS /api/auth/microsoft 204 0 - 0.177 ms
[2026-06-15 23:29:56:2956] [INFO]: POST /api/auth/microsoft 200 44335 - 505.278 ms
[2026-06-15 23:29:56:2956] [INFO]: OPTIONS /api/products 204 0 - 0.167 ms
[2026-06-15 23:29:56:2956] [INFO]: OPTIONS /api/products 204 0 - 0.177 ms
[2026-06-15 23:29:56:2956] [INFO]: GET /api/products 304 - - 9.534 ms
[2026-06-15 23:29:56:2956] [INFO]: [SOCKET] User connected: Krishna Shelar (8e2089f4-e03a-4dc3-8eb0-4ed4771a785e) - Socket: d8o8DBYbdqTg-D-PAAAO
[2026-06-15 23:29:56:2956] [INFO]: [SOCKET] User connected: Krishna Shelar (8e2089f4-e03a-4dc3-8eb0-4ed4771a785e) - Socket: _a9Pp49GpADRqIdgAAAP
[2026-06-15 23:29:56:2956] [INFO]: GET /api/products 304 - - 18.874 ms
[2026-06-15 23:29:56:2956] [INFO]: OPTIONS /api/products/69f411d7-819a-4809-8f68-96f88b7cd1cc/status 204 0 - 0.172 ms
[2026-06-15 23:29:56:2956] [INFO]: OPTIONS /api/users 204 0 - 0.156 ms
[2026-06-15 23:29:56:2956] [INFO]: GET /api/users 304 - - 18.021 ms
[2026-06-15 23:29:56:2956] [INFO]: GET /api/products/69f411d7-819a-4809-8f68-96f88b7cd1cc/status 304 - - 49.245 ms
[2026-06-15 23:29:56:2956] [INFO]: GET /api/users 304 - - 13.964 ms
[2026-06-15 23:29:56:2956] [INFO]: GET /api/products/69f411d7-819a-4809-8f68-96f88b7cd1cc/status 304 - - 14.035 ms
[2026-06-15 23:29:56:2956] [INFO]: GET /api/products/69f411d7-819a-4809-8f68-96f88b7cd1cc/status 304 - - 11.950 ms
[2026-06-15 23:30:03:303] [INFO]: OPTIONS /api/features?productId=69f411d7-819a-4809-8f68-96f88b7cd1cc 204 0 - 0.149 ms
[2026-06-15 23:30:03:303] [INFO]: OPTIONS /api/users 204 0 - 0.129 ms
[2026-06-15 23:30:03:303] [INFO]: OPTIONS /api/features?productId=69f411d7-819a-4809-8f68-96f88b7cd1cc 204 0 - 0.163 ms
[2026-06-15 23:30:03:303] [INFO]: OPTIONS /api/users 204 0 - 0.087 ms
[2026-06-15 23:30:03:303] [INFO]: GET /api/users 304 - - 3.339 ms
[2026-06-15 23:30:03:303] [INFO]: GET /api/users 304 - - 6.931 ms
[2026-06-15 23:30:03:303] [INFO]: GET /api/features?productId=69f411d7-819a-4809-8f68-96f88b7cd1cc 304 - - 54.531 ms
[2026-06-15 23:30:03:303] [INFO]: GET /api/features?productId=69f411d7-819a-4809-8f68-96f88b7cd1cc 304 - - 114.986 ms
[2026-06-15 23:31:21:3121] [INFO]: [SOCKET] User disconnected: Krishna Shelar (8e2089f4-e03a-4dc3-8eb0-4ed4771a785e) - Socket: d8o8DBYbdqTg-D-PAAAO
[2026-06-15 23:31:21:3121] [INFO]: [SOCKET] User disconnected: Krishna Shelar (8e2089f4-e03a-4dc3-8eb0-4ed4771a785e) - Socket: _a9Pp49GpADRqIdgAAAP
[2026-06-15 23:31:29:3129] [INFO]: OPTIONS /api/products 204 0 - 0.145 ms
[2026-06-15 23:31:29:3129] [INFO]: GET /api/products 304 - - 7.660 ms
[2026-06-15 23:31:29:3129] [INFO]: GET /api/products 304 - - 4.191 ms
[2026-06-15 23:31:29:3129] [INFO]: [SOCKET] User connected: Krishna Shelar (8e2089f4-e03a-4dc3-8eb0-4ed4771a785e) - Socket: bS9f9-rgXC6jjMZCAAAS
[2026-06-15 23:31:30:3130] [INFO]: [SOCKET] User connected: Krishna Shelar (8e2089f4-e03a-4dc3-8eb0-4ed4771a785e) - Socket: KipPy-mtUdoxQJFxAAAT
[2026-06-15 23:31:31:3131] [INFO]: OPTIONS /api/products/69f411d7-819a-4809-8f68-96f88b7cd1cc/status 204 0 - 0.235 ms
[2026-06-15 23:31:31:3131] [INFO]: GET /api/products/69f411d7-819a-4809-8f68-96f88b7cd1cc/status 304 - - 8.568 ms
[2026-06-15 23:31:31:3131] [INFO]: OPTIONS /api/users 204 0 - 0.231 ms
[2026-06-15 23:31:31:3131] [INFO]: OPTIONS /api/users 204 0 - 0.071 ms
[2026-06-15 23:31:31:3131] [INFO]: GET /api/users 304 - - 4.779 ms
[2026-06-15 23:31:31:3131] [INFO]: GET /api/products/69f411d7-819a-4809-8f68-96f88b7cd1cc/status 304 - - 7.359 ms
[2026-06-15 23:31:31:3131] [INFO]: GET /api/users 304 - - 4.943 ms
[2026-06-15 23:31:31:3131] [INFO]: GET /api/products/69f411d7-819a-4809-8f68-96f88b7cd1cc/status 304 - - 6.321 ms
[2026-06-15 23:31:59:3159] [INFO]: OPTIONS /api/features?productId=69f411d7-819a-4809-8f68-96f88b7cd1cc 204 0 - 0.149 ms
[2026-06-15 23:31:59:3159] [INFO]: OPTIONS /api/users 204 0 - 0.257 ms
[2026-06-15 23:31:59:3159] [INFO]: OPTIONS /api/features?productId=69f411d7-819a-4809-8f68-96f88b7cd1cc 204 0 - 0.105 ms
[2026-06-15 23:31:59:3159] [INFO]: OPTIONS /api/users 204 0 - 0.205 ms
[2026-06-15 23:31:59:3159] [INFO]: GET /api/users 304 - - 6.776 ms
[2026-06-15 23:31:59:3159] [INFO]: GET /api/users 304 - - 10.226 ms
[2026-06-15 23:31:59:3159] [INFO]: GET /api/features?productId=69f411d7-819a-4809-8f68-96f88b7cd1cc 304 - - 72.882 ms
[2026-06-15 23:31:59:3159] [INFO]: GET /api/features?productId=69f411d7-819a-4809-8f68-96f88b7cd1cc 304 - - 101.819 ms
[2026-06-15 23:33:14:3314] [INFO]: ==================================================
[2026-06-15 23:33:14:3314] [INFO]: 🚀 TKS API Server with Socket.IO is running on port: 5000
[2026-06-15 23:33:14:3314] [INFO]: 🔐 Bypass MS Auth status: false
[2026-06-15 23:33:14:3314] [INFO]: ==================================================
[2026-06-15 23:33:14:3314] [INFO]: [SOCKET] User connected: Krishna Shelar (8e2089f4-e03a-4dc3-8eb0-4ed4771a785e) - Socket: tiENM3YYysmQ3wIeAAAC
[2026-06-15 23:33:14:3314] [INFO]: [SOCKET] User connected: Krishna Shelar (8e2089f4-e03a-4dc3-8eb0-4ed4771a785e) - Socket: qUCnlFvSt4KpiJziAAAD
[2026-06-15 23:35:19:3519] [INFO]: [SOCKET] User disconnected: Krishna Shelar (8e2089f4-e03a-4dc3-8eb0-4ed4771a785e) - Socket: tiENM3YYysmQ3wIeAAAC
[2026-06-15 23:35:19:3519] [INFO]: [SOCKET] User disconnected: Krishna Shelar (8e2089f4-e03a-4dc3-8eb0-4ed4771a785e) - Socket: qUCnlFvSt4KpiJziAAAD
[2026-06-15 23:35:20:3520] [INFO]: OPTIONS /api/products 204 0 - 5.380 ms
[2026-06-15 23:35:20:3520] [INFO]: OPTIONS /api/products 204 0 - 0.393 ms
[2026-06-15 23:35:20:3520] [INFO]: [SOCKET] User connected: Krishna Shelar (8e2089f4-e03a-4dc3-8eb0-4ed4771a785e) - Socket: TWLC1_qex064cNGLAAAG
[2026-06-15 23:35:20:3520] [INFO]: [SOCKET] User connected: Krishna Shelar (8e2089f4-e03a-4dc3-8eb0-4ed4771a785e) - Socket: vf64JbvjwBHgaBg3AAAH
[2026-06-15 23:35:20:3520] [INFO]: GET /api/products 304 - - 166.442 ms
[2026-06-15 23:35:20:3520] [INFO]: GET /api/products 304 - - 8.535 ms
[2026-06-15 23:35:20:3520] [INFO]: OPTIONS /api/products/69f411d7-819a-4809-8f68-96f88b7cd1cc/status 204 0 - 0.443 ms
[2026-06-15 23:35:20:3520] [INFO]: OPTIONS /api/users?productId=69f411d7-819a-4809-8f68-96f88b7cd1cc 204 0 - 3.952 ms
[2026-06-15 23:35:20:3520] [INFO]: OPTIONS /api/users?productId=69f411d7-819a-4809-8f68-96f88b7cd1cc 204 0 - 5.115 ms
[2026-06-15 23:35:20:3520] [INFO]: GET /api/users?productId=69f411d7-819a-4809-8f68-96f88b7cd1cc 200 44792 - 35.006 ms
[2026-06-15 23:35:20:3520] [INFO]: GET /api/products/69f411d7-819a-4809-8f68-96f88b7cd1cc/status 304 - - 109.541 ms
[2026-06-15 23:35:20:3520] [INFO]: GET /api/users?productId=69f411d7-819a-4809-8f68-96f88b7cd1cc 304 - - 37.738 ms
[2026-06-15 23:35:20:3520] [INFO]: GET /api/users?productId=69f411d7-819a-4809-8f68-96f88b7cd1cc 304 - - 19.783 ms
[2026-06-15 23:35:20:3520] [INFO]: GET /api/products/69f411d7-819a-4809-8f68-96f88b7cd1cc/status 304 - - 67.155 ms
[2026-06-15 23:35:20:3520] [INFO]: GET /api/products/69f411d7-819a-4809-8f68-96f88b7cd1cc/status 304 - - 20.899 ms
[2026-06-15 23:35:24:3524] [INFO]: OPTIONS /api/users/all 204 0 - 0.288 ms
[2026-06-15 23:35:24:3524] [INFO]: OPTIONS /api/users/all 204 0 - 0.272 ms
[2026-06-15 23:35:24:3524] [INFO]: GET /api/products 304 - - 16.908 ms
[2026-06-15 23:35:24:3524] [INFO]: GET /api/products 304 - - 18.535 ms
[2026-06-15 23:35:24:3524] [INFO]: GET /api/users/all 200 50066 - 55.466 ms
[2026-06-15 23:35:24:3524] [INFO]: GET /api/users/all 304 - - 29.083 ms
[2026-06-15 23:35:25:3525] [INFO]: OPTIONS /api/features?productId=69f411d7-819a-4809-8f68-96f88b7cd1cc 204 0 - 0.234 ms
[2026-06-15 23:35:25:3525] [INFO]: OPTIONS /api/features?productId=69f411d7-819a-4809-8f68-96f88b7cd1cc 204 0 - 0.250 ms
[2026-06-15 23:35:25:3525] [INFO]: GET /api/users?productId=69f411d7-819a-4809-8f68-96f88b7cd1cc 304 - - 10.164 ms
[2026-06-15 23:35:25:3525] [INFO]: GET /api/users?productId=69f411d7-819a-4809-8f68-96f88b7cd1cc 304 - - 12.856 ms
[2026-06-15 23:35:25:3525] [INFO]: GET /api/features?productId=69f411d7-819a-4809-8f68-96f88b7cd1cc 304 - - 93.990 ms
[2026-06-15 23:35:25:3525] [INFO]: GET /api/features?productId=69f411d7-819a-4809-8f68-96f88b7cd1cc 304 - - 103.939 ms
[2026-06-15 23:37:06:376] [INFO]: OPTIONS /api/features?productId=8b3ec194-05bc-492d-a545-7a212191c5bf 204 0 - 0.306 ms
[2026-06-15 23:37:06:376] [INFO]: OPTIONS /api/users?productId=8b3ec194-05bc-492d-a545-7a212191c5bf 204 0 - 0.164 ms
[2026-06-15 23:37:06:376] [INFO]: GET /api/users?productId=8b3ec194-05bc-492d-a545-7a212191c5bf 200 381 - 4.641 ms
[2026-06-15 23:37:06:376] [INFO]: GET /api/features?productId=8b3ec194-05bc-492d-a545-7a212191c5bf 200 2 - 12.561 ms
[2026-06-15 23:37:14:3714] [INFO]: OPTIONS /api/features?productId=c46c5fa0-f03f-4573-8d77-05720f9ad53d 204 0 - 0.195 ms
[2026-06-15 23:37:14:3714] [INFO]: OPTIONS /api/users?productId=c46c5fa0-f03f-4573-8d77-05720f9ad53d 204 0 - 0.095 ms
[2026-06-15 23:37:14:3714] [INFO]: GET /api/users?productId=c46c5fa0-f03f-4573-8d77-05720f9ad53d 200 399 - 6.772 ms
[2026-06-15 23:37:14:3714] [INFO]: GET /api/features?productId=c46c5fa0-f03f-4573-8d77-05720f9ad53d 200 2 - 10.979 ms
[2026-06-15 23:37:22:3722] [INFO]: OPTIONS /api/features?productId=69f411d7-819a-4809-8f68-96f88b7cd1cc 204 0 - 0.179 ms
[2026-06-15 23:37:22:3722] [INFO]: OPTIONS /api/users?productId=69f411d7-819a-4809-8f68-96f88b7cd1cc 204 0 - 0.093 ms
[2026-06-15 23:37:22:3722] [INFO]: GET /api/users?productId=69f411d7-819a-4809-8f68-96f88b7cd1cc 304 - - 7.436 ms
[2026-06-15 23:37:22:3722] [INFO]: GET /api/features?productId=69f411d7-819a-4809-8f68-96f88b7cd1cc 304 - - 66.273 ms
[2026-06-15 23:38:58:3858] [INFO]: OPTIONS /api/user-stories?productId=69f411d7-819a-4809-8f68-96f88b7cd1cc 204 0 - 0.374 ms
[2026-06-15 23:38:58:3858] [INFO]: OPTIONS /api/features?productId=69f411d7-819a-4809-8f68-96f88b7cd1cc 204 0 - 0.142 ms
[2026-06-15 23:38:58:3858] [INFO]: OPTIONS /api/features?productId=69f411d7-819a-4809-8f68-96f88b7cd1cc 204 0 - 0.229 ms
[2026-06-15 23:38:58:3858] [INFO]: OPTIONS /api/users?productId=69f411d7-819a-4809-8f68-96f88b7cd1cc 204 0 - 0.105 ms
[2026-06-15 23:38:58:3858] [INFO]: OPTIONS /api/user-stories?productId=69f411d7-819a-4809-8f68-96f88b7cd1cc 204 0 - 0.125 ms
[2026-06-15 23:38:58:3858] [INFO]: OPTIONS /api/users?productId=69f411d7-819a-4809-8f68-96f88b7cd1cc 204 0 - 0.134 ms
[2026-06-15 23:38:58:3858] [INFO]: GET /api/users?productId=69f411d7-819a-4809-8f68-96f88b7cd1cc 304 - - 22.075 ms
[2026-06-15 23:38:58:3858] [INFO]: GET /api/user-stories?productId=69f411d7-819a-4809-8f68-96f88b7cd1cc 304 - - 25.638 ms
[2026-06-15 23:38:58:3858] [INFO]: GET /api/users?productId=69f411d7-819a-4809-8f68-96f88b7cd1cc 304 - - 13.766 ms
[2026-06-15 23:38:58:3858] [INFO]: GET /api/features?productId=69f411d7-819a-4809-8f68-96f88b7cd1cc 304 - - 58.098 ms
[2026-06-15 23:38:58:3858] [INFO]: GET /api/user-stories?productId=69f411d7-819a-4809-8f68-96f88b7cd1cc 304 - - 41.329 ms
[2026-06-15 23:38:58:3858] [INFO]: GET /api/features?productId=69f411d7-819a-4809-8f68-96f88b7cd1cc 304 - - 57.023 ms
[2026-06-15 23:55:22:5522] [INFO]: OPTIONS /api/requirements-mapping?projectId=69f411d7-819a-4809-8f68-96f88b7cd1cc 204 0 - 0.195 ms
[2026-06-15 23:55:22:5522] [INFO]: OPTIONS /api/functional-requirements?productId=69f411d7-819a-4809-8f68-96f88b7cd1cc 204 0 - 0.136 ms
[2026-06-15 23:55:22:5522] [INFO]: OPTIONS /api/user-stories?productId=69f411d7-819a-4809-8f68-96f88b7cd1cc 204 0 - 0.102 ms
[2026-06-15 23:55:22:5522] [INFO]: OPTIONS /api/user-stories?productId=69f411d7-819a-4809-8f68-96f88b7cd1cc 204 0 - 0.183 ms
[2026-06-15 23:55:22:5522] [INFO]: OPTIONS /api/requirements-mapping?projectId=69f411d7-819a-4809-8f68-96f88b7cd1cc 204 0 - 0.303 ms
[2026-06-15 23:55:22:5522] [INFO]: OPTIONS /api/functional-requirements?productId=69f411d7-819a-4809-8f68-96f88b7cd1cc 204 0 - 0.239 ms
[2026-06-15 23:55:22:5522] [INFO]: GET /api/functional-requirements?productId=69f411d7-819a-4809-8f68-96f88b7cd1cc 304 - - 26.992 ms
[2026-06-15 23:55:22:5522] [INFO]: GET /api/requirements-mapping?projectId=69f411d7-819a-4809-8f68-96f88b7cd1cc 304 - - 87.700 ms
[2026-06-15 23:55:22:5522] [INFO]: GET /api/user-stories?productId=69f411d7-819a-4809-8f68-96f88b7cd1cc 304 - - 67.523 ms
[2026-06-15 23:55:22:5522] [INFO]: GET /api/functional-requirements?productId=69f411d7-819a-4809-8f68-96f88b7cd1cc 304 - - 35.306 ms
[2026-06-15 23:55:22:5522] [INFO]: GET /api/requirements-mapping?projectId=69f411d7-819a-4809-8f68-96f88b7cd1cc 304 - - 43.156 ms
[2026-06-15 23:55:22:5522] [INFO]: GET /api/user-stories?productId=69f411d7-819a-4809-8f68-96f88b7cd1cc 304 - - 30.614 ms
[2026-06-15 23:55:23:5523] [INFO]: OPTIONS /api/users/all 204 0 - 0.120 ms
[2026-06-15 23:55:23:5523] [INFO]: OPTIONS /api/products 204 0 - 0.117 ms
[2026-06-15 23:55:23:5523] [INFO]: OPTIONS /api/users/all 204 0 - 0.122 ms
[2026-06-15 23:55:23:5523] [INFO]: OPTIONS /api/products 204 0 - 0.111 ms
[2026-06-15 23:55:23:5523] [INFO]: GET /api/products 304 - - 8.645 ms
[2026-06-15 23:55:23:5523] [INFO]: GET /api/users/all 304 - - 18.563 ms
[2026-06-15 23:55:23:5523] [INFO]: GET /api/products 304 - - 9.244 ms
[2026-06-15 23:55:23:5523] [INFO]: GET /api/users/all 304 - - 27.113 ms
[2026-06-15 23:55:26:5526] [INFO]: GET /api/functional-requirements?productId=69f411d7-819a-4809-8f68-96f88b7cd1cc 304 - - 3.216 ms
[2026-06-15 23:55:26:5526] [INFO]: GET /api/requirements-mapping?projectId=69f411d7-819a-4809-8f68-96f88b7cd1cc 304 - - 8.840 ms
[2026-06-15 23:55:26:5526] [INFO]: GET /api/user-stories?productId=69f411d7-819a-4809-8f68-96f88b7cd1cc 304 - - 9.815 ms
[2026-06-15 23:55:26:5526] [INFO]: GET /api/functional-requirements?productId=69f411d7-819a-4809-8f68-96f88b7cd1cc 304 - - 8.888 ms
[2026-06-15 23:55:26:5526] [INFO]: GET /api/requirements-mapping?projectId=69f411d7-819a-4809-8f68-96f88b7cd1cc 304 - - 10.758 ms
[2026-06-15 23:55:26:5526] [INFO]: GET /api/user-stories?productId=69f411d7-819a-4809-8f68-96f88b7cd1cc 304 - - 9.556 ms
[2026-06-15 23:55:30:5530] [INFO]: OPTIONS /api/user-stories?productId=69f411d7-819a-4809-8f68-96f88b7cd1cc 204 0 - 0.118 ms
[2026-06-15 23:55:30:5530] [INFO]: OPTIONS /api/features?productId=69f411d7-819a-4809-8f68-96f88b7cd1cc 204 0 - 0.087 ms
[2026-06-15 23:55:30:5530] [INFO]: OPTIONS /api/users?productId=69f411d7-819a-4809-8f68-96f88b7cd1cc 204 0 - 0.118 ms
[2026-06-15 23:55:30:5530] [INFO]: OPTIONS /api/features?productId=69f411d7-819a-4809-8f68-96f88b7cd1cc 204 0 - 0.122 ms
[2026-06-15 23:55:30:5530] [INFO]: OPTIONS /api/user-stories?productId=69f411d7-819a-4809-8f68-96f88b7cd1cc 204 0 - 0.764 ms
[2026-06-15 23:55:30:5530] [INFO]: GET /api/user-stories?productId=69f411d7-819a-4809-8f68-96f88b7cd1cc 304 - - 101.000 ms
[2026-06-15 23:55:30:5530] [INFO]: GET /api/users?productId=69f411d7-819a-4809-8f68-96f88b7cd1cc 304 - - 69.696 ms
[2026-06-15 23:55:30:5530] [INFO]: GET /api/features?productId=69f411d7-819a-4809-8f68-96f88b7cd1cc 304 - - 237.416 ms
[2026-06-15 23:55:30:5530] [INFO]: GET /api/users?productId=69f411d7-819a-4809-8f68-96f88b7cd1cc 304 - - 108.383 ms
[2026-06-15 23:55:30:5530] [INFO]: GET /api/user-stories?productId=69f411d7-819a-4809-8f68-96f88b7cd1cc 304 - - 170.839 ms
[2026-06-15 23:55:30:5530] [INFO]: GET /api/features?productId=69f411d7-819a-4809-8f68-96f88b7cd1cc 304 - - 153.574 ms
[2026-06-15 23:56:45:5645] [INFO]: ==================================================
[2026-06-15 23:56:45:5645] [INFO]: 🚀 TKS API Server with Socket.IO is running on port: 5000
[2026-06-15 23:56:45:5645] [INFO]: 🔐 Bypass MS Auth status: false
[2026-06-15 23:56:45:5645] [INFO]: ==================================================
[2026-06-15 23:56:45:5645] [INFO]: [SOCKET] User connected: Krishna Shelar (8e2089f4-e03a-4dc3-8eb0-4ed4771a785e) - Socket: jsdIBBoYa5u36v7uAAAB
[2026-06-15 23:56:47:5647] [INFO]: [SOCKET] User connected: Krishna Shelar (8e2089f4-e03a-4dc3-8eb0-4ed4771a785e) - Socket: 6jSelWGEmedVoRdqAAAD
[2026-06-15 23:57:10:5710] [INFO]: ==================================================
[2026-06-15 23:57:10:5710] [INFO]: 🚀 TKS API Server with Socket.IO is running on port: 5000
[2026-06-15 23:57:10:5710] [INFO]: 🔐 Bypass MS Auth status: false
[2026-06-15 23:57:10:5710] [INFO]: ==================================================
[2026-06-15 23:57:13:5713] [INFO]: [SOCKET] User connected: Krishna Shelar (8e2089f4-e03a-4dc3-8eb0-4ed4771a785e) - Socket: y9mXT_Me8eruFb2qAAAC
[2026-06-15 23:57:13:5713] [INFO]: [SOCKET] User connected: Krishna Shelar (8e2089f4-e03a-4dc3-8eb0-4ed4771a785e) - Socket: iXRus4FU3jpUJwW0AAAD
[2026-06-15 23:57:24:5724] [INFO]: ==================================================
[2026-06-15 23:57:24:5724] [INFO]: 🚀 TKS API Server with Socket.IO is running on port: 5000
[2026-06-15 23:57:24:5724] [INFO]: 🔐 Bypass MS Auth status: false
[2026-06-15 23:57:24:5724] [INFO]: ==================================================
[2026-06-15 23:57:26:5726] [INFO]: [SOCKET] User connected: Krishna Shelar (8e2089f4-e03a-4dc3-8eb0-4ed4771a785e) - Socket: 4fxX-dqMosPqXxk6AAAB
[2026-06-15 23:57:27:5727] [INFO]: [SOCKET] User connected: Krishna Shelar (8e2089f4-e03a-4dc3-8eb0-4ed4771a785e) - Socket: wEaPBLHubtLoChVMAAAD
[2026-06-15 23:59:13:5913] [INFO]: POST /api/auth/microsoft 400 45 - 40.673 ms
[2026-06-15 23:59:31:5931] [INFO]: ==================================================
[2026-06-15 23:59:31:5931] [INFO]: 🚀 TKS API Server with Socket.IO is running on port: 5000
[2026-06-15 23:59:31:5931] [INFO]: 🔐 Bypass MS Auth status: true
[2026-06-15 23:59:31:5931] [INFO]: ==================================================
[2026-06-15 23:59:32:5932] [INFO]: [SOCKET] User connected: Krishna Shelar (8e2089f4-e03a-4dc3-8eb0-4ed4771a785e) - Socket: clTSMkL0nGqMp6S5AAAC
[2026-06-15 23:59:33:5933] [INFO]: [SOCKET] User connected: Krishna Shelar (8e2089f4-e03a-4dc3-8eb0-4ed4771a785e) - Socket: EsjNyg41HeNMs9u-AAAD
[2026-06-15 23:59:40:5940] [INFO]: POST /api/auth/microsoft 200 479 - 81.907 ms
[2026-06-15 23:59:41:5941] [INFO]: POST /api/auth/microsoft 200 44335 - 9.515 ms
[2026-06-15 23:59:41:5941] [INFO]: GET /api/products 200 1826 - 8.606 ms
[2026-06-15 23:59:41:5941] [INFO]: GET /api/features?productId=69f411d7-819a-4809-8f68-96f88b7cd1cc 200 1775727 - 50.097 ms
[2026-06-15 23:59:41:5941] [INFO]: POST /api/user-stories/bulk 403 92 - 4.892 ms
[2026-06-15 23:59:41:5941] [INFO]: POST /api/user-stories/bulk 400 121 - 36.525 ms
[2026-06-15 23:59:41:5941] [INFO]: [NOTIFICATION SERVICE] Creating notification for user 694a5879-2e3f-43ab-be10-47e06137e8a2: "User Story Assigned via Import"
[2026-06-15 23:59:41:5941] [INFO]: [SOCKET] Emitting event "notification" to user room 694a5879-2e3f-43ab-be10-47e06137e8a2
[2026-06-15 23:59:41:5941] [INFO]: [NOTIFICATION SERVICE] Creating notification for user 8e2089f4-e03a-4dc3-8eb0-4ed4771a785e: "User Story Assigned via Import"
[2026-06-15 23:59:41:5941] [INFO]: [SOCKET] Emitting event "notification" to user room 8e2089f4-e03a-4dc3-8eb0-4ed4771a785e
[2026-06-15 23:59:41:5941] [INFO]: POST /api/user-stories/bulk 201 792 - 136.993 ms
[2026-06-15 23:59:41:5941] [INFO]: [NOTIFICATION SERVICE] Creating notification for user 0cfb33a1-f258-4f4e-ba2b-6aba90e71ab9: "CRITICAL: User Story Deleted"
[2026-06-15 23:59:41:5941] [INFO]: [SOCKET] Emitting event "notification" to user room 0cfb33a1-f258-4f4e-ba2b-6aba90e71ab9
[2026-06-15 23:59:41:5941] [INFO]: [NOTIFICATION SERVICE] Creating notification for user 1a1e16b2-21c6-4014-ae15-ecaeca3a3ee6: "CRITICAL: User Story Deleted"
[2026-06-15 23:59:41:5941] [INFO]: [SOCKET] Emitting event "notification" to user room 1a1e16b2-21c6-4014-ae15-ecaeca3a3ee6
[2026-06-15 23:59:41:5941] [INFO]: [NOTIFICATION SERVICE] Creating notification for user 2c591a04-429a-425c-88fe-cdf53da2e6d1: "CRITICAL: User Story Deleted"
[2026-06-15 23:59:41:5941] [INFO]: [SOCKET] Emitting event "notification" to user room 2c591a04-429a-425c-88fe-cdf53da2e6d1
[2026-06-15 23:59:41:5941] [INFO]: [NOTIFICATION SERVICE] Creating notification for user c5752f1e-c6b3-4013-ab0d-7bb2eeee75d5: "CRITICAL: User Story Deleted"
[2026-06-15 23:59:41:5941] [INFO]: [SOCKET] Emitting event "notification" to user room c5752f1e-c6b3-4013-ab0d-7bb2eeee75d5
[2026-06-15 23:59:41:5941] [INFO]: DELETE /api/user-stories/66ff63bc-16b4-4af2-8cc3-a55fafb98424 200 46 - 104.720 ms
[2026-06-15 23:59:41:5941] [INFO]: [NOTIFICATION SERVICE] Creating notification for user 0cfb33a1-f258-4f4e-ba2b-6aba90e71ab9: "CRITICAL: User Story Deleted"
[2026-06-15 23:59:41:5941] [INFO]: [SOCKET] Emitting event "notification" to user room 0cfb33a1-f258-4f4e-ba2b-6aba90e71ab9
[2026-06-15 23:59:41:5941] [INFO]: [NOTIFICATION SERVICE] Creating notification for user 1a1e16b2-21c6-4014-ae15-ecaeca3a3ee6: "CRITICAL: User Story Deleted"
[2026-06-15 23:59:41:5941] [INFO]: [SOCKET] Emitting event "notification" to user room 1a1e16b2-21c6-4014-ae15-ecaeca3a3ee6
[2026-06-15 23:59:41:5941] [INFO]: [NOTIFICATION SERVICE] Creating notification for user 2c591a04-429a-425c-88fe-cdf53da2e6d1: "CRITICAL: User Story Deleted"
[2026-06-15 23:59:41:5941] [INFO]: [SOCKET] Emitting event "notification" to user room 2c591a04-429a-425c-88fe-cdf53da2e6d1
[2026-06-15 23:59:41:5941] [INFO]: [NOTIFICATION SERVICE] Creating notification for user c5752f1e-c6b3-4013-ab0d-7bb2eeee75d5: "CRITICAL: User Story Deleted"
[2026-06-15 23:59:41:5941] [INFO]: [SOCKET] Emitting event "notification" to user room c5752f1e-c6b3-4013-ab0d-7bb2eeee75d5
[2026-06-15 23:59:41:5941] [INFO]: DELETE /api/user-stories/45827c72-1e1b-4454-9984-5ae644555e4a 200 46 - 82.213 ms
[2026-06-15 23:59:50:5950] [INFO]: ==================================================
[2026-06-15 23:59:50:5950] [INFO]: 🚀 TKS API Server with Socket.IO is running on port: 5000
[2026-06-15 23:59:50:5950] [INFO]: 🔐 Bypass MS Auth status: false
[2026-06-15 23:59:50:5950] [INFO]: ==================================================
[2026-06-15 23:59:52:5952] [INFO]: [SOCKET] User connected: Krishna Shelar (8e2089f4-e03a-4dc3-8eb0-4ed4771a785e) - Socket: 0jr320uSTwPyc-IsAAAC
[2026-06-15 23:59:52:5952] [INFO]: [SOCKET] User connected: Krishna Shelar (8e2089f4-e03a-4dc3-8eb0-4ed4771a785e) - Socket: aT5MzcjmlxfLA-bbAAAD
[2026-06-16 00:00:23:023] [INFO]: [SOCKET] User disconnected: Krishna Shelar (8e2089f4-e03a-4dc3-8eb0-4ed4771a785e) - Socket: aT5MzcjmlxfLA-bbAAAD
[2026-06-16 00:00:23:023] [INFO]: [SOCKET] User disconnected: Krishna Shelar (8e2089f4-e03a-4dc3-8eb0-4ed4771a785e) - Socket: 0jr320uSTwPyc-IsAAAC
[2026-06-16 00:00:23:023] [INFO]: OPTIONS /api/products 204 0 - 3.045 ms
[2026-06-16 00:00:23:023] [INFO]: OPTIONS /api/products 204 0 - 2.295 ms
[2026-06-16 00:00:23:023] [INFO]: [SOCKET] User connected: Krishna Shelar (8e2089f4-e03a-4dc3-8eb0-4ed4771a785e) - Socket: 0bw6c1NlxAtfVId-AAAG
[2026-06-16 00:00:23:023] [INFO]: [SOCKET] User connected: Krishna Shelar (8e2089f4-e03a-4dc3-8eb0-4ed4771a785e) - Socket: KyaVgZ9sjAPrHiPNAAAH
[2026-06-16 00:00:23:023] [INFO]: GET /api/products 304 - - 136.901 ms
[2026-06-16 00:00:23:023] [INFO]: GET /api/products 304 - - 12.562 ms
[2026-06-16 00:00:23:023] [INFO]: OPTIONS /api/products/69f411d7-819a-4809-8f68-96f88b7cd1cc/status 204 0 - 0.602 ms
[2026-06-16 00:00:23:023] [INFO]: OPTIONS /api/users?productId=69f411d7-819a-4809-8f68-96f88b7cd1cc 204 0 - 0.448 ms
[2026-06-16 00:00:23:023] [INFO]: OPTIONS /api/users?productId=69f411d7-819a-4809-8f68-96f88b7cd1cc 204 0 - 0.636 ms
[2026-06-16 00:00:23:023] [INFO]: GET /api/users?productId=69f411d7-819a-4809-8f68-96f88b7cd1cc 304 - - 22.166 ms
[2026-06-16 00:00:24:024] [INFO]: GET /api/products/69f411d7-819a-4809-8f68-96f88b7cd1cc/status 304 - - 68.765 ms
[2026-06-16 00:00:24:024] [INFO]: GET /api/users?productId=69f411d7-819a-4809-8f68-96f88b7cd1cc 304 - - 30.540 ms
[2026-06-16 00:00:24:024] [INFO]: GET /api/products/69f411d7-819a-4809-8f68-96f88b7cd1cc/status 304 - - 26.502 ms
[2026-06-16 00:00:24:024] [INFO]: GET /api/users?productId=69f411d7-819a-4809-8f68-96f88b7cd1cc 304 - - 21.955 ms
[2026-06-16 00:00:24:024] [INFO]: GET /api/products/69f411d7-819a-4809-8f68-96f88b7cd1cc/status 304 - - 21.271 ms
[2026-06-16 00:00:26:026] [INFO]: OPTIONS /api/user-stories?productId=69f411d7-819a-4809-8f68-96f88b7cd1cc 204 0 - 0.229 ms
[2026-06-16 00:00:26:026] [INFO]: OPTIONS /api/features?productId=69f411d7-819a-4809-8f68-96f88b7cd1cc 204 0 - 0.139 ms
[2026-06-16 00:00:26:026] [INFO]: OPTIONS /api/user-stories?productId=69f411d7-819a-4809-8f68-96f88b7cd1cc 204 0 - 0.205 ms
[2026-06-16 00:00:26:026] [INFO]: OPTIONS /api/features?productId=69f411d7-819a-4809-8f68-96f88b7cd1cc 204 0 - 1.562 ms
[2026-06-16 00:00:26:026] [INFO]: GET /api/users?productId=69f411d7-819a-4809-8f68-96f88b7cd1cc 304 - - 31.476 ms
[2026-06-16 00:00:26:026] [INFO]: GET /api/user-stories?productId=69f411d7-819a-4809-8f68-96f88b7cd1cc 304 - - 37.175 ms
[2026-06-16 00:00:26:026] [INFO]: GET /api/users?productId=69f411d7-819a-4809-8f68-96f88b7cd1cc 304 - - 11.583 ms
[2026-06-16 00:00:26:026] [INFO]: GET /api/features?productId=69f411d7-819a-4809-8f68-96f88b7cd1cc 304 - - 89.107 ms
[2026-06-16 00:00:26:026] [INFO]: GET /api/user-stories?productId=69f411d7-819a-4809-8f68-96f88b7cd1cc 304 - - 58.271 ms
[2026-06-16 00:00:26:026] [INFO]: GET /api/features?productId=69f411d7-819a-4809-8f68-96f88b7cd1cc 304 - - 95.511 ms
[2026-06-16 00:01:08:18] [INFO]: OPTIONS /api/user-stories/bulk 204 0 - 0.376 ms
[2026-06-16 00:01:08:18] [INFO]: [NOTIFICATION SERVICE] Creating notification for user 8e2089f4-e03a-4dc3-8eb0-4ed4771a785e: "User Story Assigned via Import"
[2026-06-16 00:01:08:18] [INFO]: [SOCKET] Emitting event "notification" to user room 8e2089f4-e03a-4dc3-8eb0-4ed4771a785e
[2026-06-16 00:01:08:18] [INFO]: [NOTIFICATION SERVICE] Creating notification for user 8e2089f4-e03a-4dc3-8eb0-4ed4771a785e: "User Story Assigned via Import"
[2026-06-16 00:01:08:18] [INFO]: [SOCKET] Emitting event "notification" to user room 8e2089f4-e03a-4dc3-8eb0-4ed4771a785e
[2026-06-16 00:01:08:18] [INFO]: [NOTIFICATION SERVICE] Creating notification for user 8e2089f4-e03a-4dc3-8eb0-4ed4771a785e: "User Story Assigned via Import"
[2026-06-16 00:01:08:18] [INFO]: [SOCKET] Emitting event "notification" to user room 8e2089f4-e03a-4dc3-8eb0-4ed4771a785e
[2026-06-16 00:01:08:18] [INFO]: [NOTIFICATION SERVICE] Creating notification for user 8e2089f4-e03a-4dc3-8eb0-4ed4771a785e: "User Story Assigned via Import"
[2026-06-16 00:01:08:18] [INFO]: [SOCKET] Emitting event "notification" to user room 8e2089f4-e03a-4dc3-8eb0-4ed4771a785e
[2026-06-16 00:01:08:18] [INFO]: [NOTIFICATION SERVICE] Creating notification for user 8e2089f4-e03a-4dc3-8eb0-4ed4771a785e: "User Story Assigned via Import"
[2026-06-16 00:01:08:18] [INFO]: [SOCKET] Emitting event "notification" to user room 8e2089f4-e03a-4dc3-8eb0-4ed4771a785e
[2026-06-16 00:01:08:18] [INFO]: [NOTIFICATION SERVICE] Creating notification for user 8e2089f4-e03a-4dc3-8eb0-4ed4771a785e: "User Story Assigned via Import"
[2026-06-16 00:01:08:18] [INFO]: [SOCKET] Emitting event "notification" to user room 8e2089f4-e03a-4dc3-8eb0-4ed4771a785e
[2026-06-16 00:01:08:18] [INFO]: [NOTIFICATION SERVICE] Creating notification for user 8e2089f4-e03a-4dc3-8eb0-4ed4771a785e: "User Story Assigned via Import"
[2026-06-16 00:01:08:18] [INFO]: [SOCKET] Emitting event "notification" to user room 8e2089f4-e03a-4dc3-8eb0-4ed4771a785e
[2026-06-16 00:01:08:18] [INFO]: [NOTIFICATION SERVICE] Creating notification for user 8e2089f4-e03a-4dc3-8eb0-4ed4771a785e: "User Story Assigned via Import"
[2026-06-16 00:01:08:18] [INFO]: [SOCKET] Emitting event "notification" to user room 8e2089f4-e03a-4dc3-8eb0-4ed4771a785e
[2026-06-16 00:01:08:18] [INFO]: [NOTIFICATION SERVICE] Creating notification for user 8e2089f4-e03a-4dc3-8eb0-4ed4771a785e: "User Story Assigned via Import"
[2026-06-16 00:01:08:18] [INFO]: [SOCKET] Emitting event "notification" to user room 8e2089f4-e03a-4dc3-8eb0-4ed4771a785e
[2026-06-16 00:01:08:18] [INFO]: [NOTIFICATION SERVICE] Creating notification for user 8e2089f4-e03a-4dc3-8eb0-4ed4771a785e: "User Story Assigned via Import"
[2026-06-16 00:01:08:18] [INFO]: [SOCKET] Emitting event "notification" to user room 8e2089f4-e03a-4dc3-8eb0-4ed4771a785e
[2026-06-16 00:01:08:18] [INFO]: [NOTIFICATION SERVICE] Creating notification for user 8e2089f4-e03a-4dc3-8eb0-4ed4771a785e: "User Story Assigned via Import"
[2026-06-16 00:01:08:18] [INFO]: [SOCKET] Emitting event "notification" to user room 8e2089f4-e03a-4dc3-8eb0-4ed4771a785e
[2026-06-16 00:01:08:18] [INFO]: [NOTIFICATION SERVICE] Creating notification for user 8e2089f4-e03a-4dc3-8eb0-4ed4771a785e: "User Story Assigned via Import"
[2026-06-16 00:01:08:18] [INFO]: [SOCKET] Emitting event "notification" to user room 8e2089f4-e03a-4dc3-8eb0-4ed4771a785e
[2026-06-16 00:01:08:18] [INFO]: [NOTIFICATION SERVICE] Creating notification for user 8e2089f4-e03a-4dc3-8eb0-4ed4771a785e: "User Story Assigned via Import"
[2026-06-16 00:01:08:18] [INFO]: [SOCKET] Emitting event "notification" to user room 8e2089f4-e03a-4dc3-8eb0-4ed4771a785e
[2026-06-16 00:01:08:18] [INFO]: [NOTIFICATION SERVICE] Creating notification for user 8e2089f4-e03a-4dc3-8eb0-4ed4771a785e: "User Story Assigned via Import"
[2026-06-16 00:01:09:19] [INFO]: [SOCKET] Emitting event "notification" to user room 8e2089f4-e03a-4dc3-8eb0-4ed4771a785e
[2026-06-16 00:01:09:19] [INFO]: [NOTIFICATION SERVICE] Creating notification for user 8e2089f4-e03a-4dc3-8eb0-4ed4771a785e: "User Story Assigned via Import"
[2026-06-16 00:01:09:19] [INFO]: [SOCKET] Emitting event "notification" to user room 8e2089f4-e03a-4dc3-8eb0-4ed4771a785e
[2026-06-16 00:01:09:19] [INFO]: [NOTIFICATION SERVICE] Creating notification for user 8e2089f4-e03a-4dc3-8eb0-4ed4771a785e: "User Story Assigned via Import"
[2026-06-16 00:01:09:19] [INFO]: [SOCKET] Emitting event "notification" to user room 8e2089f4-e03a-4dc3-8eb0-4ed4771a785e
[2026-06-16 00:01:09:19] [INFO]: POST /api/user-stories/bulk 201 7356 - 1084.983 ms
[2026-06-16 00:01:09:19] [INFO]: OPTIONS /api/user-stories?productId=69f411d7-819a-4809-8f68-96f88b7cd1cc 204 0 - 0.363 ms
[2026-06-16 00:01:09:19] [INFO]: OPTIONS /api/features?productId=69f411d7-819a-4809-8f68-96f88b7cd1cc 204 0 - 9.173 ms
[2026-06-16 00:01:09:19] [INFO]: OPTIONS /api/users?productId=69f411d7-819a-4809-8f68-96f88b7cd1cc 204 0 - 5.466 ms
[2026-06-16 00:01:09:19] [INFO]: GET /api/user-stories?productId=69f411d7-819a-4809-8f68-96f88b7cd1cc 200 712973 - 80.106 ms
[2026-06-16 00:01:09:19] [INFO]: GET /api/users?productId=69f411d7-819a-4809-8f68-96f88b7cd1cc 304 - - 47.955 ms
[2026-06-16 00:01:09:19] [INFO]: GET /api/features?productId=69f411d7-819a-4809-8f68-96f88b7cd1cc 304 - - 102.746 ms
[2026-06-16 00:07:55:755] [INFO]: ==================================================
[2026-06-16 00:07:55:755] [INFO]: 🚀 TKS API Server with Socket.IO is running on port: 5000
[2026-06-16 00:07:55:755] [INFO]: 🔐 Bypass MS Auth status: false
[2026-06-16 00:07:55:755] [INFO]: ==================================================
[2026-06-16 00:07:55:755] [INFO]: [SOCKET] User connected: Krishna Shelar (8e2089f4-e03a-4dc3-8eb0-4ed4771a785e) - Socket: 4kDMAG1YqdG8ds5rAAAB
[2026-06-16 00:07:56:756] [INFO]: [SOCKET] User connected: Krishna Shelar (8e2089f4-e03a-4dc3-8eb0-4ed4771a785e) - Socket: SAYVPeSdXJIw-6X3AAAD
[2026-06-16 00:11:30:1130] [INFO]: ==================================================
[2026-06-16 00:11:30:1130] [INFO]: 🚀 TKS API Server with Socket.IO is running on port: 5000
[2026-06-16 00:11:30:1130] [INFO]: 🔐 Bypass MS Auth status: true
[2026-06-16 00:11:30:1130] [INFO]: ==================================================
[2026-06-16 00:12:36:1236] [INFO]: POST /api/auth/microsoft 200 479 - 47.837 ms
[2026-06-16 00:12:36:1236] [INFO]: POST /api/auth/microsoft 200 474 - 7.353 ms
[2026-06-16 00:12:36:1236] [INFO]: GET /api/products 200 1492 - 7.669 ms
[2026-06-16 00:12:36:1236] [INFO]: POST /api/user-stories/bulk 403 92 - 3.790 ms
[2026-06-16 00:12:36:1236] [INFO]: POST /api/user-stories/bulk 400 121 - 16.142 ms
[2026-06-16 00:12:36:1236] [INFO]: [NOTIFICATION SERVICE] Creating notification for user bb695f25-35d6-4a35-9ca5-1702d5cd4c71: "User Story Assigned via Import"
[2026-06-16 00:12:36:1236] [INFO]: [SOCKET] Emitting event "notification" to user room bb695f25-35d6-4a35-9ca5-1702d5cd4c71
[2026-06-16 00:12:36:1236] [INFO]: [NOTIFICATION SERVICE] Creating notification for user 41b75230-b38b-49be-bbca-d6ec2df5be9f: "User Story Assigned via Import"
[2026-06-16 00:12:36:1236] [INFO]: [SOCKET] Emitting event "notification" to user room 41b75230-b38b-49be-bbca-d6ec2df5be9f
[2026-06-16 00:12:36:1236] [INFO]: POST /api/user-stories/bulk 201 792 - 82.805 ms
[2026-06-16 00:12:36:1236] [INFO]: [NOTIFICATION SERVICE] Creating notification for user 06284605-cc9a-4275-bd2a-48c1f4a8585e: "CRITICAL: User Story Deleted"
[2026-06-16 00:12:36:1236] [INFO]: [SOCKET] Emitting event "notification" to user room 06284605-cc9a-4275-bd2a-48c1f4a8585e
[2026-06-16 00:12:36:1236] [INFO]: [NOTIFICATION SERVICE] Creating notification for user 06501c86-e9f5-4d3c-927f-ce8f3051b982: "CRITICAL: User Story Deleted"
[2026-06-16 00:12:36:1236] [INFO]: [SOCKET] Emitting event "notification" to user room 06501c86-e9f5-4d3c-927f-ce8f3051b982
[2026-06-16 00:12:36:1236] [INFO]: [NOTIFICATION SERVICE] Creating notification for user 604b7402-9b95-4639-b506-89bbe124b3d8: "CRITICAL: User Story Deleted"
[2026-06-16 00:12:36:1236] [INFO]: [SOCKET] Emitting event "notification" to user room 604b7402-9b95-4639-b506-89bbe124b3d8
[2026-06-16 00:12:36:1236] [INFO]: [NOTIFICATION SERVICE] Creating notification for user 636e31a3-d6c8-4909-b0ca-33ae7f1127c9: "CRITICAL: User Story Deleted"
[2026-06-16 00:12:36:1236] [INFO]: [SOCKET] Emitting event "notification" to user room 636e31a3-d6c8-4909-b0ca-33ae7f1127c9
[2026-06-16 00:12:36:1236] [INFO]: [NOTIFICATION SERVICE] Creating notification for user 7ecba8d5-4c81-4f94-b3b5-e08f5eb47026: "CRITICAL: User Story Deleted"
[2026-06-16 00:12:36:1236] [INFO]: [SOCKET] Emitting event "notification" to user room 7ecba8d5-4c81-4f94-b3b5-e08f5eb47026
[2026-06-16 00:12:36:1236] [INFO]: [NOTIFICATION SERVICE] Creating notification for user b6eb5656-785d-49c7-8769-7ea4f5781860: "CRITICAL: User Story Deleted"
[2026-06-16 00:12:36:1236] [INFO]: [SOCKET] Emitting event "notification" to user room b6eb5656-785d-49c7-8769-7ea4f5781860
[2026-06-16 00:12:36:1236] [INFO]: [NOTIFICATION SERVICE] Creating notification for user d5450989-91cd-407f-b207-4d50bec2f986: "CRITICAL: User Story Deleted"
[2026-06-16 00:12:36:1236] [INFO]: [SOCKET] Emitting event "notification" to user room d5450989-91cd-407f-b207-4d50bec2f986
[2026-06-16 00:12:36:1236] [INFO]: DELETE /api/user-stories/725d6a0a-ef37-438f-a680-8e5ab6522d7c 200 46 - 121.122 ms
[2026-06-16 00:12:36:1236] [INFO]: [NOTIFICATION SERVICE] Creating notification for user 06284605-cc9a-4275-bd2a-48c1f4a8585e: "CRITICAL: User Story Deleted"
[2026-06-16 00:12:36:1236] [INFO]: [SOCKET] Emitting event "notification" to user room 06284605-cc9a-4275-bd2a-48c1f4a8585e
[2026-06-16 00:12:36:1236] [INFO]: [NOTIFICATION SERVICE] Creating notification for user 06501c86-e9f5-4d3c-927f-ce8f3051b982: "CRITICAL: User Story Deleted"
[2026-06-16 00:12:36:1236] [INFO]: [SOCKET] Emitting event "notification" to user room 06501c86-e9f5-4d3c-927f-ce8f3051b982
[2026-06-16 00:12:36:1236] [INFO]: [NOTIFICATION SERVICE] Creating notification for user 604b7402-9b95-4639-b506-89bbe124b3d8: "CRITICAL: User Story Deleted"
[2026-06-16 00:12:36:1236] [INFO]: [SOCKET] Emitting event "notification" to user room 604b7402-9b95-4639-b506-89bbe124b3d8
[2026-06-16 00:12:36:1236] [INFO]: [NOTIFICATION SERVICE] Creating notification for user 636e31a3-d6c8-4909-b0ca-33ae7f1127c9: "CRITICAL: User Story Deleted"
[2026-06-16 00:12:36:1236] [INFO]: [SOCKET] Emitting event "notification" to user room 636e31a3-d6c8-4909-b0ca-33ae7f1127c9
[2026-06-16 00:12:36:1236] [INFO]: [NOTIFICATION SERVICE] Creating notification for user 7ecba8d5-4c81-4f94-b3b5-e08f5eb47026: "CRITICAL: User Story Deleted"
[2026-06-16 00:12:36:1236] [INFO]: [SOCKET] Emitting event "notification" to user room 7ecba8d5-4c81-4f94-b3b5-e08f5eb47026
[2026-06-16 00:12:36:1236] [INFO]: [NOTIFICATION SERVICE] Creating notification for user b6eb5656-785d-49c7-8769-7ea4f5781860: "CRITICAL: User Story Deleted"
[2026-06-16 00:12:36:1236] [INFO]: [SOCKET] Emitting event "notification" to user room b6eb5656-785d-49c7-8769-7ea4f5781860
[2026-06-16 00:12:36:1236] [INFO]: [NOTIFICATION SERVICE] Creating notification for user d5450989-91cd-407f-b207-4d50bec2f986: "CRITICAL: User Story Deleted"
[2026-06-16 00:12:36:1236] [INFO]: [SOCKET] Emitting event "notification" to user room d5450989-91cd-407f-b207-4d50bec2f986
[2026-06-16 00:12:36:1236] [INFO]: DELETE /api/user-stories/5c9ee5db-3577-44d2-bd24-564fae6fe271 200 46 - 126.926 ms
[2026-06-16 00:12:49:1249] [INFO]: ==================================================
[2026-06-16 00:12:49:1249] [INFO]: 🚀 TKS API Server with Socket.IO is running on port: 5000
[2026-06-16 00:12:49:1249] [INFO]: 🔐 Bypass MS Auth status: false
[2026-06-16 00:12:49:1249] [INFO]: ==================================================
[2026-06-16 00:12:57:1257] [INFO]: ==================================================
[2026-06-16 00:12:57:1257] [INFO]: 🚀 TKS API Server with Socket.IO is running on port: 5000
[2026-06-16 00:12:57:1257] [INFO]: 🔐 Bypass MS Auth status: false
[2026-06-16 00:12:57:1257] [INFO]: ==================================================
[2026-06-16 00:15:28:1528] [INFO]: POST /api/auth/microsoft 400 45 - 22.599 ms
[2026-06-16 00:16:18:1618] [INFO]: ==================================================
[2026-06-16 00:16:18:1618] [INFO]: 🚀 TKS API Server with Socket.IO is running on port: 5000
[2026-06-16 00:16:18:1618] [INFO]: 🔐 Bypass MS Auth status: true
[2026-06-16 00:16:18:1618] [INFO]: ==================================================
[2026-06-16 00:16:43:1643] [INFO]: POST /api/auth/microsoft 200 479 - 44.322 ms
[2026-06-16 00:16:43:1643] [INFO]: POST /api/auth/microsoft 200 474 - 4.667 ms
[2026-06-16 00:16:43:1643] [INFO]: GET /api/products 200 1492 - 7.226 ms
[2026-06-16 00:16:43:1643] [INFO]: POST /api/user-stories/bulk 403 92 - 2.063 ms
[2026-06-16 00:16:43:1643] [INFO]: POST /api/user-stories/bulk 400 121 - 8.032 ms
[2026-06-16 00:16:43:1643] [INFO]: [NOTIFICATION SERVICE] Creating notification for user bb695f25-35d6-4a35-9ca5-1702d5cd4c71: "User Story Assigned via Import"
[2026-06-16 00:16:43:1643] [INFO]: [SOCKET] Emitting event "notification" to user room bb695f25-35d6-4a35-9ca5-1702d5cd4c71
[2026-06-16 00:16:43:1643] [INFO]: [NOTIFICATION SERVICE] Creating notification for user 41b75230-b38b-49be-bbca-d6ec2df5be9f: "User Story Assigned via Import"
[2026-06-16 00:16:43:1643] [INFO]: [SOCKET] Emitting event "notification" to user room 41b75230-b38b-49be-bbca-d6ec2df5be9f
[2026-06-16 00:16:43:1643] [INFO]: POST /api/user-stories/bulk 201 792 - 76.289 ms
[2026-06-16 00:16:43:1643] [INFO]: [NOTIFICATION SERVICE] Creating notification for user 06284605-cc9a-4275-bd2a-48c1f4a8585e: "CRITICAL: User Story Deleted"
[2026-06-16 00:16:43:1643] [INFO]: [SOCKET] Emitting event "notification" to user room 06284605-cc9a-4275-bd2a-48c1f4a8585e
[2026-06-16 00:16:43:1643] [INFO]: [NOTIFICATION SERVICE] Creating notification for user 06501c86-e9f5-4d3c-927f-ce8f3051b982: "CRITICAL: User Story Deleted"
[2026-06-16 00:16:43:1643] [INFO]: [SOCKET] Emitting event "notification" to user room 06501c86-e9f5-4d3c-927f-ce8f3051b982
[2026-06-16 00:16:43:1643] [INFO]: [NOTIFICATION SERVICE] Creating notification for user 604b7402-9b95-4639-b506-89bbe124b3d8: "CRITICAL: User Story Deleted"
[2026-06-16 00:16:43:1643] [INFO]: [SOCKET] Emitting event "notification" to user room 604b7402-9b95-4639-b506-89bbe124b3d8
[2026-06-16 00:16:43:1643] [INFO]: [NOTIFICATION SERVICE] Creating notification for user 636e31a3-d6c8-4909-b0ca-33ae7f1127c9: "CRITICAL: User Story Deleted"
[2026-06-16 00:16:43:1643] [INFO]: [SOCKET] Emitting event "notification" to user room 636e31a3-d6c8-4909-b0ca-33ae7f1127c9
[2026-06-16 00:16:43:1643] [INFO]: [NOTIFICATION SERVICE] Creating notification for user 7ecba8d5-4c81-4f94-b3b5-e08f5eb47026: "CRITICAL: User Story Deleted"
[2026-06-16 00:16:43:1643] [INFO]: [SOCKET] Emitting event "notification" to user room 7ecba8d5-4c81-4f94-b3b5-e08f5eb47026
[2026-06-16 00:16:43:1643] [INFO]: [NOTIFICATION SERVICE] Creating notification for user b6eb5656-785d-49c7-8769-7ea4f5781860: "CRITICAL: User Story Deleted"
[2026-06-16 00:16:43:1643] [INFO]: [SOCKET] Emitting event "notification" to user room b6eb5656-785d-49c7-8769-7ea4f5781860
[2026-06-16 00:16:43:1643] [INFO]: [NOTIFICATION SERVICE] Creating notification for user d5450989-91cd-407f-b207-4d50bec2f986: "CRITICAL: User Story Deleted"
[2026-06-16 00:16:43:1643] [INFO]: [SOCKET] Emitting event "notification" to user room d5450989-91cd-407f-b207-4d50bec2f986
[2026-06-16 00:16:43:1643] [INFO]: DELETE /api/user-stories/90b41446-4612-494d-9870-6382c09fb8fa 200 46 - 102.397 ms
[2026-06-16 00:16:43:1643] [INFO]: [NOTIFICATION SERVICE] Creating notification for user 06284605-cc9a-4275-bd2a-48c1f4a8585e: "CRITICAL: User Story Deleted"
[2026-06-16 00:16:43:1643] [INFO]: [SOCKET] Emitting event "notification" to user room 06284605-cc9a-4275-bd2a-48c1f4a8585e
[2026-06-16 00:16:43:1643] [INFO]: [NOTIFICATION SERVICE] Creating notification for user 06501c86-e9f5-4d3c-927f-ce8f3051b982: "CRITICAL: User Story Deleted"
[2026-06-16 00:16:43:1643] [INFO]: [SOCKET] Emitting event "notification" to user room 06501c86-e9f5-4d3c-927f-ce8f3051b982
[2026-06-16 00:16:43:1643] [INFO]: [NOTIFICATION SERVICE] Creating notification for user 604b7402-9b95-4639-b506-89bbe124b3d8: "CRITICAL: User Story Deleted"
[2026-06-16 00:16:43:1643] [INFO]: [SOCKET] Emitting event "notification" to user room 604b7402-9b95-4639-b506-89bbe124b3d8
[2026-06-16 00:16:43:1643] [INFO]: [NOTIFICATION SERVICE] Creating notification for user 636e31a3-d6c8-4909-b0ca-33ae7f1127c9: "CRITICAL: User Story Deleted"
[2026-06-16 00:16:43:1643] [INFO]: [SOCKET] Emitting event "notification" to user room 636e31a3-d6c8-4909-b0ca-33ae7f1127c9
[2026-06-16 00:16:43:1643] [INFO]: [NOTIFICATION SERVICE] Creating notification for user 7ecba8d5-4c81-4f94-b3b5-e08f5eb47026: "CRITICAL: User Story Deleted"
[2026-06-16 00:16:43:1643] [INFO]: [SOCKET] Emitting event "notification" to user room 7ecba8d5-4c81-4f94-b3b5-e08f5eb47026
[2026-06-16 00:16:43:1643] [INFO]: [NOTIFICATION SERVICE] Creating notification for user b6eb5656-785d-49c7-8769-7ea4f5781860: "CRITICAL: User Story Deleted"
[2026-06-16 00:16:43:1643] [INFO]: [SOCKET] Emitting event "notification" to user room b6eb5656-785d-49c7-8769-7ea4f5781860
[2026-06-16 00:16:43:1643] [INFO]: [NOTIFICATION SERVICE] Creating notification for user d5450989-91cd-407f-b207-4d50bec2f986: "CRITICAL: User Story Deleted"
[2026-06-16 00:16:43:1643] [INFO]: [SOCKET] Emitting event "notification" to user room d5450989-91cd-407f-b207-4d50bec2f986
[2026-06-16 00:16:43:1643] [INFO]: DELETE /api/user-stories/16619f3b-aa18-4c62-bace-eaf87d2e2213 200 46 - 113.672 ms
[2026-06-16 00:19:33:1933] [INFO]: ==================================================
[2026-06-16 00:19:33:1933] [INFO]: 🚀 TKS API Server with Socket.IO is running on port: 5000
[2026-06-16 00:19:33:1933] [INFO]: 🔐 Bypass MS Auth status: false
[2026-06-16 00:19:33:1933] [INFO]: ==================================================
[2026-06-16 00:20:09:209] [INFO]: OPTIONS /api/products 204 0 - 3.264 ms
[2026-06-16 00:20:09:209] [INFO]: OPTIONS /api/products 204 0 - 0.977 ms
[2026-06-16 00:20:09:209] [INFO]: [SOCKET] User connected: Krishna Shelar (8e2089f4-e03a-4dc3-8eb0-4ed4771a785e) - Socket: 6mwEhgl4yN0oZmwvAAAC
[2026-06-16 00:20:09:209] [INFO]: [SOCKET] User connected: Krishna Shelar (8e2089f4-e03a-4dc3-8eb0-4ed4771a785e) - Socket: p2AwFPDUg10Gvg-TAAAD
[2026-06-16 00:20:09:209] [INFO]: GET /api/products 200 1492 - 174.003 ms
[2026-06-16 00:20:09:209] [INFO]: GET /api/products 304 - - 17.628 ms
[2026-06-16 00:20:09:209] [INFO]: OPTIONS /api/products/81cf1308-1859-4e7f-90b1-448dd9508b96/status 204 0 - 0.353 ms
[2026-06-16 00:20:09:209] [INFO]: OPTIONS /api/users?productId=81cf1308-1859-4e7f-90b1-448dd9508b96 204 0 - 0.362 ms
[2026-06-16 00:20:09:209] [INFO]: OPTIONS /api/users?productId=81cf1308-1859-4e7f-90b1-448dd9508b96 204 0 - 0.275 ms
[2026-06-16 00:20:09:209] [INFO]: GET /api/products/81cf1308-1859-4e7f-90b1-448dd9508b96/status 200 5457 - 57.588 ms
[2026-06-16 00:20:09:209] [INFO]: GET /api/users?productId=81cf1308-1859-4e7f-90b1-448dd9508b96 200 2 - 37.276 ms
[2026-06-16 00:20:09:209] [INFO]: GET /api/products/81cf1308-1859-4e7f-90b1-448dd9508b96/status 304 - - 22.766 ms
[2026-06-16 00:20:09:209] [INFO]: GET /api/users?productId=81cf1308-1859-4e7f-90b1-448dd9508b96 304 - - 18.155 ms
[2026-06-16 00:20:09:209] [INFO]: GET /api/users?productId=81cf1308-1859-4e7f-90b1-448dd9508b96 304 - - 7.862 ms
[2026-06-16 00:20:09:209] [INFO]: GET /api/products/81cf1308-1859-4e7f-90b1-448dd9508b96/status 304 - - 15.272 ms
[2026-06-16 00:20:19:2019] [INFO]: OPTIONS /api/requirements-mapping?projectId=81cf1308-1859-4e7f-90b1-448dd9508b96 204 0 - 0.177 ms
[2026-06-16 00:20:19:2019] [INFO]: OPTIONS /api/user-stories?productId=81cf1308-1859-4e7f-90b1-448dd9508b96 204 0 - 0.293 ms
[2026-06-16 00:20:19:2019] [INFO]: OPTIONS /api/functional-requirements?productId=81cf1308-1859-4e7f-90b1-448dd9508b96 204 0 - 0.160 ms
[2026-06-16 00:20:19:2019] [INFO]: OPTIONS /api/requirements-mapping?projectId=81cf1308-1859-4e7f-90b1-448dd9508b96 204 0 - 1.230 ms
[2026-06-16 00:20:19:2019] [INFO]: OPTIONS /api/user-stories?productId=81cf1308-1859-4e7f-90b1-448dd9508b96 204 0 - 0.249 ms
[2026-06-16 00:20:19:2019] [INFO]: GET /api/functional-requirements?productId=81cf1308-1859-4e7f-90b1-448dd9508b96 200 1503 - 9.923 ms
[2026-06-16 00:20:19:2019] [INFO]: GET /api/user-stories?productId=81cf1308-1859-4e7f-90b1-448dd9508b96 200 5742 - 21.088 ms
[2026-06-16 00:20:19:2019] [INFO]: GET /api/functional-requirements?productId=81cf1308-1859-4e7f-90b1-448dd9508b96 304 - - 6.515 ms
[2026-06-16 00:20:19:2019] [INFO]: GET /api/user-stories?productId=81cf1308-1859-4e7f-90b1-448dd9508b96 304 - - 10.803 ms
[2026-06-16 00:20:19:2019] [INFO]: GET /api/requirements-mapping?projectId=81cf1308-1859-4e7f-90b1-448dd9508b96 200 5233 - 59.609 ms
[2026-06-16 00:20:19:2019] [INFO]: GET /api/requirements-mapping?projectId=81cf1308-1859-4e7f-90b1-448dd9508b96 304 - - 13.252 ms
[2026-06-16 00:20:32:2032] [INFO]: OPTIONS /api/user-stories?productId=81cf1308-1859-4e7f-90b1-448dd9508b96 204 0 - 0.195 ms
[2026-06-16 00:20:32:2032] [INFO]: OPTIONS /api/users?productId=81cf1308-1859-4e7f-90b1-448dd9508b96 204 0 - 0.286 ms
[2026-06-16 00:20:32:2032] [INFO]: OPTIONS /api/user-stories?productId=81cf1308-1859-4e7f-90b1-448dd9508b96 204 0 - 2.416 ms
[2026-06-16 00:20:32:2032] [INFO]: OPTIONS /api/users?productId=81cf1308-1859-4e7f-90b1-448dd9508b96 204 0 - 0.341 ms
[2026-06-16 00:20:32:2032] [INFO]: GET /api/users?productId=81cf1308-1859-4e7f-90b1-448dd9508b96 304 - - 8.775 ms
[2026-06-16 00:20:32:2032] [INFO]: GET /api/user-stories?productId=81cf1308-1859-4e7f-90b1-448dd9508b96 304 - - 24.104 ms
[2026-06-16 00:20:32:2032] [INFO]: GET /api/users?productId=81cf1308-1859-4e7f-90b1-448dd9508b96 304 - - 9.161 ms
[2026-06-16 00:20:32:2032] [INFO]: GET /api/user-stories?productId=81cf1308-1859-4e7f-90b1-448dd9508b96 304 - - 14.060 ms
[2026-06-16 00:20:44:2044] [INFO]: OPTIONS /api/features?productId=81cf1308-1859-4e7f-90b1-448dd9508b96 204 0 - 0.248 ms
[2026-06-16 00:20:44:2044] [INFO]: OPTIONS /api/users?productId=81cf1308-1859-4e7f-90b1-448dd9508b96 204 0 - 0.222 ms
[2026-06-16 00:20:44:2044] [INFO]: OPTIONS /api/features?productId=81cf1308-1859-4e7f-90b1-448dd9508b96 204 0 - 0.141 ms
[2026-06-16 00:20:44:2044] [INFO]: OPTIONS /api/users?productId=81cf1308-1859-4e7f-90b1-448dd9508b96 204 0 - 0.188 ms
[2026-06-16 00:20:44:2044] [INFO]: GET /api/users?productId=81cf1308-1859-4e7f-90b1-448dd9508b96 304 - - 4.032 ms
[2026-06-16 00:20:44:2044] [INFO]: GET /api/features?productId=81cf1308-1859-4e7f-90b1-448dd9508b96 200 3358 - 11.855 ms
[2026-06-16 00:20:44:2044] [INFO]: GET /api/features?productId=81cf1308-1859-4e7f-90b1-448dd9508b96 304 - - 8.760 ms
[2026-06-16 00:20:44:2044] [INFO]: GET /api/users?productId=81cf1308-1859-4e7f-90b1-448dd9508b96 304 - - 21.761 ms
[2026-06-16 00:28:46:2846] [INFO]: ==================================================
[2026-06-16 00:28:46:2846] [INFO]: 🚀 TKS API Server with Socket.IO is running on port: 5000
[2026-06-16 00:28:46:2846] [INFO]: 🔐 Bypass MS Auth status: true
[2026-06-16 00:28:46:2846] [INFO]: ==================================================
[2026-06-16 00:29:19:2919] [INFO]: OPTIONS /api/products 204 0 - 2.613 ms
[2026-06-16 00:29:19:2919] [INFO]: [SOCKET] User connected: Krishna Shelar (8e2089f4-e03a-4dc3-8eb0-4ed4771a785e) - Socket: SLXO2on7iUQ-fa2EAAAC
[2026-06-16 00:29:19:2919] [INFO]: [SOCKET] User connected: Krishna Shelar (8e2089f4-e03a-4dc3-8eb0-4ed4771a785e) - Socket: 7G6nZ0W_Aj1CNOu5AAAD
[2026-06-16 00:29:19:2919] [INFO]: GET /api/products 200 1492 - 111.895 ms
[2026-06-16 00:29:19:2919] [INFO]: GET /api/products 304 - - 8.067 ms
[2026-06-16 00:29:19:2919] [INFO]: OPTIONS /api/products/497b950c-2b5e-4cca-803e-2f0c99bc7260/status 204 0 - 0.316 ms
[2026-06-16 00:29:19:2919] [INFO]: OPTIONS /api/users?productId=497b950c-2b5e-4cca-803e-2f0c99bc7260 204 0 - 0.525 ms
[2026-06-16 00:29:19:2919] [INFO]: OPTIONS /api/users?productId=497b950c-2b5e-4cca-803e-2f0c99bc7260 204 0 - 0.282 ms
[2026-06-16 00:29:19:2919] [INFO]: GET /api/users?productId=497b950c-2b5e-4cca-803e-2f0c99bc7260 200 2 - 23.191 ms
[2026-06-16 00:29:19:2919] [INFO]: GET /api/products/497b950c-2b5e-4cca-803e-2f0c99bc7260/status 200 5457 - 55.433 ms
[2026-06-16 00:29:19:2919] [INFO]: GET /api/users?productId=497b950c-2b5e-4cca-803e-2f0c99bc7260 304 - - 14.477 ms
[2026-06-16 00:29:19:2919] [INFO]: GET /api/users?productId=497b950c-2b5e-4cca-803e-2f0c99bc7260 304 - - 12.123 ms
[2026-06-16 00:29:19:2919] [INFO]: GET /api/products/497b950c-2b5e-4cca-803e-2f0c99bc7260/status 304 - - 23.819 ms
[2026-06-16 00:29:19:2919] [INFO]: GET /api/products/497b950c-2b5e-4cca-803e-2f0c99bc7260/status 304 - - 14.861 ms
[2026-06-16 00:30:30:3030] [INFO]: POST /api/auth/microsoft 200 479 - 16.921 ms
[2026-06-16 00:30:30:3030] [INFO]: POST /api/auth/microsoft 200 474 - 3.930 ms
[2026-06-16 00:30:30:3030] [INFO]: GET /api/products 200 1492 - 2.945 ms
[2026-06-16 00:30:30:3030] [INFO]: GET /api/features?productId=497b950c-2b5e-4cca-803e-2f0c99bc7260 200 3358 - 7.684 ms
[2026-06-16 00:30:30:3030] [INFO]: POST /api/user-stories/bulk 403 92 - 2.882 ms
[2026-06-16 00:30:30:3030] [INFO]: POST /api/user-stories/bulk 400 121 - 9.595 ms
[2026-06-16 00:30:30:3030] [INFO]: [NOTIFICATION SERVICE] Creating notification for user 9e6cfbda-15fe-48ce-bf8a-f5df126c0f6a: "User Story Assigned via Import"
[2026-06-16 00:30:30:3030] [INFO]: [SOCKET] Emitting event "notification" to user room 9e6cfbda-15fe-48ce-bf8a-f5df126c0f6a
[2026-06-16 00:30:30:3030] [INFO]: [NOTIFICATION SERVICE] Creating notification for user f1ed7772-c93e-4339-90de-752bdef336eb: "User Story Assigned via Import"
[2026-06-16 00:30:30:3030] [INFO]: [SOCKET] Emitting event "notification" to user room f1ed7772-c93e-4339-90de-752bdef336eb
[2026-06-16 00:30:30:3030] [INFO]: POST /api/user-stories/bulk 201 792 - 83.078 ms
[2026-06-16 00:30:30:3030] [INFO]: [NOTIFICATION SERVICE] Creating notification for user 35b57d89-45f6-404a-9bc0-fc6e7586b44e: "CRITICAL: User Story Deleted"
[2026-06-16 00:30:30:3030] [INFO]: [SOCKET] Emitting event "notification" to user room 35b57d89-45f6-404a-9bc0-fc6e7586b44e
[2026-06-16 00:30:30:3030] [INFO]: [NOTIFICATION SERVICE] Creating notification for user 881fa0eb-476b-4c3c-ac12-cdbd67f62532: "CRITICAL: User Story Deleted"
[2026-06-16 00:30:30:3030] [INFO]: [SOCKET] Emitting event "notification" to user room 881fa0eb-476b-4c3c-ac12-cdbd67f62532
[2026-06-16 00:30:30:3030] [INFO]: [NOTIFICATION SERVICE] Creating notification for user acaf7f5c-7b75-4f83-bf97-a6dce4bf16c3: "CRITICAL: User Story Deleted"
[2026-06-16 00:30:30:3030] [INFO]: [SOCKET] Emitting event "notification" to user room acaf7f5c-7b75-4f83-bf97-a6dce4bf16c3
[2026-06-16 00:30:30:3030] [INFO]: [NOTIFICATION SERVICE] Creating notification for user bd0b4468-3c95-4237-84dc-251e48cc6c6b: "CRITICAL: User Story Deleted"
[2026-06-16 00:30:30:3030] [INFO]: [SOCKET] Emitting event "notification" to user room bd0b4468-3c95-4237-84dc-251e48cc6c6b
[2026-06-16 00:30:30:3030] [INFO]: [NOTIFICATION SERVICE] Creating notification for user ccd4add4-6451-458f-bcee-8cf6647e4e3f: "CRITICAL: User Story Deleted"
[2026-06-16 00:30:30:3030] [INFO]: [SOCKET] Emitting event "notification" to user room ccd4add4-6451-458f-bcee-8cf6647e4e3f
[2026-06-16 00:30:30:3030] [INFO]: [NOTIFICATION SERVICE] Creating notification for user ec627fae-c54e-436b-9860-7f0bb1d0a67a: "CRITICAL: User Story Deleted"
[2026-06-16 00:30:30:3030] [INFO]: [SOCKET] Emitting event "notification" to user room ec627fae-c54e-436b-9860-7f0bb1d0a67a
[2026-06-16 00:30:30:3030] [INFO]: [NOTIFICATION SERVICE] Creating notification for user f5a40538-f311-484e-a524-8ff12b2de2d2: "CRITICAL: User Story Deleted"
[2026-06-16 00:30:30:3030] [INFO]: [SOCKET] Emitting event "notification" to user room f5a40538-f311-484e-a524-8ff12b2de2d2
[2026-06-16 00:30:30:3030] [INFO]: DELETE /api/user-stories/4d4721bf-51b6-455e-9479-582d9942f05c 200 46 - 155.278 ms
[2026-06-16 00:30:30:3030] [INFO]: [NOTIFICATION SERVICE] Creating notification for user 35b57d89-45f6-404a-9bc0-fc6e7586b44e: "CRITICAL: User Story Deleted"
[2026-06-16 00:30:30:3030] [INFO]: [SOCKET] Emitting event "notification" to user room 35b57d89-45f6-404a-9bc0-fc6e7586b44e
[2026-06-16 00:30:30:3030] [INFO]: [NOTIFICATION SERVICE] Creating notification for user 881fa0eb-476b-4c3c-ac12-cdbd67f62532: "CRITICAL: User Story Deleted"
[2026-06-16 00:30:30:3030] [INFO]: [SOCKET] Emitting event "notification" to user room 881fa0eb-476b-4c3c-ac12-cdbd67f62532
[2026-06-16 00:30:30:3030] [INFO]: [NOTIFICATION SERVICE] Creating notification for user acaf7f5c-7b75-4f83-bf97-a6dce4bf16c3: "CRITICAL: User Story Deleted"
[2026-06-16 00:30:30:3030] [INFO]: [SOCKET] Emitting event "notification" to user room acaf7f5c-7b75-4f83-bf97-a6dce4bf16c3
[2026-06-16 00:30:30:3030] [INFO]: [NOTIFICATION SERVICE] Creating notification for user bd0b4468-3c95-4237-84dc-251e48cc6c6b: "CRITICAL: User Story Deleted"
[2026-06-16 00:30:30:3030] [INFO]: [SOCKET] Emitting event "notification" to user room bd0b4468-3c95-4237-84dc-251e48cc6c6b
[2026-06-16 00:30:30:3030] [INFO]: [NOTIFICATION SERVICE] Creating notification for user ccd4add4-6451-458f-bcee-8cf6647e4e3f: "CRITICAL: User Story Deleted"
[2026-06-16 00:30:30:3030] [INFO]: [SOCKET] Emitting event "notification" to user room ccd4add4-6451-458f-bcee-8cf6647e4e3f
[2026-06-16 00:30:30:3030] [INFO]: [NOTIFICATION SERVICE] Creating notification for user ec627fae-c54e-436b-9860-7f0bb1d0a67a: "CRITICAL: User Story Deleted"
[2026-06-16 00:30:30:3030] [INFO]: [SOCKET] Emitting event "notification" to user room ec627fae-c54e-436b-9860-7f0bb1d0a67a
[2026-06-16 00:30:30:3030] [INFO]: [NOTIFICATION SERVICE] Creating notification for user f5a40538-f311-484e-a524-8ff12b2de2d2: "CRITICAL: User Story Deleted"
[2026-06-16 00:30:30:3030] [INFO]: [SOCKET] Emitting event "notification" to user room f5a40538-f311-484e-a524-8ff12b2de2d2
[2026-06-16 00:30:30:3030] [INFO]: DELETE /api/user-stories/9010feb7-800b-485a-956c-4d17476c53a8 200 46 - 110.479 ms
[2026-06-16 00:30:46:3046] [INFO]: ==================================================
[2026-06-16 00:30:46:3046] [INFO]: 🚀 TKS API Server with Socket.IO is running on port: 5000
[2026-06-16 00:30:46:3046] [INFO]: 🔐 Bypass MS Auth status: false
[2026-06-16 00:30:46:3046] [INFO]: ==================================================
[2026-06-16 00:30:46:3046] [INFO]: [SOCKET] User connected: Krishna Shelar (8e2089f4-e03a-4dc3-8eb0-4ed4771a785e) - Socket: WBNcBWhNxT6AZYx1AAAB
[2026-06-16 00:30:46:3046] [INFO]: [SOCKET] User connected: Krishna Shelar (8e2089f4-e03a-4dc3-8eb0-4ed4771a785e) - Socket: bi3To39vWq5UNBpaAAAD
[2026-06-16 00:34:07:347] [INFO]: [SOCKET] User disconnected: Krishna Shelar (8e2089f4-e03a-4dc3-8eb0-4ed4771a785e) - Socket: WBNcBWhNxT6AZYx1AAAB
[2026-06-16 00:34:07:347] [INFO]: [SOCKET] User disconnected: Krishna Shelar (8e2089f4-e03a-4dc3-8eb0-4ed4771a785e) - Socket: bi3To39vWq5UNBpaAAAD
[2026-06-16 00:34:09:349] [INFO]: OPTIONS /api/products 204 0 - 3.334 ms
[2026-06-16 00:34:09:349] [INFO]: OPTIONS /api/products 204 0 - 2.919 ms
[2026-06-16 00:34:09:349] [INFO]: [SOCKET] User connected: Krishna Shelar (8e2089f4-e03a-4dc3-8eb0-4ed4771a785e) - Socket: Gs8FGT5GS1csClt2AAAG
[2026-06-16 00:34:09:349] [INFO]: [SOCKET] User connected: Krishna Shelar (8e2089f4-e03a-4dc3-8eb0-4ed4771a785e) - Socket: msJ3seuEv-IHYdWxAAAH
[2026-06-16 00:34:09:349] [INFO]: GET /api/products 304 - - 143.990 ms
[2026-06-16 00:34:09:349] [INFO]: GET /api/products 304 - - 6.882 ms
[2026-06-16 00:34:09:349] [INFO]: OPTIONS /api/products/497b950c-2b5e-4cca-803e-2f0c99bc7260/status 204 0 - 0.438 ms
[2026-06-16 00:34:09:349] [INFO]: OPTIONS /api/users?productId=497b950c-2b5e-4cca-803e-2f0c99bc7260 204 0 - 0.913 ms
[2026-06-16 00:34:09:349] [INFO]: OPTIONS /api/users?productId=497b950c-2b5e-4cca-803e-2f0c99bc7260 204 0 - 0.331 ms
[2026-06-16 00:34:09:349] [INFO]: GET /api/users?productId=497b950c-2b5e-4cca-803e-2f0c99bc7260 304 - - 25.417 ms
[2026-06-16 00:34:09:349] [INFO]: GET /api/products/497b950c-2b5e-4cca-803e-2f0c99bc7260/status 304 - - 37.225 ms
[2026-06-16 00:34:09:349] [INFO]: GET /api/users?productId=497b950c-2b5e-4cca-803e-2f0c99bc7260 304 - - 16.173 ms
[2026-06-16 00:34:09:349] [INFO]: GET /api/users?productId=497b950c-2b5e-4cca-803e-2f0c99bc7260 304 - - 6.969 ms
[2026-06-16 00:34:09:349] [INFO]: GET /api/products/497b950c-2b5e-4cca-803e-2f0c99bc7260/status 304 - - 23.682 ms
[2026-06-16 00:34:09:349] [INFO]: GET /api/products/497b950c-2b5e-4cca-803e-2f0c99bc7260/status 304 - - 13.919 ms
[2026-06-16 00:34:55:3455] [INFO]: OPTIONS /api/users/all 204 0 - 0.161 ms
[2026-06-16 00:34:55:3455] [INFO]: OPTIONS /api/users/all 204 0 - 0.168 ms
[2026-06-16 00:34:55:3455] [INFO]: OPTIONS /api/products 204 0 - 0.182 ms
[2026-06-16 00:34:55:3455] [INFO]: OPTIONS /api/products 204 0 - 0.152 ms
[2026-06-16 00:34:55:3455] [INFO]: GET /api/products 304 - - 19.400 ms
[2026-06-16 00:34:55:3455] [INFO]: GET /api/products 304 - - 17.033 ms
[2026-06-16 00:34:55:3455] [INFO]: GET /api/users/all 200 6301 - 60.226 ms
[2026-06-16 00:34:55:3455] [INFO]: GET /api/users/all 304 - - 28.089 ms
[2026-06-16 00:34:58:3458] [INFO]: OPTIONS /api/users/all/f1ed7772-c93e-4339-90de-752bdef336eb 204 0 - 0.277 ms
[2026-06-16 00:34:58:3458] [INFO]: PUT /api/users/all/f1ed7772-c93e-4339-90de-752bdef336eb 200 44223 - 56.204 ms
[2026-06-16 00:34:58:3458] [INFO]: PUT /api/users/all/f1ed7772-c93e-4339-90de-752bdef336eb 200 44223 - 125.055 ms
[2026-06-16 00:34:58:3458] [INFO]: OPTIONS /api/requirements-mapping?projectId=497b950c-2b5e-4cca-803e-2f0c99bc7260 204 0 - 0.162 ms
[2026-06-16 00:34:58:3458] [INFO]: OPTIONS /api/user-stories?productId=497b950c-2b5e-4cca-803e-2f0c99bc7260 204 0 - 0.168 ms
[2026-06-16 00:34:58:3458] [INFO]: OPTIONS /api/functional-requirements?productId=497b950c-2b5e-4cca-803e-2f0c99bc7260 204 0 - 0.110 ms
[2026-06-16 00:34:58:3458] [INFO]: OPTIONS /api/requirements-mapping?projectId=497b950c-2b5e-4cca-803e-2f0c99bc7260 204 0 - 0.093 ms
[2026-06-16 00:34:58:3458] [INFO]: OPTIONS /api/user-stories?productId=497b950c-2b5e-4cca-803e-2f0c99bc7260 204 0 - 0.094 ms
[2026-06-16 00:34:58:3458] [INFO]: OPTIONS /api/functional-requirements?productId=497b950c-2b5e-4cca-803e-2f0c99bc7260 204 0 - 0.204 ms
[2026-06-16 00:34:58:3458] [INFO]: GET /api/functional-requirements?productId=497b950c-2b5e-4cca-803e-2f0c99bc7260 200 1503 - 16.732 ms
[2026-06-16 00:34:58:3458] [INFO]: GET /api/requirements-mapping?projectId=497b950c-2b5e-4cca-803e-2f0c99bc7260 200 5233 - 53.906 ms
[2026-06-16 00:34:58:3458] [INFO]: GET /api/user-stories?productId=497b950c-2b5e-4cca-803e-2f0c99bc7260 200 94276 - 62.695 ms
[2026-06-16 00:34:58:3458] [INFO]: GET /api/functional-requirements?productId=497b950c-2b5e-4cca-803e-2f0c99bc7260 304 - - 31.385 ms
[2026-06-16 00:34:58:3458] [INFO]: GET /api/requirements-mapping?projectId=497b950c-2b5e-4cca-803e-2f0c99bc7260 304 - - 33.399 ms
[2026-06-16 00:34:58:3458] [INFO]: GET /api/user-stories?productId=497b950c-2b5e-4cca-803e-2f0c99bc7260 304 - - 34.437 ms
[2026-06-16 00:35:00:350] [INFO]: OPTIONS /api/users?productId=497b950c-2b5e-4cca-803e-2f0c99bc7260 204 0 - 0.134 ms
[2026-06-16 00:35:00:350] [INFO]: OPTIONS /api/features?productId=497b950c-2b5e-4cca-803e-2f0c99bc7260 204 0 - 0.143 ms
[2026-06-16 00:35:00:350] [INFO]: OPTIONS /api/users?productId=497b950c-2b5e-4cca-803e-2f0c99bc7260 204 0 - 0.118 ms
[2026-06-16 00:35:00:350] [INFO]: OPTIONS /api/features?productId=497b950c-2b5e-4cca-803e-2f0c99bc7260 204 0 - 0.073 ms
[2026-06-16 00:35:00:350] [INFO]: GET /api/users?productId=497b950c-2b5e-4cca-803e-2f0c99bc7260 304 - - 5.030 ms
[2026-06-16 00:35:00:350] [INFO]: GET /api/user-stories?productId=497b950c-2b5e-4cca-803e-2f0c99bc7260 304 - - 14.834 ms
[2026-06-16 00:35:00:350] [INFO]: GET /api/users?productId=497b950c-2b5e-4cca-803e-2f0c99bc7260 304 - - 5.855 ms
[2026-06-16 00:35:00:350] [INFO]: GET /api/features?productId=497b950c-2b5e-4cca-803e-2f0c99bc7260 200 47219 - 15.240 ms
[2026-06-16 00:35:00:350] [INFO]: GET /api/features?productId=497b950c-2b5e-4cca-803e-2f0c99bc7260 304 - - 15.855 ms
[2026-06-16 00:35:00:350] [INFO]: GET /api/user-stories?productId=497b950c-2b5e-4cca-803e-2f0c99bc7260 304 - - 27.603 ms
[2026-06-16 00:35:02:352] [INFO]: GET /api/users?productId=497b950c-2b5e-4cca-803e-2f0c99bc7260 304 - - 4.141 ms
[2026-06-16 00:35:02:352] [INFO]: GET /api/features?productId=497b950c-2b5e-4cca-803e-2f0c99bc7260 304 - - 10.449 ms
[2026-06-16 00:35:02:352] [INFO]: GET /api/users?productId=497b950c-2b5e-4cca-803e-2f0c99bc7260 304 - - 3.646 ms
[2026-06-16 00:35:02:352] [INFO]: GET /api/features?productId=497b950c-2b5e-4cca-803e-2f0c99bc7260 304 - - 7.420 ms
[2026-06-16 00:35:03:353] [INFO]: GET /api/users?productId=497b950c-2b5e-4cca-803e-2f0c99bc7260 304 - - 3.419 ms
[2026-06-16 00:35:03:353] [INFO]: GET /api/user-stories?productId=497b950c-2b5e-4cca-803e-2f0c99bc7260 304 - - 12.480 ms
[2026-06-16 00:35:03:353] [INFO]: GET /api/features?productId=497b950c-2b5e-4cca-803e-2f0c99bc7260 304 - - 11.051 ms
[2026-06-16 00:35:03:353] [INFO]: GET /api/users?productId=497b950c-2b5e-4cca-803e-2f0c99bc7260 304 - - 8.356 ms
[2026-06-16 00:35:03:353] [INFO]: GET /api/user-stories?productId=497b950c-2b5e-4cca-803e-2f0c99bc7260 304 - - 11.717 ms
[2026-06-16 00:35:03:353] [INFO]: GET /api/features?productId=497b950c-2b5e-4cca-803e-2f0c99bc7260 304 - - 11.552 ms
[2026-06-16 00:35:04:354] [INFO]: OPTIONS /api/requirements-mapping?projectId=497b950c-2b5e-4cca-803e-2f0c99bc7260 204 0 - 0.114 ms
[2026-06-16 00:35:04:354] [INFO]: OPTIONS /api/user-stories?productId=497b950c-2b5e-4cca-803e-2f0c99bc7260 204 0 - 0.082 ms
[2026-06-16 00:35:04:354] [INFO]: OPTIONS /api/functional-requirements?productId=497b950c-2b5e-4cca-803e-2f0c99bc7260 204 0 - 0.105 ms
[2026-06-16 00:35:04:354] [INFO]: OPTIONS /api/requirements-mapping?projectId=497b950c-2b5e-4cca-803e-2f0c99bc7260 204 0 - 0.130 ms
[2026-06-16 00:35:04:354] [INFO]: OPTIONS /api/user-stories?productId=497b950c-2b5e-4cca-803e-2f0c99bc7260 204 0 - 0.089 ms
[2026-06-16 00:35:04:354] [INFO]: OPTIONS /api/functional-requirements?productId=497b950c-2b5e-4cca-803e-2f0c99bc7260 204 0 - 0.844 ms
[2026-06-16 00:35:04:354] [INFO]: GET /api/functional-requirements?productId=497b950c-2b5e-4cca-803e-2f0c99bc7260 304 - - 3.705 ms
[2026-06-16 00:35:04:354] [INFO]: GET /api/user-stories?productId=497b950c-2b5e-4cca-803e-2f0c99bc7260 304 - - 11.093 ms
[2026-06-16 00:35:04:354] [INFO]: GET /api/functional-requirements?productId=497b950c-2b5e-4cca-803e-2f0c99bc7260 304 - - 4.712 ms
[2026-06-16 00:35:04:354] [INFO]: GET /api/user-stories?productId=497b950c-2b5e-4cca-803e-2f0c99bc7260 304 - - 14.367 ms
[2026-06-16 00:35:04:354] [INFO]: GET /api/requirements-mapping?projectId=497b950c-2b5e-4cca-803e-2f0c99bc7260 304 - - 34.511 ms
[2026-06-16 00:35:04:354] [INFO]: GET /api/requirements-mapping?projectId=497b950c-2b5e-4cca-803e-2f0c99bc7260 304 - - 14.977 ms
[2026-06-16 00:45:09:459] [INFO]: [SOCKET] User disconnected: Krishna Shelar (8e2089f4-e03a-4dc3-8eb0-4ed4771a785e) - Socket: Gs8FGT5GS1csClt2AAAG
[2026-06-16 00:45:09:459] [INFO]: [SOCKET] User disconnected: Krishna Shelar (8e2089f4-e03a-4dc3-8eb0-4ed4771a785e) - Socket: msJ3seuEv-IHYdWxAAAH
[2026-06-16 00:55:47:5547] [INFO]: [SOCKET] User connected: Krishna Shelar (8e2089f4-e03a-4dc3-8eb0-4ed4771a785e) - Socket: hP2_JXmxhAcgvJ77AAAK
[2026-06-16 00:55:47:5547] [INFO]: [SOCKET] User connected: Krishna Shelar (8e2089f4-e03a-4dc3-8eb0-4ed4771a785e) - Socket: M8OiYQXxOBhO9_SRAAAL
[2026-06-16 00:55:47:5547] [INFO]: [SOCKET] User disconnected: Krishna Shelar (8e2089f4-e03a-4dc3-8eb0-4ed4771a785e) - Socket: hP2_JXmxhAcgvJ77AAAK
[2026-06-16 00:55:47:5547] [INFO]: [SOCKET] User disconnected: Krishna Shelar (8e2089f4-e03a-4dc3-8eb0-4ed4771a785e) - Socket: M8OiYQXxOBhO9_SRAAAL
[2026-06-16 00:55:47:5547] [INFO]: OPTIONS /api/products 204 0 - 0.182 ms
[2026-06-16 00:55:47:5547] [INFO]: [SOCKET] User connected: Krishna Shelar (8e2089f4-e03a-4dc3-8eb0-4ed4771a785e) - Socket: 0jWII_5HAAn6G3l4AAAO
[2026-06-16 00:55:47:5547] [INFO]: [SOCKET] User connected: Krishna Shelar (8e2089f4-e03a-4dc3-8eb0-4ed4771a785e) - Socket: HHwRwYhDkG2TwIhQAAAP
[2026-06-16 00:55:47:5547] [INFO]: GET /api/products 304 - - 112.987 ms
[2026-06-16 00:55:47:5547] [INFO]: OPTIONS /api/products/497b950c-2b5e-4cca-803e-2f0c99bc7260/status 204 0 - 0.198 ms
[2026-06-16 00:55:47:5547] [INFO]: OPTIONS /api/users?productId=497b950c-2b5e-4cca-803e-2f0c99bc7260 204 0 - 0.158 ms
[2026-06-16 00:55:47:5547] [INFO]: OPTIONS /api/users?productId=497b950c-2b5e-4cca-803e-2f0c99bc7260 204 0 - 0.883 ms
[2026-06-16 00:55:47:5547] [INFO]: OPTIONS /api/products/497b950c-2b5e-4cca-803e-2f0c99bc7260/status 204 0 - 0.071 ms
[2026-06-16 00:55:47:5547] [INFO]: GET /api/products 304 - - 131.607 ms
[2026-06-16 00:55:47:5547] [INFO]: GET /api/users?productId=497b950c-2b5e-4cca-803e-2f0c99bc7260 304 - - 29.880 ms
[2026-06-16 00:55:47:5547] [INFO]: GET /api/products/497b950c-2b5e-4cca-803e-2f0c99bc7260/status 200 93179 - 40.668 ms
[2026-06-16 00:55:47:5547] [INFO]: GET /api/users?productId=497b950c-2b5e-4cca-803e-2f0c99bc7260 304 - - 33.014 ms
[2026-06-16 00:55:47:5547] [INFO]: GET /api/users?productId=497b950c-2b5e-4cca-803e-2f0c99bc7260 304 - - 24.525 ms
[2026-06-16 00:55:47:5547] [INFO]: GET /api/products/497b950c-2b5e-4cca-803e-2f0c99bc7260/status 304 - - 57.762 ms
[2026-06-16 00:55:48:5548] [INFO]: GET /api/products/497b950c-2b5e-4cca-803e-2f0c99bc7260/status 304 - - 31.841 ms
[2026-06-16 00:56:08:568] [INFO]: [SOCKET] User disconnected: Krishna Shelar (8e2089f4-e03a-4dc3-8eb0-4ed4771a785e) - Socket: 0jWII_5HAAn6G3l4AAAO
[2026-06-16 00:56:08:568] [INFO]: [SOCKET] User disconnected: Krishna Shelar (8e2089f4-e03a-4dc3-8eb0-4ed4771a785e) - Socket: HHwRwYhDkG2TwIhQAAAP
[2026-06-16 00:56:08:568] [INFO]: OPTIONS /api/products 204 0 - 0.144 ms
[2026-06-16 00:56:08:568] [INFO]: OPTIONS /api/products 204 0 - 0.150 ms
[2026-06-16 00:56:08:568] [INFO]: [SOCKET] User connected: Krishna Shelar (8e2089f4-e03a-4dc3-8eb0-4ed4771a785e) - Socket: rutAaKAzycGYfPZRAAAS
[2026-06-16 00:56:08:568] [INFO]: [SOCKET] User connected: Krishna Shelar (8e2089f4-e03a-4dc3-8eb0-4ed4771a785e) - Socket: hHEz3dunWfQPYFNGAAAT
[2026-06-16 00:56:08:568] [INFO]: GET /api/products 304 - - 24.887 ms
[2026-06-16 00:56:08:568] [INFO]: GET /api/products 304 - - 6.734 ms
[2026-06-16 00:56:08:568] [INFO]: OPTIONS /api/products/497b950c-2b5e-4cca-803e-2f0c99bc7260/status 204 0 - 0.320 ms
[2026-06-16 00:56:08:568] [INFO]: OPTIONS /api/users?productId=497b950c-2b5e-4cca-803e-2f0c99bc7260 204 0 - 0.204 ms
[2026-06-16 00:56:08:568] [INFO]: OPTIONS /api/products/497b950c-2b5e-4cca-803e-2f0c99bc7260/status 204 0 - 0.159 ms
[2026-06-16 00:56:08:568] [INFO]: OPTIONS /api/users?productId=497b950c-2b5e-4cca-803e-2f0c99bc7260 204 0 - 1.171 ms
[2026-06-16 00:56:09:569] [INFO]: GET /api/users?productId=497b950c-2b5e-4cca-803e-2f0c99bc7260 304 - - 12.591 ms
[2026-06-16 00:56:09:569] [INFO]: GET /api/products/497b950c-2b5e-4cca-803e-2f0c99bc7260/status 304 - - 35.836 ms
[2026-06-16 00:56:09:569] [INFO]: GET /api/users?productId=497b950c-2b5e-4cca-803e-2f0c99bc7260 304 - - 14.159 ms
[2026-06-16 00:56:09:569] [INFO]: GET /api/users?productId=497b950c-2b5e-4cca-803e-2f0c99bc7260 304 - - 13.471 ms
[2026-06-16 00:56:09:569] [INFO]: GET /api/products/497b950c-2b5e-4cca-803e-2f0c99bc7260/status 304 - - 27.767 ms
[2026-06-16 00:56:09:569] [INFO]: GET /api/products/497b950c-2b5e-4cca-803e-2f0c99bc7260/status 304 - - 29.250 ms
[2026-06-16 00:56:19:5619] [INFO]: OPTIONS /api/users/all 204 0 - 0.177 ms
[2026-06-16 00:56:19:5619] [INFO]: OPTIONS /api/products 204 0 - 0.176 ms
[2026-06-16 00:56:19:5619] [INFO]: OPTIONS /api/users/all 204 0 - 0.125 ms
[2026-06-16 00:56:19:5619] [INFO]: OPTIONS /api/products 204 0 - 0.156 ms
[2026-06-16 00:56:19:5619] [INFO]: GET /api/products 304 - - 8.235 ms
[2026-06-16 00:56:19:5619] [INFO]: GET /api/users/all 200 50162 - 40.811 ms
[2026-06-16 00:56:19:5619] [INFO]: GET /api/products 304 - - 30.915 ms
[2026-06-16 00:56:19:5619] [INFO]: GET /api/users/all 304 - - 28.574 ms
[2026-06-16 00:56:21:5621] [INFO]: OPTIONS /api/requirements-mapping?projectId=497b950c-2b5e-4cca-803e-2f0c99bc7260 204 0 - 0.136 ms
[2026-06-16 00:56:21:5621] [INFO]: OPTIONS /api/user-stories?productId=497b950c-2b5e-4cca-803e-2f0c99bc7260 204 0 - 0.082 ms
[2026-06-16 00:56:21:5621] [INFO]: OPTIONS /api/functional-requirements?productId=497b950c-2b5e-4cca-803e-2f0c99bc7260 204 0 - 0.087 ms
[2026-06-16 00:56:21:5621] [INFO]: OPTIONS /api/requirements-mapping?projectId=497b950c-2b5e-4cca-803e-2f0c99bc7260 204 0 - 0.142 ms
[2026-06-16 00:56:21:5621] [INFO]: OPTIONS /api/user-stories?productId=497b950c-2b5e-4cca-803e-2f0c99bc7260 204 0 - 0.125 ms
[2026-06-16 00:56:21:5621] [INFO]: OPTIONS /api/functional-requirements?productId=497b950c-2b5e-4cca-803e-2f0c99bc7260 204 0 - 0.119 ms
[2026-06-16 00:56:21:5621] [INFO]: GET /api/functional-requirements?productId=497b950c-2b5e-4cca-803e-2f0c99bc7260 304 - - 23.923 ms
[2026-06-16 00:56:21:5621] [INFO]: GET /api/user-stories?productId=497b950c-2b5e-4cca-803e-2f0c99bc7260 304 - - 59.390 ms
[2026-06-16 00:56:21:5621] [INFO]: GET /api/requirements-mapping?projectId=497b950c-2b5e-4cca-803e-2f0c99bc7260 304 - - 63.611 ms
[2026-06-16 00:56:21:5621] [INFO]: GET /api/functional-requirements?productId=497b950c-2b5e-4cca-803e-2f0c99bc7260 304 - - 33.204 ms
[2026-06-16 00:56:21:5621] [INFO]: GET /api/user-stories?productId=497b950c-2b5e-4cca-803e-2f0c99bc7260 304 - - 42.253 ms
[2026-06-16 00:56:21:5621] [INFO]: GET /api/requirements-mapping?projectId=497b950c-2b5e-4cca-803e-2f0c99bc7260 304 - - 40.915 ms
[2026-06-16 00:56:22:5622] [INFO]: OPTIONS /api/users?productId=497b950c-2b5e-4cca-803e-2f0c99bc7260 204 0 - 0.120 ms
[2026-06-16 00:56:22:5622] [INFO]: OPTIONS /api/features?productId=497b950c-2b5e-4cca-803e-2f0c99bc7260 204 0 - 0.100 ms
[2026-06-16 00:56:22:5622] [INFO]: OPTIONS /api/users?productId=497b950c-2b5e-4cca-803e-2f0c99bc7260 204 0 - 0.125 ms
[2026-06-16 00:56:22:5622] [INFO]: OPTIONS /api/features?productId=497b950c-2b5e-4cca-803e-2f0c99bc7260 204 0 - 0.131 ms
[2026-06-16 00:56:22:5622] [INFO]: GET /api/users?productId=497b950c-2b5e-4cca-803e-2f0c99bc7260 304 - - 11.752 ms
[2026-06-16 00:56:22:5622] [INFO]: GET /api/user-stories?productId=497b950c-2b5e-4cca-803e-2f0c99bc7260 304 - - 28.486 ms
[2026-06-16 00:56:22:5622] [INFO]: GET /api/features?productId=497b950c-2b5e-4cca-803e-2f0c99bc7260 304 - - 25.577 ms
[2026-06-16 00:56:22:5622] [INFO]: GET /api/users?productId=497b950c-2b5e-4cca-803e-2f0c99bc7260 304 - - 16.803 ms
[2026-06-16 00:56:22:5622] [INFO]: GET /api/features?productId=497b950c-2b5e-4cca-803e-2f0c99bc7260 304 - - 21.258 ms
[2026-06-16 00:56:22:5622] [INFO]: GET /api/user-stories?productId=497b950c-2b5e-4cca-803e-2f0c99bc7260 304 - - 32.570 ms
[2026-06-16 00:56:23:5623] [INFO]: GET /api/users?productId=497b950c-2b5e-4cca-803e-2f0c99bc7260 304 - - 3.369 ms
[2026-06-16 00:56:23:5623] [INFO]: GET /api/features?productId=497b950c-2b5e-4cca-803e-2f0c99bc7260 304 - - 11.508 ms
[2026-06-16 00:56:23:5623] [INFO]: GET /api/users?productId=497b950c-2b5e-4cca-803e-2f0c99bc7260 304 - - 4.933 ms
[2026-06-16 00:56:23:5623] [INFO]: GET /api/features?productId=497b950c-2b5e-4cca-803e-2f0c99bc7260 304 - - 8.122 ms
[2026-06-16 00:56:30:5630] [INFO]: [SOCKET] User disconnected: Krishna Shelar (8e2089f4-e03a-4dc3-8eb0-4ed4771a785e) - Socket: rutAaKAzycGYfPZRAAAS
[2026-06-16 00:56:30:5630] [INFO]: [SOCKET] User disconnected: Krishna Shelar (8e2089f4-e03a-4dc3-8eb0-4ed4771a785e) - Socket: hHEz3dunWfQPYFNGAAAT
[2026-06-16 00:56:31:5631] [INFO]: OPTIONS /api/products 204 0 - 0.110 ms
[2026-06-16 00:56:31:5631] [INFO]: OPTIONS /api/products 204 0 - 0.123 ms
[2026-06-16 00:56:31:5631] [INFO]: GET /api/products 304 - - 6.373 ms
[2026-06-16 00:56:31:5631] [INFO]: [SOCKET] User connected: Krishna Shelar (8e2089f4-e03a-4dc3-8eb0-4ed4771a785e) - Socket: elGk19KwJiQiIHQ1AAAW
[2026-06-16 00:56:31:5631] [INFO]: GET /api/products 304 - - 7.852 ms
[2026-06-16 00:56:31:5631] [INFO]: [SOCKET] User connected: Krishna Shelar (8e2089f4-e03a-4dc3-8eb0-4ed4771a785e) - Socket: p8XX_hVMj4JKsD6YAAAX
[2026-06-16 00:56:31:5631] [INFO]: OPTIONS /api/products/497b950c-2b5e-4cca-803e-2f0c99bc7260/status 204 0 - 0.157 ms
[2026-06-16 00:56:31:5631] [INFO]: OPTIONS /api/users?productId=497b950c-2b5e-4cca-803e-2f0c99bc7260 204 0 - 0.165 ms
[2026-06-16 00:56:31:5631] [INFO]: OPTIONS /api/users?productId=497b950c-2b5e-4cca-803e-2f0c99bc7260 204 0 - 0.271 ms
[2026-06-16 00:56:31:5631] [INFO]: OPTIONS /api/products/497b950c-2b5e-4cca-803e-2f0c99bc7260/status 204 0 - 0.479 ms
[2026-06-16 00:56:31:5631] [INFO]: GET /api/products/497b950c-2b5e-4cca-803e-2f0c99bc7260/status 304 - - 33.724 ms
[2026-06-16 00:56:31:5631] [INFO]: GET /api/users?productId=497b950c-2b5e-4cca-803e-2f0c99bc7260 304 - - 15.577 ms
[2026-06-16 00:56:31:5631] [INFO]: GET /api/users?productId=497b950c-2b5e-4cca-803e-2f0c99bc7260 304 - - 14.401 ms
[2026-06-16 00:56:31:5631] [INFO]: GET /api/products/497b950c-2b5e-4cca-803e-2f0c99bc7260/status 304 - - 41.059 ms
[2026-06-16 00:56:31:5631] [INFO]: GET /api/users?productId=497b950c-2b5e-4cca-803e-2f0c99bc7260 304 - - 21.238 ms
[2026-06-16 00:56:31:5631] [INFO]: GET /api/products/497b950c-2b5e-4cca-803e-2f0c99bc7260/status 304 - - 21.646 ms
[2026-06-16 00:57:28:5728] [INFO]: OPTIONS /api/user-stories?productId=497b950c-2b5e-4cca-803e-2f0c99bc7260 204 0 - 0.160 ms
[2026-06-16 00:57:28:5728] [INFO]: OPTIONS /api/users?productId=497b950c-2b5e-4cca-803e-2f0c99bc7260 204 0 - 0.087 ms
[2026-06-16 00:57:28:5728] [INFO]: OPTIONS /api/features?productId=497b950c-2b5e-4cca-803e-2f0c99bc7260 204 0 - 0.978 ms
[2026-06-16 00:57:28:5728] [INFO]: OPTIONS /api/user-stories?productId=497b950c-2b5e-4cca-803e-2f0c99bc7260 204 0 - 0.162 ms
[2026-06-16 00:57:28:5728] [INFO]: OPTIONS /api/users?productId=497b950c-2b5e-4cca-803e-2f0c99bc7260 204 0 - 0.143 ms
[2026-06-16 00:57:28:5728] [INFO]: OPTIONS /api/features?productId=497b950c-2b5e-4cca-803e-2f0c99bc7260 204 0 - 0.131 ms
[2026-06-16 00:57:28:5728] [INFO]: GET /api/users?productId=497b950c-2b5e-4cca-803e-2f0c99bc7260 304 - - 7.380 ms
[2026-06-16 00:57:28:5728] [INFO]: GET /api/features?productId=497b950c-2b5e-4cca-803e-2f0c99bc7260 304 - - 15.299 ms
[2026-06-16 00:57:28:5728] [INFO]: GET /api/user-stories?productId=497b950c-2b5e-4cca-803e-2f0c99bc7260 304 - - 19.366 ms
[2026-06-16 00:57:28:5728] [INFO]: GET /api/features?productId=497b950c-2b5e-4cca-803e-2f0c99bc7260 304 - - 16.795 ms
[2026-06-16 00:57:28:5728] [INFO]: GET /api/users?productId=497b950c-2b5e-4cca-803e-2f0c99bc7260 304 - - 37.736 ms
[2026-06-16 00:57:28:5728] [INFO]: GET /api/user-stories?productId=497b950c-2b5e-4cca-803e-2f0c99bc7260 304 - - 31.349 ms
[2026-06-16 00:57:41:5741] [INFO]: OPTIONS /api/requirements-mapping?projectId=497b950c-2b5e-4cca-803e-2f0c99bc7260 204 0 - 0.139 ms
[2026-06-16 00:57:41:5741] [INFO]: OPTIONS /api/user-stories?productId=497b950c-2b5e-4cca-803e-2f0c99bc7260 204 0 - 0.160 ms
[2026-06-16 00:57:41:5741] [INFO]: OPTIONS /api/functional-requirements?productId=497b950c-2b5e-4cca-803e-2f0c99bc7260 204 0 - 0.743 ms
[2026-06-16 00:57:41:5741] [INFO]: OPTIONS /api/requirements-mapping?projectId=497b950c-2b5e-4cca-803e-2f0c99bc7260 204 0 - 0.085 ms
[2026-06-16 00:57:41:5741] [INFO]: OPTIONS /api/user-stories?productId=497b950c-2b5e-4cca-803e-2f0c99bc7260 204 0 - 0.075 ms
[2026-06-16 00:57:41:5741] [INFO]: OPTIONS /api/functional-requirements?productId=497b950c-2b5e-4cca-803e-2f0c99bc7260 204 0 - 0.088 ms
[2026-06-16 00:57:41:5741] [INFO]: GET /api/functional-requirements?productId=497b950c-2b5e-4cca-803e-2f0c99bc7260 304 - - 7.272 ms
[2026-06-16 00:57:41:5741] [INFO]: GET /api/requirements-mapping?projectId=497b950c-2b5e-4cca-803e-2f0c99bc7260 304 - - 19.901 ms
[2026-06-16 00:57:41:5741] [INFO]: GET /api/user-stories?productId=497b950c-2b5e-4cca-803e-2f0c99bc7260 304 - - 21.203 ms
[2026-06-16 00:57:41:5741] [INFO]: GET /api/functional-requirements?productId=497b950c-2b5e-4cca-803e-2f0c99bc7260 304 - - 12.078 ms
[2026-06-16 00:57:41:5741] [INFO]: GET /api/requirements-mapping?projectId=497b950c-2b5e-4cca-803e-2f0c99bc7260 304 - - 24.030 ms
[2026-06-16 00:57:41:5741] [INFO]: GET /api/user-stories?productId=497b950c-2b5e-4cca-803e-2f0c99bc7260 304 - - 26.710 ms
[2026-06-16 00:57:41:5741] [INFO]: OPTIONS /api/users/all 204 0 - 0.108 ms
[2026-06-16 00:57:41:5741] [INFO]: OPTIONS /api/products 204 0 - 0.079 ms
[2026-06-16 00:57:41:5741] [INFO]: OPTIONS /api/users/all 204 0 - 0.080 ms
[2026-06-16 00:57:41:5741] [INFO]: OPTIONS /api/products 204 0 - 0.184 ms
[2026-06-16 00:57:41:5741] [INFO]: GET /api/products 304 - - 3.839 ms
[2026-06-16 00:57:41:5741] [INFO]: GET /api/products 304 - - 3.375 ms
[2026-06-16 00:57:41:5741] [INFO]: GET /api/users/all 304 - - 15.020 ms
[2026-06-16 00:57:41:5741] [INFO]: GET /api/users/all 304 - - 12.099 ms
[2026-06-16 00:57:42:5742] [INFO]: OPTIONS /api/features?productId=497b950c-2b5e-4cca-803e-2f0c99bc7260 204 0 - 0.189 ms
[2026-06-16 00:57:42:5742] [INFO]: OPTIONS /api/users?productId=497b950c-2b5e-4cca-803e-2f0c99bc7260 204 0 - 0.186 ms
[2026-06-16 00:57:42:5742] [INFO]: OPTIONS /api/features?productId=497b950c-2b5e-4cca-803e-2f0c99bc7260 204 0 - 0.085 ms
[2026-06-16 00:57:42:5742] [INFO]: OPTIONS /api/users?productId=497b950c-2b5e-4cca-803e-2f0c99bc7260 204 0 - 0.121 ms
[2026-06-16 00:57:42:5742] [INFO]: GET /api/users?productId=497b950c-2b5e-4cca-803e-2f0c99bc7260 304 - - 3.839 ms
[2026-06-16 00:57:42:5742] [INFO]: GET /api/features?productId=497b950c-2b5e-4cca-803e-2f0c99bc7260 304 - - 8.684 ms
[2026-06-16 00:57:42:5742] [INFO]: GET /api/users?productId=497b950c-2b5e-4cca-803e-2f0c99bc7260 304 - - 4.177 ms
[2026-06-16 00:57:42:5742] [INFO]: GET /api/features?productId=497b950c-2b5e-4cca-803e-2f0c99bc7260 304 - - 10.702 ms
[2026-06-16 00:58:11:5811] [INFO]: [SOCKET] User disconnected: Krishna Shelar (8e2089f4-e03a-4dc3-8eb0-4ed4771a785e) - Socket: elGk19KwJiQiIHQ1AAAW
[2026-06-16 00:58:11:5811] [INFO]: [SOCKET] User disconnected: Krishna Shelar (8e2089f4-e03a-4dc3-8eb0-4ed4771a785e) - Socket: p8XX_hVMj4JKsD6YAAAX
[2026-06-16 10:28:14:2814] [INFO]: ==================================================
[2026-06-16 10:28:14:2814] [INFO]: 🚀 TKS API Server with Socket.IO is running on port: 5000
[2026-06-16 10:28:14:2814] [INFO]: 🔐 Bypass MS Auth status: false
[2026-06-16 10:28:14:2814] [INFO]: ==================================================
[2026-06-16 10:28:35:2835] [INFO]: OPTIONS /api/products 204 0 - 2.213 ms
[2026-06-16 10:28:35:2835] [INFO]: OPTIONS /api/products 204 0 - 0.250 ms
[2026-06-16 10:28:35:2835] [INFO]: GET /api/products 401 39 - 40.297 ms
[2026-06-16 10:28:35:2835] [INFO]: GET /api/products 401 39 - 5.604 ms
[2026-06-16 10:28:35:2835] [ERROR]: [SOCKET] Connection rejected: Invalid authorization token. Error: jwt expired
[2026-06-16 10:28:35:2835] [ERROR]: [SOCKET] Connection rejected: Invalid authorization token. Error: jwt expired
[2026-06-16 10:30:26:3026] [INFO]: ==================================================
[2026-06-16 10:30:26:3026] [INFO]: 🚀 TKS API Server with Socket.IO is running on port: 5000
[2026-06-16 10:30:26:3026] [INFO]: 🔐 Bypass MS Auth status: false
[2026-06-16 10:30:26:3026] [INFO]: ==================================================
[2026-06-16 10:30:55:3055] [INFO]: OPTIONS /api/auth/microsoft 204 0 - 2.616 ms
[2026-06-16 10:30:55:3055] [INFO]: POST /api/auth/microsoft 200 44335 - 434.128 ms
[2026-06-16 10:30:55:3055] [INFO]: OPTIONS /api/products 204 0 - 0.322 ms
[2026-06-16 10:30:55:3055] [INFO]: OPTIONS /api/products 204 0 - 0.278 ms
[2026-06-16 10:30:55:3055] [INFO]: GET /api/products 304 - - 12.343 ms
[2026-06-16 10:30:55:3055] [INFO]: [SOCKET] User connected: Krishna Shelar (f1ed7772-c93e-4339-90de-752bdef336eb) - Socket: 1bd4YIPWJ06QN0j-AAAC
[2026-06-16 10:30:55:3055] [INFO]: [SOCKET] User connected: Krishna Shelar (f1ed7772-c93e-4339-90de-752bdef336eb) - Socket: 9ovTVec6V1NWs3YKAAAD
[2026-06-16 10:30:55:3055] [INFO]: GET /api/products 304 - - 13.694 ms
[2026-06-16 10:30:55:3055] [INFO]: OPTIONS /api/products/497b950c-2b5e-4cca-803e-2f0c99bc7260/status 204 0 - 0.158 ms
[2026-06-16 10:30:55:3055] [INFO]: OPTIONS /api/users?productId=497b950c-2b5e-4cca-803e-2f0c99bc7260 204 0 - 0.185 ms
[2026-06-16 10:30:55:3055] [INFO]: OPTIONS /api/products/497b950c-2b5e-4cca-803e-2f0c99bc7260/status 204 0 - 0.149 ms
[2026-06-16 10:30:55:3055] [INFO]: OPTIONS /api/users?productId=497b950c-2b5e-4cca-803e-2f0c99bc7260 204 0 - 0.176 ms
[2026-06-16 10:30:55:3055] [INFO]: GET /api/users?productId=497b950c-2b5e-4cca-803e-2f0c99bc7260 304 - - 12.408 ms
[2026-06-16 10:30:55:3055] [INFO]: GET /api/products/497b950c-2b5e-4cca-803e-2f0c99bc7260/status 304 - - 24.866 ms
[2026-06-16 10:30:55:3055] [INFO]: GET /api/users?productId=497b950c-2b5e-4cca-803e-2f0c99bc7260 304 - - 9.083 ms
[2026-06-16 10:30:55:3055] [INFO]: GET /api/users?productId=497b950c-2b5e-4cca-803e-2f0c99bc7260 304 - - 3.959 ms
[2026-06-16 10:30:56:3056] [INFO]: GET /api/products/497b950c-2b5e-4cca-803e-2f0c99bc7260/status 304 - - 18.001 ms
[2026-06-16 10:30:56:3056] [INFO]: GET /api/products/497b950c-2b5e-4cca-803e-2f0c99bc7260/status 304 - - 11.023 ms
[2026-06-16 10:31:03:313] [INFO]: OPTIONS /api/products/d327dc4d-1f2b-42f3-9bea-4958ab4a4bc4/status 204 0 - 0.157 ms
[2026-06-16 10:31:03:313] [INFO]: OPTIONS /api/users?productId=d327dc4d-1f2b-42f3-9bea-4958ab4a4bc4 204 0 - 0.143 ms
[2026-06-16 10:31:03:313] [INFO]: GET /api/users?productId=d327dc4d-1f2b-42f3-9bea-4958ab4a4bc4 200 2 - 6.030 ms
[2026-06-16 10:31:03:313] [INFO]: GET /api/products/d327dc4d-1f2b-42f3-9bea-4958ab4a4bc4/status 200 1486 - 10.123 ms
[2026-06-16 10:31:07:317] [INFO]: OPTIONS /api/products/497b950c-2b5e-4cca-803e-2f0c99bc7260/status 204 0 - 0.174 ms
[2026-06-16 10:31:07:317] [INFO]: OPTIONS /api/users?productId=497b950c-2b5e-4cca-803e-2f0c99bc7260 204 0 - 0.109 ms
[2026-06-16 10:31:07:317] [INFO]: GET /api/users?productId=497b950c-2b5e-4cca-803e-2f0c99bc7260 304 - - 2.928 ms
[2026-06-16 10:31:07:317] [INFO]: GET /api/products/497b950c-2b5e-4cca-803e-2f0c99bc7260/status 304 - - 7.363 ms
[2026-06-16 10:33:14:3314] [INFO]: ==================================================
[2026-06-16 10:33:14:3314] [INFO]: 🚀 TKS API Server with Socket.IO is running on port: 5000
[2026-06-16 10:33:14:3314] [INFO]: 🔐 Bypass MS Auth status: false
[2026-06-16 10:33:14:3314] [INFO]: ==================================================
[2026-06-16 10:33:17:3317] [INFO]: [SOCKET] User connected: Krishna Shelar (f1ed7772-c93e-4339-90de-752bdef336eb) - Socket: 2eTEz4b8-8Etl8lAAAAC
[2026-06-16 10:33:17:3317] [INFO]: [SOCKET] User connected: Krishna Shelar (f1ed7772-c93e-4339-90de-752bdef336eb) - Socket: wl0sPyJhI1PuK9DTAAAD
[2026-06-16 10:35:09:359] [INFO]: [SOCKET] User disconnected: Krishna Shelar (f1ed7772-c93e-4339-90de-752bdef336eb) - Socket: 2eTEz4b8-8Etl8lAAAAC
[2026-06-16 10:35:09:359] [INFO]: [SOCKET] User disconnected: Krishna Shelar (f1ed7772-c93e-4339-90de-752bdef336eb) - Socket: wl0sPyJhI1PuK9DTAAAD
[2026-06-16 10:35:09:359] [INFO]: OPTIONS /api/products 204 0 - 1.489 ms
[2026-06-16 10:35:09:359] [INFO]: OPTIONS /api/products 204 0 - 2.773 ms
[2026-06-16 10:35:09:359] [INFO]: [SOCKET] User connected: Krishna Shelar (f1ed7772-c93e-4339-90de-752bdef336eb) - Socket: ELerQLVlh4eJTty6AAAG
[2026-06-16 10:35:10:3510] [INFO]: [SOCKET] User connected: Krishna Shelar (f1ed7772-c93e-4339-90de-752bdef336eb) - Socket: E-62YxM1B5CiENHSAAAH
[2026-06-16 10:35:10:3510] [INFO]: GET /api/products 200 1492 - 115.844 ms
[2026-06-16 10:35:10:3510] [INFO]: GET /api/products 304 - - 18.345 ms
[2026-06-16 10:35:10:3510] [INFO]: OPTIONS /api/products/63b3079b-ea58-4099-85bb-541977a85280/status 204 0 - 0.359 ms
[2026-06-16 10:35:10:3510] [INFO]: OPTIONS /api/users?productId=63b3079b-ea58-4099-85bb-541977a85280 204 0 - 0.421 ms
[2026-06-16 10:35:10:3510] [INFO]: OPTIONS /api/users?productId=63b3079b-ea58-4099-85bb-541977a85280 204 0 - 0.360 ms
[2026-06-16 10:35:10:3510] [INFO]: GET /api/users?productId=63b3079b-ea58-4099-85bb-541977a85280 200 2 - 27.658 ms
[2026-06-16 10:35:10:3510] [INFO]: GET /api/products/63b3079b-ea58-4099-85bb-541977a85280/status 200 2 - 46.273 ms
[2026-06-16 10:35:10:3510] [INFO]: GET /api/users?productId=63b3079b-ea58-4099-85bb-541977a85280 304 - - 17.500 ms
[2026-06-16 10:35:10:3510] [INFO]: GET /api/products/63b3079b-ea58-4099-85bb-541977a85280/status 304 - - 27.659 ms
[2026-06-16 10:35:10:3510] [INFO]: GET /api/users?productId=63b3079b-ea58-4099-85bb-541977a85280 304 - - 6.020 ms
[2026-06-16 10:35:10:3510] [INFO]: GET /api/products/63b3079b-ea58-4099-85bb-541977a85280/status 304 - - 9.256 ms
[2026-06-16 10:35:13:3513] [INFO]: OPTIONS /api/products/cc502ed4-3cbd-4bb9-886e-1b8b54c42f01/status 204 0 - 0.152 ms
[2026-06-16 10:35:13:3513] [INFO]: OPTIONS /api/users?productId=cc502ed4-3cbd-4bb9-886e-1b8b54c42f01 204 0 - 0.127 ms
[2026-06-16 10:35:13:3513] [INFO]: GET /api/users?productId=cc502ed4-3cbd-4bb9-886e-1b8b54c42f01 200 2 - 4.936 ms
[2026-06-16 10:35:13:3513] [INFO]: GET /api/products/cc502ed4-3cbd-4bb9-886e-1b8b54c42f01/status 200 2 - 9.924 ms
[2026-06-16 10:35:15:3515] [INFO]: OPTIONS /api/products/05129ec3-6943-4364-8776-b7385aa2ecce/status 204 0 - 0.166 ms
[2026-06-16 10:35:15:3515] [INFO]: OPTIONS /api/users?productId=05129ec3-6943-4364-8776-b7385aa2ecce 204 0 - 0.127 ms
[2026-06-16 10:35:15:3515] [INFO]: GET /api/users?productId=05129ec3-6943-4364-8776-b7385aa2ecce 200 2 - 4.523 ms
[2026-06-16 10:35:15:3515] [INFO]: GET /api/products/05129ec3-6943-4364-8776-b7385aa2ecce/status 200 2 - 9.377 ms
[2026-06-16 10:35:17:3517] [INFO]: OPTIONS /api/products/a3d41ea2-c296-4929-80c2-cbc3fedb0b87/status 204 0 - 0.261 ms
[2026-06-16 10:35:17:3517] [INFO]: OPTIONS /api/users?productId=a3d41ea2-c296-4929-80c2-cbc3fedb0b87 204 0 - 0.100 ms
[2026-06-16 10:35:17:3517] [INFO]: GET /api/products/a3d41ea2-c296-4929-80c2-cbc3fedb0b87/status 200 2 - 4.962 ms
[2026-06-16 10:35:17:3517] [INFO]: GET /api/users?productId=a3d41ea2-c296-4929-80c2-cbc3fedb0b87 200 2 - 4.212 ms
[2026-06-16 10:35:18:3518] [INFO]: OPTIONS /api/features?productId=a3d41ea2-c296-4929-80c2-cbc3fedb0b87 204 0 - 0.170 ms
[2026-06-16 10:35:18:3518] [INFO]: OPTIONS /api/features?productId=a3d41ea2-c296-4929-80c2-cbc3fedb0b87 204 0 - 0.125 ms
[2026-06-16 10:35:18:3518] [INFO]: GET /api/users?productId=a3d41ea2-c296-4929-80c2-cbc3fedb0b87 304 - - 2.648 ms
[2026-06-16 10:35:18:3518] [INFO]: GET /api/features?productId=a3d41ea2-c296-4929-80c2-cbc3fedb0b87 200 1123 - 8.337 ms
[2026-06-16 10:35:18:3518] [INFO]: GET /api/users?productId=a3d41ea2-c296-4929-80c2-cbc3fedb0b87 304 - - 3.345 ms
[2026-06-16 10:35:18:3518] [INFO]: GET /api/features?productId=a3d41ea2-c296-4929-80c2-cbc3fedb0b87 304 - - 7.074 ms
[2026-06-16 10:35:46:3546] [INFO]: OPTIONS /api/features?productId=63b3079b-ea58-4099-85bb-541977a85280 204 0 - 0.121 ms
[2026-06-16 10:35:46:3546] [INFO]: OPTIONS /api/users?productId=63b3079b-ea58-4099-85bb-541977a85280 204 0 - 0.097 ms
[2026-06-16 10:35:46:3546] [INFO]: GET /api/users?productId=63b3079b-ea58-4099-85bb-541977a85280 304 - - 3.559 ms
[2026-06-16 10:35:46:3546] [INFO]: GET /api/features?productId=63b3079b-ea58-4099-85bb-541977a85280 200 47219 - 10.184 ms
[2026-06-16 10:35:53:3553] [INFO]: OPTIONS /api/features?productId=cc502ed4-3cbd-4bb9-886e-1b8b54c42f01 204 0 - 0.137 ms
[2026-06-16 10:35:53:3553] [INFO]: OPTIONS /api/users?productId=cc502ed4-3cbd-4bb9-886e-1b8b54c42f01 204 0 - 0.081 ms
[2026-06-16 10:35:53:3553] [INFO]: GET /api/users?productId=cc502ed4-3cbd-4bb9-886e-1b8b54c42f01 304 - - 2.639 ms
[2026-06-16 10:35:53:3553] [INFO]: GET /api/features?productId=cc502ed4-3cbd-4bb9-886e-1b8b54c42f01 200 45550 - 11.242 ms
[2026-06-16 10:36:15:3615] [INFO]: OPTIONS /api/features?productId=63b3079b-ea58-4099-85bb-541977a85280 204 0 - 0.105 ms
[2026-06-16 10:36:15:3615] [INFO]: OPTIONS /api/users?productId=63b3079b-ea58-4099-85bb-541977a85280 204 0 - 0.073 ms
[2026-06-16 10:36:15:3615] [INFO]: GET /api/users?productId=63b3079b-ea58-4099-85bb-541977a85280 304 - - 2.987 ms
[2026-06-16 10:36:15:3615] [INFO]: GET /api/features?productId=63b3079b-ea58-4099-85bb-541977a85280 304 - - 8.258 ms
[2026-06-16 10:40:03:403] [INFO]: OPTIONS /api/features?productId=63b3079b-ea58-4099-85bb-541977a85280 204 0 - 0.133 ms
[2026-06-16 10:40:03:403] [INFO]: OPTIONS /api/users?productId=63b3079b-ea58-4099-85bb-541977a85280 204 0 - 0.084 ms
[2026-06-16 10:40:03:403] [INFO]: GET /api/users?productId=63b3079b-ea58-4099-85bb-541977a85280 304 - - 6.996 ms
[2026-06-16 10:40:03:403] [INFO]: GET /api/features?productId=63b3079b-ea58-4099-85bb-541977a85280 304 - - 10.754 ms
[2026-06-16 10:41:36:4136] [INFO]: [SOCKET] User disconnected: Krishna Shelar (f1ed7772-c93e-4339-90de-752bdef336eb) - Socket: ELerQLVlh4eJTty6AAAG
[2026-06-16 10:41:36:4136] [INFO]: [SOCKET] User disconnected: Krishna Shelar (f1ed7772-c93e-4339-90de-752bdef336eb) - Socket: E-62YxM1B5CiENHSAAAH
[2026-06-16 10:41:37:4137] [INFO]: OPTIONS /api/products 204 0 - 0.145 ms
[2026-06-16 10:41:37:4137] [INFO]: [SOCKET] User connected: Krishna Shelar (f1ed7772-c93e-4339-90de-752bdef336eb) - Socket: PzWI5nxbtEhMSQ4iAAAK
[2026-06-16 10:41:37:4137] [INFO]: GET /api/products 304 - - 25.982 ms
[2026-06-16 10:41:37:4137] [INFO]: [SOCKET] User connected: Krishna Shelar (f1ed7772-c93e-4339-90de-752bdef336eb) - Socket: hKMifQ-bgDEJF-26AAAL
[2026-06-16 10:41:37:4137] [INFO]: GET /api/products 304 - - 17.802 ms
[2026-06-16 10:41:37:4137] [INFO]: OPTIONS /api/products/63b3079b-ea58-4099-85bb-541977a85280/status 204 0 - 0.211 ms
[2026-06-16 10:41:37:4137] [INFO]: OPTIONS /api/users?productId=63b3079b-ea58-4099-85bb-541977a85280 204 0 - 0.191 ms
[2026-06-16 10:41:37:4137] [INFO]: OPTIONS /api/users?productId=63b3079b-ea58-4099-85bb-541977a85280 204 0 - 0.405 ms
[2026-06-16 10:41:37:4137] [INFO]: GET /api/users?productId=63b3079b-ea58-4099-85bb-541977a85280 304 - - 16.267 ms
[2026-06-16 10:41:37:4137] [INFO]: GET /api/products/63b3079b-ea58-4099-85bb-541977a85280/status 304 - - 42.324 ms
[2026-06-16 10:41:37:4137] [INFO]: GET /api/users?productId=63b3079b-ea58-4099-85bb-541977a85280 304 - - 16.961 ms
[2026-06-16 10:41:37:4137] [INFO]: GET /api/products/63b3079b-ea58-4099-85bb-541977a85280/status 304 - - 17.090 ms
[2026-06-16 10:41:37:4137] [INFO]: GET /api/users?productId=63b3079b-ea58-4099-85bb-541977a85280 304 - - 11.112 ms
[2026-06-16 10:41:37:4137] [INFO]: GET /api/products/63b3079b-ea58-4099-85bb-541977a85280/status 304 - - 11.438 ms
[2026-06-16 10:41:39:4139] [INFO]: OPTIONS /api/features?productId=63b3079b-ea58-4099-85bb-541977a85280 204 0 - 0.097 ms
[2026-06-16 10:41:39:4139] [INFO]: OPTIONS /api/features?productId=63b3079b-ea58-4099-85bb-541977a85280 204 0 - 0.304 ms
[2026-06-16 10:41:39:4139] [INFO]: GET /api/users?productId=63b3079b-ea58-4099-85bb-541977a85280 304 - - 3.130 ms
[2026-06-16 10:41:39:4139] [INFO]: GET /api/users?productId=63b3079b-ea58-4099-85bb-541977a85280 304 - - 3.141 ms
[2026-06-16 10:41:39:4139] [INFO]: GET /api/features?productId=63b3079b-ea58-4099-85bb-541977a85280 304 - - 9.878 ms
[2026-06-16 10:41:39:4139] [INFO]: GET /api/features?productId=63b3079b-ea58-4099-85bb-541977a85280 304 - - 6.440 ms
[2026-06-16 10:44:35:4435] [INFO]: ==================================================
[2026-06-16 10:44:35:4435] [INFO]: 🚀 TKS API Server with Socket.IO is running on port: 5000
[2026-06-16 10:44:35:4435] [INFO]: 🔐 Bypass MS Auth status: true
[2026-06-16 10:44:35:4435] [INFO]: ==================================================
[2026-06-16 10:44:35:4435] [INFO]: [SOCKET] User connected: Krishna Shelar (f1ed7772-c93e-4339-90de-752bdef336eb) - Socket: p3F-pOibQDN_UN_jAAAB
[2026-06-16 10:44:37:4437] [INFO]: [SOCKET] User connected: Krishna Shelar (f1ed7772-c93e-4339-90de-752bdef336eb) - Socket: yhjtq5IBJZU6Mj0oAAAD
[2026-06-16 10:44:49:4449] [INFO]: ==================================================
[2026-06-16 10:44:49:4449] [INFO]: 🚀 TKS API Server with Socket.IO is running on port: 5000
[2026-06-16 10:44:49:4449] [INFO]: 🔐 Bypass MS Auth status: true
[2026-06-16 10:44:49:4449] [INFO]: ==================================================
[2026-06-16 10:44:51:4451] [INFO]: [SOCKET] User connected: Krishna Shelar (f1ed7772-c93e-4339-90de-752bdef336eb) - Socket: BsbyE3Plh_t4x3faAAAB
[2026-06-16 10:44:52:4452] [INFO]: [SOCKET] User connected: Krishna Shelar (f1ed7772-c93e-4339-90de-752bdef336eb) - Socket: 4EDbNi-Bra84exzHAAAD
[2026-06-16 10:45:07:457] [INFO]: ==================================================
[2026-06-16 10:45:07:457] [INFO]: 🚀 TKS API Server with Socket.IO is running on port: 5000
[2026-06-16 10:45:07:457] [INFO]: 🔐 Bypass MS Auth status: true
[2026-06-16 10:45:07:457] [INFO]: ==================================================
[2026-06-16 10:45:09:459] [INFO]: [SOCKET] User connected: Krishna Shelar (f1ed7772-c93e-4339-90de-752bdef336eb) - Socket: ggzOypZIjvLCH5L4AAAC
[2026-06-16 10:45:09:459] [INFO]: [SOCKET] User connected: Krishna Shelar (f1ed7772-c93e-4339-90de-752bdef336eb) - Socket: SiRfH9mDFnUb39PgAAAD
[2026-06-16 10:46:50:4650] [INFO]: [SOCKET] User disconnected: Krishna Shelar (f1ed7772-c93e-4339-90de-752bdef336eb) - Socket: ggzOypZIjvLCH5L4AAAC
[2026-06-16 10:46:50:4650] [INFO]: [SOCKET] User disconnected: Krishna Shelar (f1ed7772-c93e-4339-90de-752bdef336eb) - Socket: SiRfH9mDFnUb39PgAAAD
[2026-06-16 10:46:51:4651] [INFO]: OPTIONS /api/products 204 0 - 2.309 ms
[2026-06-16 10:46:51:4651] [INFO]: OPTIONS /api/products 204 0 - 0.259 ms
[2026-06-16 10:46:51:4651] [INFO]: [SOCKET] User connected: Krishna Shelar (f1ed7772-c93e-4339-90de-752bdef336eb) - Socket: m0gdN1hfg9dSWXbpAAAF
[2026-06-16 10:46:51:4651] [INFO]: [SOCKET] User connected: Krishna Shelar (f1ed7772-c93e-4339-90de-752bdef336eb) - Socket: 7SjUDgJ7SzS_CaiwAAAH
[2026-06-16 10:46:51:4651] [INFO]: GET /api/products 200 1492 - 118.192 ms
[2026-06-16 10:46:51:4651] [INFO]: GET /api/products 304 - - 11.203 ms
[2026-06-16 10:46:51:4651] [INFO]: OPTIONS /api/products/1b8bbda9-3730-4e52-9fcc-267ee31ea167/status 204 0 - 0.374 ms
[2026-06-16 10:46:51:4651] [INFO]: OPTIONS /api/users?productId=1b8bbda9-3730-4e52-9fcc-267ee31ea167 204 0 - 0.246 ms
[2026-06-16 10:46:51:4651] [INFO]: OPTIONS /api/products/1b8bbda9-3730-4e52-9fcc-267ee31ea167/status 204 0 - 0.337 ms
[2026-06-16 10:46:51:4651] [INFO]: OPTIONS /api/users?productId=1b8bbda9-3730-4e52-9fcc-267ee31ea167 204 0 - 0.451 ms
[2026-06-16 10:46:51:4651] [INFO]: GET /api/users?productId=1b8bbda9-3730-4e52-9fcc-267ee31ea167 200 2 - 20.620 ms
[2026-06-16 10:46:51:4651] [INFO]: GET /api/products/1b8bbda9-3730-4e52-9fcc-267ee31ea167/status 200 2 - 53.778 ms
[2026-06-16 10:46:51:4651] [INFO]: GET /api/users?productId=1b8bbda9-3730-4e52-9fcc-267ee31ea167 304 - - 11.415 ms
[2026-06-16 10:46:51:4651] [INFO]: GET /api/products/1b8bbda9-3730-4e52-9fcc-267ee31ea167/status 304 - - 22.297 ms
[2026-06-16 10:46:51:4651] [INFO]: GET /api/users?productId=1b8bbda9-3730-4e52-9fcc-267ee31ea167 304 - - 14.801 ms
[2026-06-16 10:46:51:4651] [INFO]: GET /api/products/1b8bbda9-3730-4e52-9fcc-267ee31ea167/status 304 - - 12.128 ms
[2026-06-16 10:46:54:4654] [INFO]: OPTIONS /api/features?productId=1b8bbda9-3730-4e52-9fcc-267ee31ea167 204 0 - 0.153 ms
[2026-06-16 10:46:54:4654] [INFO]: OPTIONS /api/features?productId=1b8bbda9-3730-4e52-9fcc-267ee31ea167 204 0 - 0.107 ms
[2026-06-16 10:46:54:4654] [INFO]: GET /api/users?productId=1b8bbda9-3730-4e52-9fcc-267ee31ea167 304 - - 4.250 ms
[2026-06-16 10:46:54:4654] [INFO]: GET /api/features?productId=1b8bbda9-3730-4e52-9fcc-267ee31ea167 200 2 - 12.781 ms
[2026-06-16 10:46:54:4654] [INFO]: GET /api/users?productId=1b8bbda9-3730-4e52-9fcc-267ee31ea167 304 - - 7.866 ms
[2026-06-16 10:46:54:4654] [INFO]: GET /api/features?productId=1b8bbda9-3730-4e52-9fcc-267ee31ea167 304 - - 7.692 ms
[2026-06-16 10:46:56:4656] [INFO]: OPTIONS /api/features?productId=a49c31af-ab7a-4d76-ae2b-a539755151a1 204 0 - 0.219 ms
[2026-06-16 10:46:56:4656] [INFO]: OPTIONS /api/users?productId=a49c31af-ab7a-4d76-ae2b-a539755151a1 204 0 - 0.177 ms
[2026-06-16 10:46:56:4656] [INFO]: GET /api/users?productId=a49c31af-ab7a-4d76-ae2b-a539755151a1 200 2 - 4.364 ms
[2026-06-16 10:46:56:4656] [INFO]: GET /api/features?productId=a49c31af-ab7a-4d76-ae2b-a539755151a1 200 1683 - 12.188 ms
[2026-06-16 10:46:58:4658] [INFO]: OPTIONS /api/features?productId=d7a6f431-79e6-4133-983b-a5dea6d876f5 204 0 - 0.120 ms
[2026-06-16 10:46:58:4658] [INFO]: OPTIONS /api/users?productId=d7a6f431-79e6-4133-983b-a5dea6d876f5 204 0 - 0.128 ms
[2026-06-16 10:46:58:4658] [INFO]: GET /api/users?productId=d7a6f431-79e6-4133-983b-a5dea6d876f5 200 2 - 3.292 ms
[2026-06-16 10:46:58:4658] [INFO]: GET /api/features?productId=d7a6f431-79e6-4133-983b-a5dea6d876f5 200 45550 - 6.740 ms
[2026-06-16 10:47:00:470] [INFO]: OPTIONS /api/features?productId=180f45d0-129e-43c4-9443-5586051de90e 204 0 - 0.113 ms
[2026-06-16 10:47:00:470] [INFO]: OPTIONS /api/users?productId=180f45d0-129e-43c4-9443-5586051de90e 204 0 - 0.080 ms
[2026-06-16 10:47:00:470] [INFO]: GET /api/users?productId=180f45d0-129e-43c4-9443-5586051de90e 200 2 - 3.199 ms
[2026-06-16 10:47:00:470] [INFO]: GET /api/features?productId=180f45d0-129e-43c4-9443-5586051de90e 200 1144 - 5.698 ms
[2026-06-16 10:47:02:472] [INFO]: GET /api/users?productId=d7a6f431-79e6-4133-983b-a5dea6d876f5 304 - - 3.404 ms
[2026-06-16 10:47:02:472] [INFO]: GET /api/features?productId=d7a6f431-79e6-4133-983b-a5dea6d876f5 304 - - 7.260 ms
[2026-06-16 10:48:41:4841] [INFO]: ==================================================
[2026-06-16 10:48:41:4841] [INFO]: 🚀 TKS API Server with Socket.IO is running on port: 5000
[2026-06-16 10:48:41:4841] [INFO]: 🔐 Bypass MS Auth status: true
[2026-06-16 10:48:41:4841] [INFO]: ==================================================
[2026-06-16 10:48:42:4842] [INFO]: [SOCKET] User connected: Krishna Shelar (f1ed7772-c93e-4339-90de-752bdef336eb) - Socket: XpARJU0RgdjcEfwMAAAB
[2026-06-16 10:48:43:4843] [INFO]: [SOCKET] User connected: Krishna Shelar (f1ed7772-c93e-4339-90de-752bdef336eb) - Socket: 8TV5EtnwwExUznuBAAAD
[2026-06-16 10:49:00:490] [INFO]: ==================================================
[2026-06-16 10:49:00:490] [INFO]: 🚀 TKS API Server with Socket.IO is running on port: 5000
[2026-06-16 10:49:00:490] [INFO]: 🔐 Bypass MS Auth status: true
[2026-06-16 10:49:00:490] [INFO]: ==================================================
[2026-06-16 10:49:00:490] [INFO]: [SOCKET] User connected: Krishna Shelar (f1ed7772-c93e-4339-90de-752bdef336eb) - Socket: uk_zO_Jtruh-R0YWAAAB
[2026-06-16 10:49:01:491] [INFO]: [SOCKET] User connected: Krishna Shelar (f1ed7772-c93e-4339-90de-752bdef336eb) - Socket: KDeTyIJZ6urOHuX9AAAD
[2026-06-16 10:49:34:4934] [INFO]: [SOCKET] User disconnected: Krishna Shelar (f1ed7772-c93e-4339-90de-752bdef336eb) - Socket: uk_zO_Jtruh-R0YWAAAB
[2026-06-16 10:49:34:4934] [INFO]: [SOCKET] User disconnected: Krishna Shelar (f1ed7772-c93e-4339-90de-752bdef336eb) - Socket: KDeTyIJZ6urOHuX9AAAD
[2026-06-16 10:49:34:4934] [INFO]: OPTIONS /api/products 204 0 - 1.430 ms
[2026-06-16 10:49:34:4934] [INFO]: [SOCKET] User connected: Krishna Shelar (f1ed7772-c93e-4339-90de-752bdef336eb) - Socket: S6PbGTYYFDVOd7AIAAAF
[2026-06-16 10:49:34:4934] [INFO]: OPTIONS /api/products 204 0 - 0.403 ms
[2026-06-16 10:49:34:4934] [INFO]: [SOCKET] User connected: Krishna Shelar (f1ed7772-c93e-4339-90de-752bdef336eb) - Socket: Gl5Zn2bD5je0juL0AAAH
[2026-06-16 10:49:34:4934] [INFO]: GET /api/products 200 1492 - 76.424 ms
[2026-06-16 10:49:34:4934] [INFO]: GET /api/products 304 - - 9.212 ms
[2026-06-16 10:49:34:4934] [INFO]: OPTIONS /api/products/2cc9c9cc-587e-44b3-92eb-2c035dbc5816/status 204 0 - 0.525 ms
[2026-06-16 10:49:34:4934] [INFO]: OPTIONS /api/users?productId=2cc9c9cc-587e-44b3-92eb-2c035dbc5816 204 0 - 0.288 ms
[2026-06-16 10:49:34:4934] [INFO]: OPTIONS /api/users?productId=2cc9c9cc-587e-44b3-92eb-2c035dbc5816 204 0 - 0.180 ms
[2026-06-16 10:49:34:4934] [INFO]: GET /api/users?productId=2cc9c9cc-587e-44b3-92eb-2c035dbc5816 200 2 - 15.348 ms
[2026-06-16 10:49:34:4934] [INFO]: GET /api/products/2cc9c9cc-587e-44b3-92eb-2c035dbc5816/status 200 2 - 46.709 ms
[2026-06-16 10:49:34:4934] [INFO]: GET /api/users?productId=2cc9c9cc-587e-44b3-92eb-2c035dbc5816 304 - - 23.822 ms
[2026-06-16 10:49:34:4934] [INFO]: GET /api/users?productId=2cc9c9cc-587e-44b3-92eb-2c035dbc5816 304 - - 7.373 ms
[2026-06-16 10:49:34:4934] [INFO]: GET /api/products/2cc9c9cc-587e-44b3-92eb-2c035dbc5816/status 304 - - 16.397 ms
[2026-06-16 10:49:34:4934] [INFO]: GET /api/products/2cc9c9cc-587e-44b3-92eb-2c035dbc5816/status 304 - - 16.307 ms
[2026-06-16 10:49:38:4938] [INFO]: OPTIONS /api/features?productId=2cc9c9cc-587e-44b3-92eb-2c035dbc5816 204 0 - 0.138 ms
[2026-06-16 10:49:38:4938] [INFO]: OPTIONS /api/features?productId=2cc9c9cc-587e-44b3-92eb-2c035dbc5816 204 0 - 0.121 ms
[2026-06-16 10:49:38:4938] [INFO]: GET /api/users?productId=2cc9c9cc-587e-44b3-92eb-2c035dbc5816 304 - - 4.440 ms
[2026-06-16 10:49:38:4938] [INFO]: GET /api/features?productId=2cc9c9cc-587e-44b3-92eb-2c035dbc5816 200 2 - 8.054 ms
[2026-06-16 10:49:38:4938] [INFO]: GET /api/users?productId=2cc9c9cc-587e-44b3-92eb-2c035dbc5816 304 - - 5.462 ms
[2026-06-16 10:49:38:4938] [INFO]: GET /api/features?productId=2cc9c9cc-587e-44b3-92eb-2c035dbc5816 304 - - 12.222 ms
[2026-06-16 10:49:40:4940] [INFO]: OPTIONS /api/features?productId=4013ba1f-ee5b-454f-a976-316fb9f8facd 204 0 - 0.179 ms
[2026-06-16 10:49:40:4940] [INFO]: OPTIONS /api/users?productId=4013ba1f-ee5b-454f-a976-316fb9f8facd 204 0 - 0.097 ms
[2026-06-16 10:49:40:4940] [INFO]: GET /api/users?productId=4013ba1f-ee5b-454f-a976-316fb9f8facd 200 2 - 4.244 ms
[2026-06-16 10:49:40:4940] [INFO]: GET /api/features?productId=4013ba1f-ee5b-454f-a976-316fb9f8facd 200 2 - 7.462 ms
[2026-06-16 10:49:42:4942] [INFO]: OPTIONS /api/features?productId=7919bac3-0964-44b7-93e7-9264858652c8 204 0 - 0.171 ms
[2026-06-16 10:49:42:4942] [INFO]: OPTIONS /api/users?productId=7919bac3-0964-44b7-93e7-9264858652c8 204 0 - 0.111 ms
[2026-06-16 10:49:42:4942] [INFO]: GET /api/users?productId=7919bac3-0964-44b7-93e7-9264858652c8 200 2 - 7.848 ms
[2026-06-16 10:49:42:4942] [INFO]: GET /api/features?productId=7919bac3-0964-44b7-93e7-9264858652c8 200 2 - 15.388 ms
[2026-06-16 10:49:44:4944] [INFO]: OPTIONS /api/features?productId=ce382ec9-9800-4a45-bd35-03699d572953 204 0 - 0.190 ms
[2026-06-16 10:49:44:4944] [INFO]: OPTIONS /api/users?productId=ce382ec9-9800-4a45-bd35-03699d572953 204 0 - 0.096 ms
[2026-06-16 10:49:44:4944] [INFO]: GET /api/users?productId=ce382ec9-9800-4a45-bd35-03699d572953 200 2 - 2.627 ms
[2026-06-16 10:49:44:4944] [INFO]: GET /api/features?productId=ce382ec9-9800-4a45-bd35-03699d572953 200 2 - 6.802 ms
[2026-06-16 10:49:48:4948] [INFO]: OPTIONS /api/features?productId=e65ac700-bd33-41b6-b6ce-af520ad92a2b 204 0 - 0.097 ms
[2026-06-16 10:49:48:4948] [INFO]: OPTIONS /api/users?productId=e65ac700-bd33-41b6-b6ce-af520ad92a2b 204 0 - 0.127 ms
[2026-06-16 10:49:48:4948] [INFO]: GET /api/users?productId=e65ac700-bd33-41b6-b6ce-af520ad92a2b 200 2 - 3.101 ms
[2026-06-16 10:49:48:4948] [INFO]: GET /api/features?productId=e65ac700-bd33-41b6-b6ce-af520ad92a2b 200 2 - 5.791 ms
[2026-06-16 10:49:49:4949] [INFO]: OPTIONS /api/user-stories?productId=e65ac700-bd33-41b6-b6ce-af520ad92a2b 204 0 - 0.095 ms
[2026-06-16 10:49:49:4949] [INFO]: OPTIONS /api/user-stories?productId=e65ac700-bd33-41b6-b6ce-af520ad92a2b 204 0 - 0.068 ms
[2026-06-16 10:49:49:4949] [INFO]: GET /api/users?productId=e65ac700-bd33-41b6-b6ce-af520ad92a2b 304 - - 5.144 ms
[2026-06-16 10:49:49:4949] [INFO]: GET /api/features?productId=e65ac700-bd33-41b6-b6ce-af520ad92a2b 304 - - 8.336 ms
[2026-06-16 10:49:49:4949] [INFO]: GET /api/user-stories?productId=e65ac700-bd33-41b6-b6ce-af520ad92a2b 200 2 - 8.033 ms
[2026-06-16 10:49:49:4949] [INFO]: GET /api/users?productId=e65ac700-bd33-41b6-b6ce-af520ad92a2b 304 - - 6.026 ms
[2026-06-16 10:49:49:4949] [INFO]: GET /api/features?productId=e65ac700-bd33-41b6-b6ce-af520ad92a2b 304 - - 8.335 ms
[2026-06-16 10:49:49:4949] [INFO]: GET /api/user-stories?productId=e65ac700-bd33-41b6-b6ce-af520ad92a2b 304 - - 7.380 ms
[2026-06-16 10:49:51:4951] [INFO]: OPTIONS /api/user-stories?productId=ce382ec9-9800-4a45-bd35-03699d572953 204 0 - 0.098 ms
[2026-06-16 10:49:51:4951] [INFO]: OPTIONS /api/users?productId=ce382ec9-9800-4a45-bd35-03699d572953 204 0 - 0.162 ms
[2026-06-16 10:49:51:4951] [INFO]: OPTIONS /api/features?productId=ce382ec9-9800-4a45-bd35-03699d572953 204 0 - 0.060 ms
[2026-06-16 10:49:51:4951] [INFO]: GET /api/users?productId=ce382ec9-9800-4a45-bd35-03699d572953 304 - - 4.349 ms
[2026-06-16 10:49:51:4951] [INFO]: GET /api/user-stories?productId=ce382ec9-9800-4a45-bd35-03699d572953 200 2 - 9.529 ms
[2026-06-16 10:49:51:4951] [INFO]: GET /api/features?productId=ce382ec9-9800-4a45-bd35-03699d572953 304 - - 7.133 ms
[2026-06-16 10:49:53:4953] [INFO]: OPTIONS /api/users?productId=e65ac700-bd33-41b6-b6ce-af520ad92a2b 204 0 - 0.102 ms
[2026-06-16 10:49:53:4953] [INFO]: OPTIONS /api/features?productId=e65ac700-bd33-41b6-b6ce-af520ad92a2b 204 0 - 0.059 ms
[2026-06-16 10:49:53:4953] [INFO]: GET /api/users?productId=e65ac700-bd33-41b6-b6ce-af520ad92a2b 304 - - 2.791 ms
[2026-06-16 10:49:53:4953] [INFO]: GET /api/user-stories?productId=e65ac700-bd33-41b6-b6ce-af520ad92a2b 304 - - 5.622 ms
[2026-06-16 10:49:53:4953] [INFO]: GET /api/features?productId=e65ac700-bd33-41b6-b6ce-af520ad92a2b 304 - - 5.170 ms
[2026-06-16 10:49:55:4955] [INFO]: OPTIONS /api/requirements-mapping?projectId=e65ac700-bd33-41b6-b6ce-af520ad92a2b 204 0 - 0.097 ms
[2026-06-16 10:49:55:4955] [INFO]: OPTIONS /api/user-stories?productId=e65ac700-bd33-41b6-b6ce-af520ad92a2b 204 0 - 0.109 ms
[2026-06-16 10:49:55:4955] [INFO]: OPTIONS /api/functional-requirements?productId=e65ac700-bd33-41b6-b6ce-af520ad92a2b 204 0 - 0.075 ms
[2026-06-16 10:49:55:4955] [INFO]: OPTIONS /api/requirements-mapping?projectId=e65ac700-bd33-41b6-b6ce-af520ad92a2b 204 0 - 0.078 ms
[2026-06-16 10:49:55:4955] [INFO]: OPTIONS /api/functional-requirements?productId=e65ac700-bd33-41b6-b6ce-af520ad92a2b 204 0 - 0.073 ms
[2026-06-16 10:49:55:4955] [INFO]: OPTIONS /api/user-stories?productId=e65ac700-bd33-41b6-b6ce-af520ad92a2b 204 0 - 0.085 ms
[2026-06-16 10:49:55:4955] [INFO]: GET /api/requirements-mapping?projectId=e65ac700-bd33-41b6-b6ce-af520ad92a2b 200 2 - 11.829 ms
[2026-06-16 10:49:55:4955] [INFO]: GET /api/functional-requirements?productId=e65ac700-bd33-41b6-b6ce-af520ad92a2b 200 2 - 7.706 ms
[2026-06-16 10:49:55:4955] [INFO]: GET /api/user-stories?productId=e65ac700-bd33-41b6-b6ce-af520ad92a2b 304 - - 20.284 ms
[2026-06-16 10:49:55:4955] [INFO]: GET /api/functional-requirements?productId=e65ac700-bd33-41b6-b6ce-af520ad92a2b 304 - - 9.338 ms
[2026-06-16 10:49:55:4955] [INFO]: GET /api/requirements-mapping?projectId=e65ac700-bd33-41b6-b6ce-af520ad92a2b 304 - - 13.461 ms
[2026-06-16 10:49:55:4955] [INFO]: GET /api/user-stories?productId=e65ac700-bd33-41b6-b6ce-af520ad92a2b 304 - - 10.221 ms
[2026-06-16 10:50:01:501] [INFO]: OPTIONS /api/requirements-mapping?projectId=c0c9551e-368f-4584-ba04-1e78966e46a6 204 0 - 0.097 ms
[2026-06-16 10:50:01:501] [INFO]: OPTIONS /api/user-stories?productId=c0c9551e-368f-4584-ba04-1e78966e46a6 204 0 - 0.063 ms
[2026-06-16 10:50:01:501] [INFO]: OPTIONS /api/functional-requirements?productId=c0c9551e-368f-4584-ba04-1e78966e46a6 204 0 - 0.063 ms
[2026-06-16 10:50:01:501] [INFO]: GET /api/functional-requirements?productId=c0c9551e-368f-4584-ba04-1e78966e46a6 200 2 - 2.272 ms
[2026-06-16 10:50:01:501] [INFO]: GET /api/requirements-mapping?projectId=c0c9551e-368f-4584-ba04-1e78966e46a6 200 2 - 5.977 ms
[2026-06-16 10:50:01:501] [INFO]: GET /api/user-stories?productId=c0c9551e-368f-4584-ba04-1e78966e46a6 200 2 - 4.939 ms
[2026-06-16 10:50:02:502] [INFO]: OPTIONS /api/features?productId=c0c9551e-368f-4584-ba04-1e78966e46a6 204 0 - 0.094 ms
[2026-06-16 10:50:02:502] [INFO]: OPTIONS /api/users?productId=c0c9551e-368f-4584-ba04-1e78966e46a6 204 0 - 0.059 ms
[2026-06-16 10:50:02:502] [INFO]: OPTIONS /api/features?productId=c0c9551e-368f-4584-ba04-1e78966e46a6 204 0 - 0.056 ms
[2026-06-16 10:50:02:502] [INFO]: OPTIONS /api/users?productId=c0c9551e-368f-4584-ba04-1e78966e46a6 204 0 - 0.065 ms
[2026-06-16 10:50:02:502] [INFO]: GET /api/users?productId=c0c9551e-368f-4584-ba04-1e78966e46a6 200 2 - 2.800 ms
[2026-06-16 10:50:02:502] [INFO]: GET /api/features?productId=c0c9551e-368f-4584-ba04-1e78966e46a6 200 2 - 5.613 ms
[2026-06-16 10:50:02:502] [INFO]: GET /api/users?productId=c0c9551e-368f-4584-ba04-1e78966e46a6 304 - - 6.060 ms
[2026-06-16 10:50:02:502] [INFO]: GET /api/features?productId=c0c9551e-368f-4584-ba04-1e78966e46a6 304 - - 6.133 ms
[2026-06-16 10:50:08:508] [INFO]: OPTIONS /api/features?productId=2cc9c9cc-587e-44b3-92eb-2c035dbc5816 204 0 - 0.113 ms
[2026-06-16 10:50:08:508] [INFO]: OPTIONS /api/users?productId=2cc9c9cc-587e-44b3-92eb-2c035dbc5816 204 0 - 0.065 ms
[2026-06-16 10:50:08:508] [INFO]: GET /api/features?productId=2cc9c9cc-587e-44b3-92eb-2c035dbc5816 304 - - 4.854 ms
[2026-06-16 10:50:08:508] [INFO]: GET /api/users?productId=2cc9c9cc-587e-44b3-92eb-2c035dbc5816 304 - - 4.133 ms
[2026-06-16 10:50:38:5038] [INFO]: [SOCKET] User disconnected: Krishna Shelar (f1ed7772-c93e-4339-90de-752bdef336eb) - Socket: S6PbGTYYFDVOd7AIAAAF
[2026-06-16 10:50:38:5038] [INFO]: [SOCKET] User disconnected: Krishna Shelar (f1ed7772-c93e-4339-90de-752bdef336eb) - Socket: Gl5Zn2bD5je0juL0AAAH
[2026-06-16 10:50:38:5038] [INFO]: OPTIONS /api/products 204 0 - 0.115 ms
[2026-06-16 10:50:38:5038] [INFO]: OPTIONS /api/products 204 0 - 0.064 ms
[2026-06-16 10:50:38:5038] [INFO]: [SOCKET] User connected: Krishna Shelar (f1ed7772-c93e-4339-90de-752bdef336eb) - Socket: nr_IWVWNwUUNR08sAAAK
[2026-06-16 10:50:38:5038] [INFO]: GET /api/products 304 - - 6.090 ms
[2026-06-16 10:50:38:5038] [INFO]: [SOCKET] User connected: Krishna Shelar (f1ed7772-c93e-4339-90de-752bdef336eb) - Socket: XZGHuaZVFaEdzscsAAAL
[2026-06-16 10:50:38:5038] [INFO]: GET /api/products 304 - - 3.505 ms
[2026-06-16 10:50:38:5038] [INFO]: OPTIONS /api/products/2cc9c9cc-587e-44b3-92eb-2c035dbc5816/status 204 0 - 0.103 ms
[2026-06-16 10:50:38:5038] [INFO]: OPTIONS /api/users?productId=2cc9c9cc-587e-44b3-92eb-2c035dbc5816 204 0 - 0.090 ms
[2026-06-16 10:50:38:5038] [INFO]: OPTIONS /api/users?productId=2cc9c9cc-587e-44b3-92eb-2c035dbc5816 204 0 - 0.088 ms
[2026-06-16 10:50:38:5038] [INFO]: GET /api/users?productId=2cc9c9cc-587e-44b3-92eb-2c035dbc5816 304 - - 4.860 ms
[2026-06-16 10:50:38:5038] [INFO]: GET /api/products/2cc9c9cc-587e-44b3-92eb-2c035dbc5816/status 304 - - 9.128 ms
[2026-06-16 10:50:38:5038] [INFO]: GET /api/users?productId=2cc9c9cc-587e-44b3-92eb-2c035dbc5816 304 - - 9.482 ms
[2026-06-16 10:50:38:5038] [INFO]: GET /api/products/2cc9c9cc-587e-44b3-92eb-2c035dbc5816/status 304 - - 9.742 ms
[2026-06-16 10:50:38:5038] [INFO]: GET /api/users?productId=2cc9c9cc-587e-44b3-92eb-2c035dbc5816 304 - - 5.070 ms
[2026-06-16 10:50:38:5038] [INFO]: GET /api/products/2cc9c9cc-587e-44b3-92eb-2c035dbc5816/status 304 - - 14.180 ms
[2026-06-16 10:50:41:5041] [INFO]: OPTIONS /api/features?productId=2cc9c9cc-587e-44b3-92eb-2c035dbc5816 204 0 - 0.097 ms
[2026-06-16 10:50:41:5041] [INFO]: OPTIONS /api/features?productId=2cc9c9cc-587e-44b3-92eb-2c035dbc5816 204 0 - 0.069 ms
[2026-06-16 10:50:41:5041] [INFO]: GET /api/users?productId=2cc9c9cc-587e-44b3-92eb-2c035dbc5816 304 - - 3.504 ms
[2026-06-16 10:50:41:5041] [INFO]: GET /api/features?productId=2cc9c9cc-587e-44b3-92eb-2c035dbc5816 304 - - 7.181 ms
[2026-06-16 10:50:41:5041] [INFO]: GET /api/users?productId=2cc9c9cc-587e-44b3-92eb-2c035dbc5816 304 - - 4.587 ms
[2026-06-16 10:50:41:5041] [INFO]: GET /api/features?productId=2cc9c9cc-587e-44b3-92eb-2c035dbc5816 304 - - 4.599 ms
[2026-06-16 10:55:08:558] [INFO]: [SOCKET] User disconnected: Krishna Shelar (f1ed7772-c93e-4339-90de-752bdef336eb) - Socket: nr_IWVWNwUUNR08sAAAK
[2026-06-16 10:55:08:558] [INFO]: [SOCKET] User disconnected: Krishna Shelar (f1ed7772-c93e-4339-90de-752bdef336eb) - Socket: XZGHuaZVFaEdzscsAAAL
[2026-06-16 10:55:09:559] [INFO]: OPTIONS /api/products 204 0 - 0.099 ms
[2026-06-16 10:55:09:559] [INFO]: OPTIONS /api/products 204 0 - 0.072 ms
[2026-06-16 10:55:09:559] [INFO]: GET /api/products 304 - - 8.780 ms
[2026-06-16 10:55:09:559] [INFO]: [SOCKET] User connected: Krishna Shelar (f1ed7772-c93e-4339-90de-752bdef336eb) - Socket: U5oUWFHYy833jy3-AAAO
[2026-06-16 10:55:09:559] [INFO]: [SOCKET] User connected: Krishna Shelar (f1ed7772-c93e-4339-90de-752bdef336eb) - Socket: cTRK_xuw7GPAvZHIAAAP
[2026-06-16 10:55:09:559] [INFO]: GET /api/products 304 - - 12.328 ms
[2026-06-16 10:55:09:559] [INFO]: OPTIONS /api/products/2cc9c9cc-587e-44b3-92eb-2c035dbc5816/status 204 0 - 0.196 ms
[2026-06-16 10:55:09:559] [INFO]: OPTIONS /api/users?productId=2cc9c9cc-587e-44b3-92eb-2c035dbc5816 204 0 - 0.062 ms
[2026-06-16 10:55:09:559] [INFO]: OPTIONS /api/users?productId=2cc9c9cc-587e-44b3-92eb-2c035dbc5816 204 0 - 0.080 ms
[2026-06-16 10:55:09:559] [INFO]: GET /api/users?productId=2cc9c9cc-587e-44b3-92eb-2c035dbc5816 304 - - 6.121 ms
[2026-06-16 10:55:09:559] [INFO]: GET /api/products/2cc9c9cc-587e-44b3-92eb-2c035dbc5816/status 304 - - 19.921 ms
[2026-06-16 10:55:09:559] [INFO]: GET /api/users?productId=2cc9c9cc-587e-44b3-92eb-2c035dbc5816 304 - - 9.679 ms
[2026-06-16 10:55:09:559] [INFO]: GET /api/users?productId=2cc9c9cc-587e-44b3-92eb-2c035dbc5816 304 - - 3.372 ms
[2026-06-16 10:55:09:559] [INFO]: GET /api/products/2cc9c9cc-587e-44b3-92eb-2c035dbc5816/status 304 - - 15.560 ms
[2026-06-16 10:55:09:559] [INFO]: GET /api/products/2cc9c9cc-587e-44b3-92eb-2c035dbc5816/status 304 - - 6.768 ms
[2026-06-16 10:55:12:5512] [INFO]: OPTIONS /api/features?productId=2cc9c9cc-587e-44b3-92eb-2c035dbc5816 204 0 - 0.096 ms
[2026-06-16 10:55:12:5512] [INFO]: OPTIONS /api/features?productId=2cc9c9cc-587e-44b3-92eb-2c035dbc5816 204 0 - 0.235 ms
[2026-06-16 10:55:12:5512] [INFO]: GET /api/users?productId=2cc9c9cc-587e-44b3-92eb-2c035dbc5816 304 - - 3.009 ms
[2026-06-16 10:55:12:5512] [INFO]: GET /api/features?productId=2cc9c9cc-587e-44b3-92eb-2c035dbc5816 304 - - 7.478 ms
[2026-06-16 10:55:12:5512] [INFO]: GET /api/users?productId=2cc9c9cc-587e-44b3-92eb-2c035dbc5816 304 - - 6.605 ms
[2026-06-16 10:55:12:5512] [INFO]: GET /api/features?productId=2cc9c9cc-587e-44b3-92eb-2c035dbc5816 304 - - 10.580 ms
[2026-06-16 10:55:16:5516] [INFO]: OPTIONS /api/features/bulk 204 0 - 0.104 ms
[2026-06-16 10:55:16:5516] [INFO]: [NOTIFICATION SERVICE] Creating notification for user f1ed7772-c93e-4339-90de-752bdef336eb: "Feature Assigned via Import"
[2026-06-16 10:55:16:5516] [INFO]: [SOCKET] Emitting event "notification" to user room f1ed7772-c93e-4339-90de-752bdef336eb
[2026-06-16 10:55:16:5516] [INFO]: [NOTIFICATION SERVICE] Creating notification for user f1ed7772-c93e-4339-90de-752bdef336eb: "Feature Assigned via Import"
[2026-06-16 10:55:16:5516] [INFO]: [SOCKET] Emitting event "notification" to user room f1ed7772-c93e-4339-90de-752bdef336eb
[2026-06-16 10:55:16:5516] [INFO]: [NOTIFICATION SERVICE] Creating notification for user f1ed7772-c93e-4339-90de-752bdef336eb: "Feature Assigned via Import"
[2026-06-16 10:55:16:5516] [INFO]: [SOCKET] Emitting event "notification" to user room f1ed7772-c93e-4339-90de-752bdef336eb
[2026-06-16 10:55:16:5516] [INFO]: [NOTIFICATION SERVICE] Creating notification for user f1ed7772-c93e-4339-90de-752bdef336eb: "Feature Assigned via Import"
[2026-06-16 10:55:16:5516] [INFO]: [SOCKET] Emitting event "notification" to user room f1ed7772-c93e-4339-90de-752bdef336eb
[2026-06-16 10:55:16:5516] [INFO]: [NOTIFICATION SERVICE] Creating notification for user f1ed7772-c93e-4339-90de-752bdef336eb: "Feature Assigned via Import"
[2026-06-16 10:55:16:5516] [INFO]: [SOCKET] Emitting event "notification" to user room f1ed7772-c93e-4339-90de-752bdef336eb
[2026-06-16 10:55:16:5516] [INFO]: [NOTIFICATION SERVICE] Creating notification for user f1ed7772-c93e-4339-90de-752bdef336eb: "Feature Assigned via Import"
[2026-06-16 10:55:16:5516] [INFO]: [SOCKET] Emitting event "notification" to user room f1ed7772-c93e-4339-90de-752bdef336eb
[2026-06-16 10:55:16:5516] [INFO]: [NOTIFICATION SERVICE] Creating notification for user f1ed7772-c93e-4339-90de-752bdef336eb: "Feature Assigned via Import"
[2026-06-16 10:55:16:5516] [INFO]: [SOCKET] Emitting event "notification" to user room f1ed7772-c93e-4339-90de-752bdef336eb
[2026-06-16 10:55:16:5516] [INFO]: [NOTIFICATION SERVICE] Creating notification for user f1ed7772-c93e-4339-90de-752bdef336eb: "Feature Assigned via Import"
[2026-06-16 10:55:16:5516] [INFO]: [SOCKET] Emitting event "notification" to user room f1ed7772-c93e-4339-90de-752bdef336eb
[2026-06-16 10:55:16:5516] [INFO]: [NOTIFICATION SERVICE] Creating notification for user f1ed7772-c93e-4339-90de-752bdef336eb: "Feature Assigned via Import"
[2026-06-16 10:55:16:5516] [INFO]: [SOCKET] Emitting event "notification" to user room f1ed7772-c93e-4339-90de-752bdef336eb
[2026-06-16 10:55:16:5516] [INFO]: [NOTIFICATION SERVICE] Creating notification for user f1ed7772-c93e-4339-90de-752bdef336eb: "Feature Assigned via Import"
[2026-06-16 10:55:16:5516] [INFO]: [SOCKET] Emitting event "notification" to user room f1ed7772-c93e-4339-90de-752bdef336eb
[2026-06-16 10:55:16:5516] [INFO]: [NOTIFICATION SERVICE] Creating notification for user f1ed7772-c93e-4339-90de-752bdef336eb: "Feature Assigned via Import"
[2026-06-16 10:55:16:5516] [INFO]: [SOCKET] Emitting event "notification" to user room f1ed7772-c93e-4339-90de-752bdef336eb
[2026-06-16 10:55:16:5516] [INFO]: [NOTIFICATION SERVICE] Creating notification for user f1ed7772-c93e-4339-90de-752bdef336eb: "Feature Assigned via Import"
[2026-06-16 10:55:16:5516] [INFO]: [SOCKET] Emitting event "notification" to user room f1ed7772-c93e-4339-90de-752bdef336eb
[2026-06-16 10:55:16:5516] [INFO]: [NOTIFICATION SERVICE] Creating notification for user f1ed7772-c93e-4339-90de-752bdef336eb: "Feature Assigned via Import"
[2026-06-16 10:55:16:5516] [INFO]: [SOCKET] Emitting event "notification" to user room f1ed7772-c93e-4339-90de-752bdef336eb
[2026-06-16 10:55:16:5516] [INFO]: [NOTIFICATION SERVICE] Creating notification for user f1ed7772-c93e-4339-90de-752bdef336eb: "Feature Assigned via Import"
[2026-06-16 10:55:16:5516] [INFO]: [SOCKET] Emitting event "notification" to user room f1ed7772-c93e-4339-90de-752bdef336eb
[2026-06-16 10:55:16:5516] [INFO]: [NOTIFICATION SERVICE] Creating notification for user f1ed7772-c93e-4339-90de-752bdef336eb: "Feature Assigned via Import"
[2026-06-16 10:55:16:5516] [INFO]: [SOCKET] Emitting event "notification" to user room f1ed7772-c93e-4339-90de-752bdef336eb
[2026-06-16 10:55:16:5516] [INFO]: [NOTIFICATION SERVICE] Creating notification for user f1ed7772-c93e-4339-90de-752bdef336eb: "Feature Assigned via Import"
[2026-06-16 10:55:16:5516] [INFO]: [SOCKET] Emitting event "notification" to user room f1ed7772-c93e-4339-90de-752bdef336eb
[2026-06-16 10:55:16:5516] [INFO]: [NOTIFICATION SERVICE] Creating notification for user f1ed7772-c93e-4339-90de-752bdef336eb: "Feature Assigned via Import"
[2026-06-16 10:55:16:5516] [INFO]: [SOCKET] Emitting event "notification" to user room f1ed7772-c93e-4339-90de-752bdef336eb
[2026-06-16 10:55:17:5517] [INFO]: [NOTIFICATION SERVICE] Creating notification for user f1ed7772-c93e-4339-90de-752bdef336eb: "Feature Assigned via Import"
[2026-06-16 10:55:17:5517] [INFO]: [SOCKET] Emitting event "notification" to user room f1ed7772-c93e-4339-90de-752bdef336eb
[2026-06-16 10:55:17:5517] [INFO]: [NOTIFICATION SERVICE] Creating notification for user f1ed7772-c93e-4339-90de-752bdef336eb: "Feature Assigned via Import"
[2026-06-16 10:55:17:5517] [INFO]: [SOCKET] Emitting event "notification" to user room f1ed7772-c93e-4339-90de-752bdef336eb
[2026-06-16 10:55:17:5517] [INFO]: [NOTIFICATION SERVICE] Creating notification for user f1ed7772-c93e-4339-90de-752bdef336eb: "Feature Assigned via Import"
[2026-06-16 10:55:17:5517] [INFO]: [SOCKET] Emitting event "notification" to user room f1ed7772-c93e-4339-90de-752bdef336eb
[2026-06-16 10:55:17:5517] [INFO]: [NOTIFICATION SERVICE] Creating notification for user f1ed7772-c93e-4339-90de-752bdef336eb: "Feature Assigned via Import"
[2026-06-16 10:55:17:5517] [INFO]: [SOCKET] Emitting event "notification" to user room f1ed7772-c93e-4339-90de-752bdef336eb
[2026-06-16 10:55:17:5517] [INFO]: [NOTIFICATION SERVICE] Creating notification for user f1ed7772-c93e-4339-90de-752bdef336eb: "Feature Assigned via Import"
[2026-06-16 10:55:17:5517] [INFO]: [SOCKET] Emitting event "notification" to user room f1ed7772-c93e-4339-90de-752bdef336eb
[2026-06-16 10:55:17:5517] [INFO]: [NOTIFICATION SERVICE] Creating notification for user f1ed7772-c93e-4339-90de-752bdef336eb: "Feature Assigned via Import"
[2026-06-16 10:55:17:5517] [INFO]: [SOCKET] Emitting event "notification" to user room f1ed7772-c93e-4339-90de-752bdef336eb
[2026-06-16 10:55:17:5517] [INFO]: [NOTIFICATION SERVICE] Creating notification for user f1ed7772-c93e-4339-90de-752bdef336eb: "Feature Assigned via Import"
[2026-06-16 10:55:17:5517] [INFO]: [SOCKET] Emitting event "notification" to user room f1ed7772-c93e-4339-90de-752bdef336eb
[2026-06-16 10:55:17:5517] [INFO]: [NOTIFICATION SERVICE] Creating notification for user f1ed7772-c93e-4339-90de-752bdef336eb: "Feature Assigned via Import"
[2026-06-16 10:55:17:5517] [INFO]: [SOCKET] Emitting event "notification" to user room f1ed7772-c93e-4339-90de-752bdef336eb
[2026-06-16 10:55:17:5517] [INFO]: [NOTIFICATION SERVICE] Creating notification for user f1ed7772-c93e-4339-90de-752bdef336eb: "Feature Assigned via Import"
[2026-06-16 10:55:17:5517] [INFO]: [SOCKET] Emitting event "notification" to user room f1ed7772-c93e-4339-90de-752bdef336eb
[2026-06-16 10:55:17:5517] [INFO]: [NOTIFICATION SERVICE] Creating notification for user f1ed7772-c93e-4339-90de-752bdef336eb: "Feature Assigned via Import"
[2026-06-16 10:55:17:5517] [INFO]: [SOCKET] Emitting event "notification" to user room f1ed7772-c93e-4339-90de-752bdef336eb
[2026-06-16 10:55:17:5517] [INFO]: [NOTIFICATION SERVICE] Creating notification for user f1ed7772-c93e-4339-90de-752bdef336eb: "Feature Assigned via Import"
[2026-06-16 10:55:17:5517] [INFO]: [SOCKET] Emitting event "notification" to user room f1ed7772-c93e-4339-90de-752bdef336eb
[2026-06-16 10:55:17:5517] [INFO]: [NOTIFICATION SERVICE] Creating notification for user f1ed7772-c93e-4339-90de-752bdef336eb: "Feature Assigned via Import"
[2026-06-16 10:55:17:5517] [INFO]: [SOCKET] Emitting event "notification" to user room f1ed7772-c93e-4339-90de-752bdef336eb
[2026-06-16 10:55:17:5517] [INFO]: [NOTIFICATION SERVICE] Creating notification for user f1ed7772-c93e-4339-90de-752bdef336eb: "Feature Assigned via Import"
[2026-06-16 10:55:17:5517] [INFO]: [SOCKET] Emitting event "notification" to user room f1ed7772-c93e-4339-90de-752bdef336eb
[2026-06-16 10:55:17:5517] [INFO]: [NOTIFICATION SERVICE] Creating notification for user f1ed7772-c93e-4339-90de-752bdef336eb: "Feature Assigned via Import"
[2026-06-16 10:55:17:5517] [INFO]: [SOCKET] Emitting event "notification" to user room f1ed7772-c93e-4339-90de-752bdef336eb
[2026-06-16 10:55:17:5517] [INFO]: [NOTIFICATION SERVICE] Creating notification for user f1ed7772-c93e-4339-90de-752bdef336eb: "Feature Assigned via Import"
[2026-06-16 10:55:17:5517] [INFO]: [SOCKET] Emitting event "notification" to user room f1ed7772-c93e-4339-90de-752bdef336eb
[2026-06-16 10:55:17:5517] [INFO]: [NOTIFICATION SERVICE] Creating notification for user f1ed7772-c93e-4339-90de-752bdef336eb: "Feature Assigned via Import"
[2026-06-16 10:55:17:5517] [INFO]: [SOCKET] Emitting event "notification" to user room f1ed7772-c93e-4339-90de-752bdef336eb
[2026-06-16 10:55:17:5517] [INFO]: [NOTIFICATION SERVICE] Creating notification for user f1ed7772-c93e-4339-90de-752bdef336eb: "Feature Assigned via Import"
[2026-06-16 10:55:17:5517] [INFO]: [SOCKET] Emitting event "notification" to user room f1ed7772-c93e-4339-90de-752bdef336eb
[2026-06-16 10:55:17:5517] [INFO]: [NOTIFICATION SERVICE] Creating notification for user f1ed7772-c93e-4339-90de-752bdef336eb: "Feature Assigned via Import"
[2026-06-16 10:55:17:5517] [INFO]: [SOCKET] Emitting event "notification" to user room f1ed7772-c93e-4339-90de-752bdef336eb
[2026-06-16 10:55:17:5517] [INFO]: [NOTIFICATION SERVICE] Creating notification for user f1ed7772-c93e-4339-90de-752bdef336eb: "Feature Assigned via Import"
[2026-06-16 10:55:17:5517] [INFO]: [SOCKET] Emitting event "notification" to user room f1ed7772-c93e-4339-90de-752bdef336eb
[2026-06-16 10:55:17:5517] [INFO]: [NOTIFICATION SERVICE] Creating notification for user f1ed7772-c93e-4339-90de-752bdef336eb: "Feature Assigned via Import"
[2026-06-16 10:55:17:5517] [INFO]: [SOCKET] Emitting event "notification" to user room f1ed7772-c93e-4339-90de-752bdef336eb
[2026-06-16 10:55:17:5517] [INFO]: [NOTIFICATION SERVICE] Creating notification for user f1ed7772-c93e-4339-90de-752bdef336eb: "Feature Assigned via Import"
[2026-06-16 10:55:17:5517] [INFO]: [SOCKET] Emitting event "notification" to user room f1ed7772-c93e-4339-90de-752bdef336eb
[2026-06-16 10:55:17:5517] [INFO]: [NOTIFICATION SERVICE] Creating notification for user f1ed7772-c93e-4339-90de-752bdef336eb: "Feature Assigned via Import"
[2026-06-16 10:55:17:5517] [INFO]: [SOCKET] Emitting event "notification" to user room f1ed7772-c93e-4339-90de-752bdef336eb
[2026-06-16 10:55:17:5517] [INFO]: [NOTIFICATION SERVICE] Creating notification for user f1ed7772-c93e-4339-90de-752bdef336eb: "Feature Assigned via Import"
[2026-06-16 10:55:17:5517] [INFO]: [SOCKET] Emitting event "notification" to user room f1ed7772-c93e-4339-90de-752bdef336eb
[2026-06-16 10:55:17:5517] [INFO]: POST /api/features/bulk 201 15347 - 1544.669 ms
[2026-06-16 10:55:17:5517] [INFO]: OPTIONS /api/features?productId=2cc9c9cc-587e-44b3-92eb-2c035dbc5816 204 0 - 0.123 ms
[2026-06-16 10:55:17:5517] [INFO]: OPTIONS /api/users?productId=2cc9c9cc-587e-44b3-92eb-2c035dbc5816 204 0 - 0.109 ms
[2026-06-16 10:55:17:5517] [INFO]: GET /api/users?productId=2cc9c9cc-587e-44b3-92eb-2c035dbc5816 304 - - 5.728 ms
[2026-06-16 10:55:17:5517] [INFO]: GET /api/features?productId=2cc9c9cc-587e-44b3-92eb-2c035dbc5816 200 1775887 - 54.757 ms
[2026-06-16 10:55:29:5529] [INFO]: [SOCKET] User disconnected: Krishna Shelar (f1ed7772-c93e-4339-90de-752bdef336eb) - Socket: U5oUWFHYy833jy3-AAAO
[2026-06-16 10:55:29:5529] [INFO]: [SOCKET] User disconnected: Krishna Shelar (f1ed7772-c93e-4339-90de-752bdef336eb) - Socket: cTRK_xuw7GPAvZHIAAAP
[2026-06-16 10:55:29:5529] [INFO]: OPTIONS /api/products 204 0 - 0.084 ms
[2026-06-16 10:55:29:5529] [INFO]: OPTIONS /api/products 204 0 - 0.066 ms
[2026-06-16 10:55:29:5529] [INFO]: [SOCKET] User connected: Krishna Shelar (f1ed7772-c93e-4339-90de-752bdef336eb) - Socket: 8MFVNY4DgugJU2HNAAAS
[2026-06-16 10:55:29:5529] [INFO]: [SOCKET] User connected: Krishna Shelar (f1ed7772-c93e-4339-90de-752bdef336eb) - Socket: dgtXzKZPP6ISlXU-AAAT
[2026-06-16 10:55:30:5530] [INFO]: GET /api/products 304 - - 18.592 ms
[2026-06-16 10:55:30:5530] [INFO]: GET /api/products 304 - - 4.607 ms
[2026-06-16 10:55:30:5530] [INFO]: OPTIONS /api/products/2cc9c9cc-587e-44b3-92eb-2c035dbc5816/status 204 0 - 0.192 ms
[2026-06-16 10:55:30:5530] [INFO]: OPTIONS /api/users?productId=2cc9c9cc-587e-44b3-92eb-2c035dbc5816 204 0 - 0.144 ms
[2026-06-16 10:55:30:5530] [INFO]: OPTIONS /api/users?productId=2cc9c9cc-587e-44b3-92eb-2c035dbc5816 204 0 - 0.258 ms
[2026-06-16 10:55:30:5530] [INFO]: OPTIONS /api/products/2cc9c9cc-587e-44b3-92eb-2c035dbc5816/status 204 0 - 0.116 ms
[2026-06-16 10:55:30:5530] [INFO]: GET /api/users?productId=2cc9c9cc-587e-44b3-92eb-2c035dbc5816 304 - - 5.084 ms
[2026-06-16 10:55:30:5530] [INFO]: GET /api/products/2cc9c9cc-587e-44b3-92eb-2c035dbc5816/status 304 - - 8.266 ms
[2026-06-16 10:55:30:5530] [INFO]: GET /api/users?productId=2cc9c9cc-587e-44b3-92eb-2c035dbc5816 304 - - 3.535 ms
[2026-06-16 10:55:30:5530] [INFO]: GET /api/products/2cc9c9cc-587e-44b3-92eb-2c035dbc5816/status 304 - - 3.946 ms
[2026-06-16 10:55:30:5530] [INFO]: GET /api/users?productId=2cc9c9cc-587e-44b3-92eb-2c035dbc5816 304 - - 3.753 ms
[2026-06-16 10:55:30:5530] [INFO]: GET /api/products/2cc9c9cc-587e-44b3-92eb-2c035dbc5816/status 304 - - 7.316 ms
[2026-06-16 10:55:32:5532] [INFO]: OPTIONS /api/features?productId=2cc9c9cc-587e-44b3-92eb-2c035dbc5816 204 0 - 0.159 ms
[2026-06-16 10:55:32:5532] [INFO]: OPTIONS /api/features?productId=2cc9c9cc-587e-44b3-92eb-2c035dbc5816 204 0 - 0.067 ms
[2026-06-16 10:55:32:5532] [INFO]: GET /api/users?productId=2cc9c9cc-587e-44b3-92eb-2c035dbc5816 304 - - 5.638 ms
[2026-06-16 10:55:32:5532] [INFO]: GET /api/users?productId=2cc9c9cc-587e-44b3-92eb-2c035dbc5816 304 - - 3.928 ms
[2026-06-16 10:55:32:5532] [INFO]: GET /api/features?productId=2cc9c9cc-587e-44b3-92eb-2c035dbc5816 304 - - 36.837 ms
[2026-06-16 10:55:32:5532] [INFO]: GET /api/features?productId=2cc9c9cc-587e-44b3-92eb-2c035dbc5816 304 - - 81.315 ms
[2026-06-16 10:55:35:5535] [INFO]: OPTIONS /api/features?productId=b0a99dca-673f-4fbf-af37-106292b1162c 204 0 - 0.117 ms
[2026-06-16 10:55:35:5535] [INFO]: OPTIONS /api/users?productId=b0a99dca-673f-4fbf-af37-106292b1162c 204 0 - 0.070 ms
[2026-06-16 10:55:35:5535] [INFO]: GET /api/users?productId=b0a99dca-673f-4fbf-af37-106292b1162c 200 2 - 3.942 ms
[2026-06-16 10:55:35:5535] [INFO]: GET /api/features?productId=b0a99dca-673f-4fbf-af37-106292b1162c 200 2 - 8.137 ms
[2026-06-16 10:55:37:5537] [INFO]: OPTIONS /api/features?productId=4013ba1f-ee5b-454f-a976-316fb9f8facd 204 0 - 0.116 ms
[2026-06-16 10:55:37:5537] [INFO]: OPTIONS /api/users?productId=4013ba1f-ee5b-454f-a976-316fb9f8facd 204 0 - 0.072 ms
[2026-06-16 10:55:37:5537] [INFO]: GET /api/users?productId=4013ba1f-ee5b-454f-a976-316fb9f8facd 304 - - 4.126 ms
[2026-06-16 10:55:37:5537] [INFO]: GET /api/features?productId=4013ba1f-ee5b-454f-a976-316fb9f8facd 304 - - 7.060 ms
[2026-06-16 10:55:39:5539] [INFO]: OPTIONS /api/features?productId=e65ac700-bd33-41b6-b6ce-af520ad92a2b 204 0 - 0.092 ms
[2026-06-16 10:55:39:5539] [INFO]: OPTIONS /api/users?productId=e65ac700-bd33-41b6-b6ce-af520ad92a2b 204 0 - 0.067 ms
[2026-06-16 10:55:39:5539] [INFO]: GET /api/users?productId=e65ac700-bd33-41b6-b6ce-af520ad92a2b 304 - - 2.540 ms
[2026-06-16 10:55:39:5539] [INFO]: GET /api/features?productId=e65ac700-bd33-41b6-b6ce-af520ad92a2b 304 - - 5.007 ms
[2026-06-16 10:55:41:5541] [INFO]: OPTIONS /api/features?productId=c0c9551e-368f-4584-ba04-1e78966e46a6 204 0 - 0.082 ms
[2026-06-16 10:55:41:5541] [INFO]: OPTIONS /api/users?productId=c0c9551e-368f-4584-ba04-1e78966e46a6 204 0 - 0.095 ms
[2026-06-16 10:55:41:5541] [INFO]: GET /api/features?productId=c0c9551e-368f-4584-ba04-1e78966e46a6 304 - - 4.041 ms
[2026-06-16 10:55:41:5541] [INFO]: GET /api/users?productId=c0c9551e-368f-4584-ba04-1e78966e46a6 304 - - 3.448 ms
[2026-06-16 10:55:42:5542] [INFO]: OPTIONS /api/features?productId=ce382ec9-9800-4a45-bd35-03699d572953 204 0 - 0.094 ms
[2026-06-16 10:55:42:5542] [INFO]: OPTIONS /api/users?productId=ce382ec9-9800-4a45-bd35-03699d572953 204 0 - 0.062 ms
[2026-06-16 10:55:42:5542] [INFO]: GET /api/users?productId=ce382ec9-9800-4a45-bd35-03699d572953 304 - - 4.018 ms
[2026-06-16 10:55:42:5542] [INFO]: GET /api/features?productId=ce382ec9-9800-4a45-bd35-03699d572953 304 - - 6.414 ms
[2026-06-16 10:55:43:5543] [INFO]: OPTIONS /api/features?productId=b0a99dca-673f-4fbf-af37-106292b1162c 204 0 - 0.094 ms
[2026-06-16 10:55:43:5543] [INFO]: OPTIONS /api/users?productId=b0a99dca-673f-4fbf-af37-106292b1162c 204 0 - 0.078 ms
[2026-06-16 10:55:43:5543] [INFO]: GET /api/users?productId=b0a99dca-673f-4fbf-af37-106292b1162c 304 - - 2.709 ms
[2026-06-16 10:55:43:5543] [INFO]: GET /api/features?productId=b0a99dca-673f-4fbf-af37-106292b1162c 304 - - 5.279 ms
[2026-06-16 10:55:44:5544] [INFO]: OPTIONS /api/features?productId=2cc9c9cc-587e-44b3-92eb-2c035dbc5816 204 0 - 0.149 ms
[2026-06-16 10:55:44:5544] [INFO]: OPTIONS /api/users?productId=2cc9c9cc-587e-44b3-92eb-2c035dbc5816 204 0 - 0.066 ms
[2026-06-16 10:55:44:5544] [INFO]: GET /api/users?productId=2cc9c9cc-587e-44b3-92eb-2c035dbc5816 304 - - 2.510 ms
[2026-06-16 10:55:44:5544] [INFO]: GET /api/features?productId=2cc9c9cc-587e-44b3-92eb-2c035dbc5816 304 - - 36.524 ms
[2026-06-16 10:58:12:5812] [INFO]: ==================================================
[2026-06-16 10:58:12:5812] [INFO]: 🚀 TKS API Server with Socket.IO is running on port: 5000
[2026-06-16 10:58:12:5812] [INFO]: 🔐 Bypass MS Auth status: true
[2026-06-16 10:58:12:5812] [INFO]: ==================================================
[2026-06-16 10:58:13:5813] [INFO]: [SOCKET] User connected: Krishna Shelar (f1ed7772-c93e-4339-90de-752bdef336eb) - Socket: 46TJA0bazZqGVzUTAAAB
[2026-06-16 10:58:15:5815] [INFO]: [SOCKET] User connected: Krishna Shelar (f1ed7772-c93e-4339-90de-752bdef336eb) - Socket: sc_gKHNxKNYZ0W6vAAAD
[2026-06-16 10:59:53:5953] [INFO]: OPTIONS /api/features?productId=2cc9c9cc-587e-44b3-92eb-2c035dbc5816 204 0 - 2.016 ms
[2026-06-16 10:59:53:5953] [INFO]: DELETE /api/features?productId=2cc9c9cc-587e-44b3-92eb-2c035dbc5816 200 48 - 99.531 ms
[2026-06-16 10:59:53:5953] [INFO]: OPTIONS /api/users?productId=2cc9c9cc-587e-44b3-92eb-2c035dbc5816 204 0 - 0.493 ms
[2026-06-16 10:59:53:5953] [INFO]: GET /api/users?productId=2cc9c9cc-587e-44b3-92eb-2c035dbc5816 304 - - 11.607 ms
[2026-06-16 10:59:53:5953] [INFO]: GET /api/features?productId=2cc9c9cc-587e-44b3-92eb-2c035dbc5816 200 2 - 25.611 ms
[2026-06-16 11:00:05:05] [INFO]: OPTIONS /api/features/bulk 204 0 - 0.144 ms
[2026-06-16 11:00:05:05] [INFO]: [NOTIFICATION SERVICE] Creating notification for user f1ed7772-c93e-4339-90de-752bdef336eb: "Feature Assigned via Import"
[2026-06-16 11:00:05:05] [INFO]: [SOCKET] Emitting event "notification" to user room f1ed7772-c93e-4339-90de-752bdef336eb
[2026-06-16 11:00:05:05] [INFO]: [NOTIFICATION SERVICE] Creating notification for user f1ed7772-c93e-4339-90de-752bdef336eb: "Feature Assigned via Import"
[2026-06-16 11:00:05:05] [INFO]: [SOCKET] Emitting event "notification" to user room f1ed7772-c93e-4339-90de-752bdef336eb
[2026-06-16 11:00:05:05] [INFO]: [NOTIFICATION SERVICE] Creating notification for user f1ed7772-c93e-4339-90de-752bdef336eb: "Feature Assigned via Import"
[2026-06-16 11:00:05:05] [INFO]: [SOCKET] Emitting event "notification" to user room f1ed7772-c93e-4339-90de-752bdef336eb
[2026-06-16 11:00:05:05] [INFO]: [NOTIFICATION SERVICE] Creating notification for user f1ed7772-c93e-4339-90de-752bdef336eb: "Feature Assigned via Import"
[2026-06-16 11:00:05:05] [INFO]: [SOCKET] Emitting event "notification" to user room f1ed7772-c93e-4339-90de-752bdef336eb
[2026-06-16 11:00:05:05] [INFO]: [NOTIFICATION SERVICE] Creating notification for user f1ed7772-c93e-4339-90de-752bdef336eb: "Feature Assigned via Import"
[2026-06-16 11:00:05:05] [INFO]: [SOCKET] Emitting event "notification" to user room f1ed7772-c93e-4339-90de-752bdef336eb
[2026-06-16 11:00:05:05] [INFO]: [NOTIFICATION SERVICE] Creating notification for user f1ed7772-c93e-4339-90de-752bdef336eb: "Feature Assigned via Import"
[2026-06-16 11:00:05:05] [INFO]: [SOCKET] Emitting event "notification" to user room f1ed7772-c93e-4339-90de-752bdef336eb
[2026-06-16 11:00:05:05] [INFO]: [NOTIFICATION SERVICE] Creating notification for user f1ed7772-c93e-4339-90de-752bdef336eb: "Feature Assigned via Import"
[2026-06-16 11:00:05:05] [INFO]: [SOCKET] Emitting event "notification" to user room f1ed7772-c93e-4339-90de-752bdef336eb
[2026-06-16 11:00:05:05] [INFO]: [NOTIFICATION SERVICE] Creating notification for user f1ed7772-c93e-4339-90de-752bdef336eb: "Feature Assigned via Import"
[2026-06-16 11:00:05:05] [INFO]: [SOCKET] Emitting event "notification" to user room f1ed7772-c93e-4339-90de-752bdef336eb
[2026-06-16 11:00:05:05] [INFO]: [NOTIFICATION SERVICE] Creating notification for user f1ed7772-c93e-4339-90de-752bdef336eb: "Feature Assigned via Import"
[2026-06-16 11:00:06:06] [INFO]: [SOCKET] Emitting event "notification" to user room f1ed7772-c93e-4339-90de-752bdef336eb
[2026-06-16 11:00:06:06] [INFO]: [NOTIFICATION SERVICE] Creating notification for user f1ed7772-c93e-4339-90de-752bdef336eb: "Feature Assigned via Import"
[2026-06-16 11:00:06:06] [INFO]: [SOCKET] Emitting event "notification" to user room f1ed7772-c93e-4339-90de-752bdef336eb
[2026-06-16 11:00:06:06] [INFO]: [NOTIFICATION SERVICE] Creating notification for user f1ed7772-c93e-4339-90de-752bdef336eb: "Feature Assigned via Import"
[2026-06-16 11:00:06:06] [INFO]: [SOCKET] Emitting event "notification" to user room f1ed7772-c93e-4339-90de-752bdef336eb
[2026-06-16 11:00:06:06] [INFO]: [NOTIFICATION SERVICE] Creating notification for user f1ed7772-c93e-4339-90de-752bdef336eb: "Feature Assigned via Import"
[2026-06-16 11:00:06:06] [INFO]: [SOCKET] Emitting event "notification" to user room f1ed7772-c93e-4339-90de-752bdef336eb
[2026-06-16 11:00:06:06] [INFO]: [NOTIFICATION SERVICE] Creating notification for user f1ed7772-c93e-4339-90de-752bdef336eb: "Feature Assigned via Import"
[2026-06-16 11:00:06:06] [INFO]: [SOCKET] Emitting event "notification" to user room f1ed7772-c93e-4339-90de-752bdef336eb
[2026-06-16 11:00:06:06] [INFO]: [NOTIFICATION SERVICE] Creating notification for user f1ed7772-c93e-4339-90de-752bdef336eb: "Feature Assigned via Import"
[2026-06-16 11:00:06:06] [INFO]: [SOCKET] Emitting event "notification" to user room f1ed7772-c93e-4339-90de-752bdef336eb
[2026-06-16 11:00:06:06] [INFO]: [NOTIFICATION SERVICE] Creating notification for user f1ed7772-c93e-4339-90de-752bdef336eb: "Feature Assigned via Import"
[2026-06-16 11:00:06:06] [INFO]: [SOCKET] Emitting event "notification" to user room f1ed7772-c93e-4339-90de-752bdef336eb
[2026-06-16 11:00:06:06] [INFO]: [NOTIFICATION SERVICE] Creating notification for user f1ed7772-c93e-4339-90de-752bdef336eb: "Feature Assigned via Import"
[2026-06-16 11:00:06:06] [INFO]: [SOCKET] Emitting event "notification" to user room f1ed7772-c93e-4339-90de-752bdef336eb
[2026-06-16 11:00:06:06] [INFO]: [NOTIFICATION SERVICE] Creating notification for user f1ed7772-c93e-4339-90de-752bdef336eb: "Feature Assigned via Import"
[2026-06-16 11:00:06:06] [INFO]: [SOCKET] Emitting event "notification" to user room f1ed7772-c93e-4339-90de-752bdef336eb
[2026-06-16 11:00:06:06] [INFO]: [NOTIFICATION SERVICE] Creating notification for user f1ed7772-c93e-4339-90de-752bdef336eb: "Feature Assigned via Import"
[2026-06-16 11:00:06:06] [INFO]: [SOCKET] Emitting event "notification" to user room f1ed7772-c93e-4339-90de-752bdef336eb
[2026-06-16 11:00:06:06] [INFO]: [NOTIFICATION SERVICE] Creating notification for user f1ed7772-c93e-4339-90de-752bdef336eb: "Feature Assigned via Import"
[2026-06-16 11:00:06:06] [INFO]: [SOCKET] Emitting event "notification" to user room f1ed7772-c93e-4339-90de-752bdef336eb
[2026-06-16 11:00:06:06] [INFO]: [NOTIFICATION SERVICE] Creating notification for user f1ed7772-c93e-4339-90de-752bdef336eb: "Feature Assigned via Import"
[2026-06-16 11:00:06:06] [INFO]: [SOCKET] Emitting event "notification" to user room f1ed7772-c93e-4339-90de-752bdef336eb
[2026-06-16 11:00:06:06] [INFO]: [NOTIFICATION SERVICE] Creating notification for user f1ed7772-c93e-4339-90de-752bdef336eb: "Feature Assigned via Import"
[2026-06-16 11:00:06:06] [INFO]: [SOCKET] Emitting event "notification" to user room f1ed7772-c93e-4339-90de-752bdef336eb
[2026-06-16 11:00:06:06] [INFO]: [NOTIFICATION SERVICE] Creating notification for user f1ed7772-c93e-4339-90de-752bdef336eb: "Feature Assigned via Import"
[2026-06-16 11:00:06:06] [INFO]: [SOCKET] Emitting event "notification" to user room f1ed7772-c93e-4339-90de-752bdef336eb
[2026-06-16 11:00:06:06] [INFO]: [NOTIFICATION SERVICE] Creating notification for user f1ed7772-c93e-4339-90de-752bdef336eb: "Feature Assigned via Import"
[2026-06-16 11:00:06:06] [INFO]: [SOCKET] Emitting event "notification" to user room f1ed7772-c93e-4339-90de-752bdef336eb
[2026-06-16 11:00:06:06] [INFO]: [NOTIFICATION SERVICE] Creating notification for user f1ed7772-c93e-4339-90de-752bdef336eb: "Feature Assigned via Import"
[2026-06-16 11:00:06:06] [INFO]: [SOCKET] Emitting event "notification" to user room f1ed7772-c93e-4339-90de-752bdef336eb
[2026-06-16 11:00:06:06] [INFO]: [NOTIFICATION SERVICE] Creating notification for user f1ed7772-c93e-4339-90de-752bdef336eb: "Feature Assigned via Import"
[2026-06-16 11:00:06:06] [INFO]: [SOCKET] Emitting event "notification" to user room f1ed7772-c93e-4339-90de-752bdef336eb
[2026-06-16 11:00:06:06] [INFO]: [NOTIFICATION SERVICE] Creating notification for user f1ed7772-c93e-4339-90de-752bdef336eb: "Feature Assigned via Import"
[2026-06-16 11:00:06:06] [INFO]: [SOCKET] Emitting event "notification" to user room f1ed7772-c93e-4339-90de-752bdef336eb
[2026-06-16 11:00:06:06] [INFO]: [NOTIFICATION SERVICE] Creating notification for user f1ed7772-c93e-4339-90de-752bdef336eb: "Feature Assigned via Import"
[2026-06-16 11:00:06:06] [INFO]: [SOCKET] Emitting event "notification" to user room f1ed7772-c93e-4339-90de-752bdef336eb
[2026-06-16 11:00:06:06] [INFO]: [NOTIFICATION SERVICE] Creating notification for user f1ed7772-c93e-4339-90de-752bdef336eb: "Feature Assigned via Import"
[2026-06-16 11:00:06:06] [INFO]: [SOCKET] Emitting event "notification" to user room f1ed7772-c93e-4339-90de-752bdef336eb
[2026-06-16 11:00:06:06] [INFO]: [NOTIFICATION SERVICE] Creating notification for user f1ed7772-c93e-4339-90de-752bdef336eb: "Feature Assigned via Import"
[2026-06-16 11:00:06:06] [INFO]: [SOCKET] Emitting event "notification" to user room f1ed7772-c93e-4339-90de-752bdef336eb
[2026-06-16 11:00:06:06] [INFO]: [NOTIFICATION SERVICE] Creating notification for user f1ed7772-c93e-4339-90de-752bdef336eb: "Feature Assigned via Import"
[2026-06-16 11:00:06:06] [INFO]: [SOCKET] Emitting event "notification" to user room f1ed7772-c93e-4339-90de-752bdef336eb
[2026-06-16 11:00:06:06] [INFO]: [NOTIFICATION SERVICE] Creating notification for user f1ed7772-c93e-4339-90de-752bdef336eb: "Feature Assigned via Import"
[2026-06-16 11:00:06:06] [INFO]: [SOCKET] Emitting event "notification" to user room f1ed7772-c93e-4339-90de-752bdef336eb
[2026-06-16 11:00:06:06] [INFO]: [NOTIFICATION SERVICE] Creating notification for user f1ed7772-c93e-4339-90de-752bdef336eb: "Feature Assigned via Import"
[2026-06-16 11:00:06:06] [INFO]: [SOCKET] Emitting event "notification" to user room f1ed7772-c93e-4339-90de-752bdef336eb
[2026-06-16 11:00:06:06] [INFO]: [NOTIFICATION SERVICE] Creating notification for user f1ed7772-c93e-4339-90de-752bdef336eb: "Feature Assigned via Import"
[2026-06-16 11:00:06:06] [INFO]: [SOCKET] Emitting event "notification" to user room f1ed7772-c93e-4339-90de-752bdef336eb
[2026-06-16 11:00:07:07] [INFO]: [NOTIFICATION SERVICE] Creating notification for user f1ed7772-c93e-4339-90de-752bdef336eb: "Feature Assigned via Import"
[2026-06-16 11:00:07:07] [INFO]: [SOCKET] Emitting event "notification" to user room f1ed7772-c93e-4339-90de-752bdef336eb
[2026-06-16 11:00:07:07] [INFO]: [NOTIFICATION SERVICE] Creating notification for user f1ed7772-c93e-4339-90de-752bdef336eb: "Feature Assigned via Import"
[2026-06-16 11:00:07:07] [INFO]: [SOCKET] Emitting event "notification" to user room f1ed7772-c93e-4339-90de-752bdef336eb
[2026-06-16 11:00:07:07] [INFO]: [NOTIFICATION SERVICE] Creating notification for user f1ed7772-c93e-4339-90de-752bdef336eb: "Feature Assigned via Import"
[2026-06-16 11:00:07:07] [INFO]: [SOCKET] Emitting event "notification" to user room f1ed7772-c93e-4339-90de-752bdef336eb
[2026-06-16 11:00:07:07] [INFO]: [NOTIFICATION SERVICE] Creating notification for user f1ed7772-c93e-4339-90de-752bdef336eb: "Feature Assigned via Import"
[2026-06-16 11:00:07:07] [INFO]: [SOCKET] Emitting event "notification" to user room f1ed7772-c93e-4339-90de-752bdef336eb
[2026-06-16 11:00:07:07] [INFO]: [NOTIFICATION SERVICE] Creating notification for user f1ed7772-c93e-4339-90de-752bdef336eb: "Feature Assigned via Import"
[2026-06-16 11:00:07:07] [INFO]: [SOCKET] Emitting event "notification" to user room f1ed7772-c93e-4339-90de-752bdef336eb
[2026-06-16 11:00:07:07] [INFO]: [NOTIFICATION SERVICE] Creating notification for user f1ed7772-c93e-4339-90de-752bdef336eb: "Feature Assigned via Import"
[2026-06-16 11:00:07:07] [INFO]: [SOCKET] Emitting event "notification" to user room f1ed7772-c93e-4339-90de-752bdef336eb
[2026-06-16 11:00:07:07] [INFO]: [NOTIFICATION SERVICE] Creating notification for user f1ed7772-c93e-4339-90de-752bdef336eb: "Feature Assigned via Import"
[2026-06-16 11:00:07:07] [INFO]: [SOCKET] Emitting event "notification" to user room f1ed7772-c93e-4339-90de-752bdef336eb
[2026-06-16 11:00:07:07] [INFO]: POST /api/features/bulk 201 15347 - 1571.259 ms
[2026-06-16 11:00:07:07] [INFO]: OPTIONS /api/features?productId=2cc9c9cc-587e-44b3-92eb-2c035dbc5816 204 0 - 0.192 ms
[2026-06-16 11:00:07:07] [INFO]: OPTIONS /api/users?productId=2cc9c9cc-587e-44b3-92eb-2c035dbc5816 204 0 - 0.204 ms
[2026-06-16 11:00:07:07] [INFO]: GET /api/users?productId=2cc9c9cc-587e-44b3-92eb-2c035dbc5816 304 - - 10.453 ms
[2026-06-16 11:00:07:07] [INFO]: GET /api/features?productId=2cc9c9cc-587e-44b3-92eb-2c035dbc5816 200 1775887 - 59.970 ms
[2026-06-16 11:00:38:038] [INFO]: OPTIONS /api/user-stories?productId=2cc9c9cc-587e-44b3-92eb-2c035dbc5816 204 0 - 0.147 ms
[2026-06-16 11:00:38:038] [INFO]: OPTIONS /api/users?productId=2cc9c9cc-587e-44b3-92eb-2c035dbc5816 204 0 - 0.121 ms
[2026-06-16 11:00:38:038] [INFO]: OPTIONS /api/features?productId=2cc9c9cc-587e-44b3-92eb-2c035dbc5816 204 0 - 0.109 ms
[2026-06-16 11:00:38:038] [INFO]: OPTIONS /api/user-stories?productId=2cc9c9cc-587e-44b3-92eb-2c035dbc5816 204 0 - 0.113 ms
[2026-06-16 11:00:38:038] [INFO]: OPTIONS /api/features?productId=2cc9c9cc-587e-44b3-92eb-2c035dbc5816 204 0 - 0.804 ms
[2026-06-16 11:00:38:038] [INFO]: OPTIONS /api/users?productId=2cc9c9cc-587e-44b3-92eb-2c035dbc5816 204 0 - 0.224 ms
[2026-06-16 11:00:38:038] [INFO]: GET /api/users?productId=2cc9c9cc-587e-44b3-92eb-2c035dbc5816 304 - - 17.157 ms
[2026-06-16 11:00:38:038] [INFO]: GET /api/user-stories?productId=2cc9c9cc-587e-44b3-92eb-2c035dbc5816 200 2 - 11.895 ms
[2026-06-16 11:00:38:038] [INFO]: GET /api/users?productId=2cc9c9cc-587e-44b3-92eb-2c035dbc5816 304 - - 17.957 ms
[2026-06-16 11:00:38:038] [INFO]: GET /api/features?productId=2cc9c9cc-587e-44b3-92eb-2c035dbc5816 304 - - 68.525 ms
[2026-06-16 11:00:38:038] [INFO]: GET /api/user-stories?productId=2cc9c9cc-587e-44b3-92eb-2c035dbc5816 304 - - 59.317 ms
[2026-06-16 11:00:38:038] [INFO]: GET /api/features?productId=2cc9c9cc-587e-44b3-92eb-2c035dbc5816 304 - - 172.130 ms
[2026-06-16 11:00:42:042] [INFO]: GET /api/users?productId=2cc9c9cc-587e-44b3-92eb-2c035dbc5816 304 - - 2.810 ms
[2026-06-16 11:00:42:042] [INFO]: GET /api/users?productId=2cc9c9cc-587e-44b3-92eb-2c035dbc5816 304 - - 3.441 ms
[2026-06-16 11:00:42:042] [INFO]: GET /api/features?productId=2cc9c9cc-587e-44b3-92eb-2c035dbc5816 304 - - 27.974 ms
[2026-06-16 11:00:42:042] [INFO]: GET /api/features?productId=2cc9c9cc-587e-44b3-92eb-2c035dbc5816 304 - - 54.891 ms
[2026-06-16 11:06:03:63] [INFO]: [SOCKET] User disconnected: Krishna Shelar (f1ed7772-c93e-4339-90de-752bdef336eb) - Socket: 46TJA0bazZqGVzUTAAAB
[2026-06-16 11:06:03:63] [INFO]: [SOCKET] User disconnected: Krishna Shelar (f1ed7772-c93e-4339-90de-752bdef336eb) - Socket: sc_gKHNxKNYZ0W6vAAAD
[2026-06-16 11:06:03:63] [INFO]: OPTIONS /api/products 204 0 - 0.262 ms
[2026-06-16 11:06:03:63] [INFO]: OPTIONS /api/products 204 0 - 0.267 ms
[2026-06-16 11:06:03:63] [INFO]: [SOCKET] User connected: Krishna Shelar (f1ed7772-c93e-4339-90de-752bdef336eb) - Socket: dW_LCas4BD1-dGrOAAAG
[2026-06-16 11:06:03:63] [INFO]: [SOCKET] User connected: Krishna Shelar (f1ed7772-c93e-4339-90de-752bdef336eb) - Socket: iqIzyol-lDCYztvFAAAH
[2026-06-16 11:06:03:63] [INFO]: GET /api/products 304 - - 36.643 ms
[2026-06-16 11:06:03:63] [INFO]: GET /api/products 304 - - 7.859 ms
[2026-06-16 11:06:03:63] [INFO]: OPTIONS /api/products/2cc9c9cc-587e-44b3-92eb-2c035dbc5816/status 204 0 - 0.373 ms
[2026-06-16 11:06:03:63] [INFO]: OPTIONS /api/users?productId=2cc9c9cc-587e-44b3-92eb-2c035dbc5816 204 0 - 0.252 ms
[2026-06-16 11:06:03:63] [INFO]: OPTIONS /api/users?productId=2cc9c9cc-587e-44b3-92eb-2c035dbc5816 204 0 - 0.286 ms
[2026-06-16 11:06:03:63] [INFO]: GET /api/products/2cc9c9cc-587e-44b3-92eb-2c035dbc5816/status 304 - - 24.196 ms
[2026-06-16 11:06:03:63] [INFO]: GET /api/users?productId=2cc9c9cc-587e-44b3-92eb-2c035dbc5816 304 - - 16.138 ms
[2026-06-16 11:06:03:63] [INFO]: GET /api/products/2cc9c9cc-587e-44b3-92eb-2c035dbc5816/status 304 - - 16.011 ms
[2026-06-16 11:06:03:63] [INFO]: GET /api/users?productId=2cc9c9cc-587e-44b3-92eb-2c035dbc5816 304 - - 10.518 ms
[2026-06-16 11:06:03:63] [INFO]: GET /api/users?productId=2cc9c9cc-587e-44b3-92eb-2c035dbc5816 304 - - 31.386 ms
[2026-06-16 11:06:03:63] [INFO]: GET /api/products/2cc9c9cc-587e-44b3-92eb-2c035dbc5816/status 304 - - 63.942 ms
[2026-06-16 11:06:07:67] [INFO]: OPTIONS /api/features?productId=2cc9c9cc-587e-44b3-92eb-2c035dbc5816 204 0 - 0.101 ms
[2026-06-16 11:06:07:67] [INFO]: OPTIONS /api/features?productId=2cc9c9cc-587e-44b3-92eb-2c035dbc5816 204 0 - 0.079 ms
[2026-06-16 11:06:07:67] [INFO]: GET /api/users?productId=2cc9c9cc-587e-44b3-92eb-2c035dbc5816 304 - - 3.426 ms
[2026-06-16 11:06:07:67] [INFO]: GET /api/features?productId=2cc9c9cc-587e-44b3-92eb-2c035dbc5816 304 - - 52.017 ms
[2026-06-16 11:06:07:67] [INFO]: GET /api/users?productId=2cc9c9cc-587e-44b3-92eb-2c035dbc5816 304 - - 51.724 ms
[2026-06-16 11:06:07:67] [INFO]: GET /api/features?productId=2cc9c9cc-587e-44b3-92eb-2c035dbc5816 304 - - 61.778 ms
[2026-06-16 11:17:21:1721] [INFO]: [SOCKET] User disconnected: Krishna Shelar (f1ed7772-c93e-4339-90de-752bdef336eb) - Socket: dW_LCas4BD1-dGrOAAAG
[2026-06-16 11:17:21:1721] [INFO]: [SOCKET] User disconnected: Krishna Shelar (f1ed7772-c93e-4339-90de-752bdef336eb) - Socket: iqIzyol-lDCYztvFAAAH
[2026-06-16 11:17:21:1721] [INFO]: OPTIONS /api/products 204 0 - 0.366 ms
[2026-06-16 11:17:21:1721] [INFO]: OPTIONS /api/products 204 0 - 0.106 ms
[2026-06-16 11:17:21:1721] [INFO]: [SOCKET] User connected: Krishna Shelar (f1ed7772-c93e-4339-90de-752bdef336eb) - Socket: mjJlFDqc5ClviiUsAAAK
[2026-06-16 11:17:21:1721] [INFO]: GET /api/products 304 - - 16.621 ms
[2026-06-16 11:17:21:1721] [INFO]: [SOCKET] User connected: Krishna Shelar (f1ed7772-c93e-4339-90de-752bdef336eb) - Socket: sMxV0H4O0Uqt8IkhAAAL
[2026-06-16 11:17:21:1721] [INFO]: GET /api/products 304 - - 12.735 ms
[2026-06-16 11:17:21:1721] [INFO]: OPTIONS /api/products/2cc9c9cc-587e-44b3-92eb-2c035dbc5816/status 204 0 - 0.117 ms
[2026-06-16 11:17:21:1721] [INFO]: OPTIONS /api/users?productId=2cc9c9cc-587e-44b3-92eb-2c035dbc5816 204 0 - 0.071 ms
[2026-06-16 11:17:21:1721] [INFO]: OPTIONS /api/users?productId=2cc9c9cc-587e-44b3-92eb-2c035dbc5816 204 0 - 0.120 ms
[2026-06-16 11:17:21:1721] [INFO]: GET /api/users?productId=2cc9c9cc-587e-44b3-92eb-2c035dbc5816 304 - - 4.842 ms
[2026-06-16 11:17:21:1721] [INFO]: GET /api/users?productId=2cc9c9cc-587e-44b3-92eb-2c035dbc5816 304 - - 2.990 ms
[2026-06-16 11:17:21:1721] [INFO]: GET /api/products/2cc9c9cc-587e-44b3-92eb-2c035dbc5816/status 304 - - 13.768 ms
[2026-06-16 11:17:21:1721] [INFO]: GET /api/products/2cc9c9cc-587e-44b3-92eb-2c035dbc5816/status 304 - - 7.548 ms
[2026-06-16 11:17:21:1721] [INFO]: GET /api/users?productId=2cc9c9cc-587e-44b3-92eb-2c035dbc5816 304 - - 5.714 ms
[2026-06-16 11:17:21:1721] [INFO]: GET /api/products/2cc9c9cc-587e-44b3-92eb-2c035dbc5816/status 304 - - 6.051 ms
[2026-06-16 11:17:44:1744] [INFO]: OPTIONS /api/features?productId=2cc9c9cc-587e-44b3-92eb-2c035dbc5816 204 0 - 0.111 ms
[2026-06-16 11:17:44:1744] [INFO]: OPTIONS /api/users?productId=2cc9c9cc-587e-44b3-92eb-2c035dbc5816 204 0 - 0.082 ms
[2026-06-16 11:17:44:1744] [INFO]: OPTIONS /api/features?productId=2cc9c9cc-587e-44b3-92eb-2c035dbc5816 204 0 - 0.069 ms
[2026-06-16 11:17:44:1744] [INFO]: OPTIONS /api/users?productId=2cc9c9cc-587e-44b3-92eb-2c035dbc5816 204 0 - 0.094 ms
[2026-06-16 11:17:44:1744] [INFO]: GET /api/users?productId=2cc9c9cc-587e-44b3-92eb-2c035dbc5816 304 - - 3.151 ms
[2026-06-16 11:17:44:1744] [INFO]: GET /api/users?productId=2cc9c9cc-587e-44b3-92eb-2c035dbc5816 304 - - 3.890 ms
[2026-06-16 11:17:44:1744] [INFO]: GET /api/features?productId=2cc9c9cc-587e-44b3-92eb-2c035dbc5816 304 - - 44.508 ms
[2026-06-16 11:17:44:1744] [INFO]: GET /api/features?productId=2cc9c9cc-587e-44b3-92eb-2c035dbc5816 304 - - 59.717 ms
[2026-06-16 11:18:15:1815] [INFO]: ==================================================
[2026-06-16 11:18:15:1815] [INFO]: 🚀 TKS API Server with Socket.IO is running on port: 5000
[2026-06-16 11:18:15:1815] [INFO]: 🔐 Bypass MS Auth status: true
[2026-06-16 11:18:15:1815] [INFO]: ==================================================
[2026-06-16 11:18:16:1816] [INFO]: [SOCKET] User connected: Krishna Shelar (f1ed7772-c93e-4339-90de-752bdef336eb) - Socket: yxo-Je8Owji_D4ofAAAC
[2026-06-16 11:18:16:1816] [INFO]: [SOCKET] User connected: Krishna Shelar (f1ed7772-c93e-4339-90de-752bdef336eb) - Socket: TRTXixzLbpfFCXnOAAAD
[2026-06-16 11:19:32:1932] [INFO]: ==================================================
[2026-06-16 11:19:32:1932] [INFO]: 🚀 TKS API Server with Socket.IO is running on port: 5000
[2026-06-16 11:19:32:1932] [INFO]: 🔐 Bypass MS Auth status: true
[2026-06-16 11:19:32:1932] [INFO]: ==================================================
[2026-06-16 11:19:34:1934] [INFO]: [SOCKET] User connected: Krishna Shelar (f1ed7772-c93e-4339-90de-752bdef336eb) - Socket: xUn__AB1Tm1b87YgAAAC
[2026-06-16 11:19:34:1934] [INFO]: [SOCKET] User connected: Krishna Shelar (f1ed7772-c93e-4339-90de-752bdef336eb) - Socket: be_BWHGud9qwPYkJAAAD
[2026-06-16 11:27:34:2734] [INFO]: ==================================================
[2026-06-16 11:27:34:2734] [INFO]: 🚀 TKS API Server with Socket.IO is running on port: 5000
[2026-06-16 11:27:34:2734] [INFO]: 🔐 Bypass MS Auth status: true
[2026-06-16 11:27:34:2734] [INFO]: ==================================================
[2026-06-16 11:27:36:2736] [INFO]: [SOCKET] User connected: Krishna Shelar (f1ed7772-c93e-4339-90de-752bdef336eb) - Socket: GVs3fIRRb_ynEdXbAAAB
[2026-06-16 11:27:37:2737] [INFO]: [SOCKET] User connected: Krishna Shelar (f1ed7772-c93e-4339-90de-752bdef336eb) - Socket: FkVegQpRit71iTsEAAAD
[2026-06-16 11:27:51:2751] [INFO]: ==================================================
[2026-06-16 11:27:51:2751] [INFO]: 🚀 TKS API Server with Socket.IO is running on port: 5000
[2026-06-16 11:27:51:2751] [INFO]: 🔐 Bypass MS Auth status: true
[2026-06-16 11:27:51:2751] [INFO]: ==================================================
[2026-06-16 11:27:52:2752] [INFO]: [SOCKET] User connected: Krishna Shelar (f1ed7772-c93e-4339-90de-752bdef336eb) - Socket: xi7-aVc9j2I6jZoYAAAB
[2026-06-16 11:27:53:2753] [INFO]: [SOCKET] User connected: Krishna Shelar (f1ed7772-c93e-4339-90de-752bdef336eb) - Socket: 52-E4QwKdAjHkacgAAAD
[2026-06-16 11:28:24:2824] [INFO]: ==================================================
[2026-06-16 11:28:24:2824] [INFO]: 🚀 TKS API Server with Socket.IO is running on port: 5000
[2026-06-16 11:28:24:2824] [INFO]: 🔐 Bypass MS Auth status: true
[2026-06-16 11:28:24:2824] [INFO]: ==================================================
[2026-06-16 11:28:26:2826] [INFO]: [SOCKET] User connected: Krishna Shelar (f1ed7772-c93e-4339-90de-752bdef336eb) - Socket: YNDoKCMlZZH26i3LAAAC
[2026-06-16 11:28:26:2826] [INFO]: [SOCKET] User connected: Krishna Shelar (f1ed7772-c93e-4339-90de-752bdef336eb) - Socket: wZlpGXi5qnXLD5BBAAAD
[2026-06-16 11:28:46:2846] [INFO]: [SOCKET] User disconnected: Krishna Shelar (f1ed7772-c93e-4339-90de-752bdef336eb) - Socket: YNDoKCMlZZH26i3LAAAC
[2026-06-16 11:28:46:2846] [INFO]: [SOCKET] User disconnected: Krishna Shelar (f1ed7772-c93e-4339-90de-752bdef336eb) - Socket: wZlpGXi5qnXLD5BBAAAD
[2026-06-16 11:28:46:2846] [INFO]: OPTIONS /api/products 204 0 - 1.379 ms
[2026-06-16 11:28:46:2846] [INFO]: OPTIONS /api/products 204 0 - 0.224 ms
[2026-06-16 11:28:46:2846] [INFO]: [SOCKET] User connected: Krishna Shelar (f1ed7772-c93e-4339-90de-752bdef336eb) - Socket: 9hGfOPLqoCwevterAAAG
[2026-06-16 11:28:46:2846] [INFO]: [SOCKET] User connected: Krishna Shelar (f1ed7772-c93e-4339-90de-752bdef336eb) - Socket: 11lZTfVeyeURDGLQAAAH
[2026-06-16 11:28:46:2846] [INFO]: GET /api/products 200 1492 - 109.045 ms
[2026-06-16 11:28:46:2846] [INFO]: GET /api/products 304 - - 4.254 ms
[2026-06-16 11:28:46:2846] [INFO]: OPTIONS /api/products/b7b4d1fd-9cee-401f-bab1-f2653eca1096/status 204 0 - 0.284 ms
[2026-06-16 11:28:46:2846] [INFO]: OPTIONS /api/users?productId=b7b4d1fd-9cee-401f-bab1-f2653eca1096 204 0 - 0.490 ms
[2026-06-16 11:28:46:2846] [INFO]: OPTIONS /api/users?productId=b7b4d1fd-9cee-401f-bab1-f2653eca1096 204 0 - 0.434 ms
[2026-06-16 11:28:46:2846] [INFO]: GET /api/users?productId=b7b4d1fd-9cee-401f-bab1-f2653eca1096 200 44644 - 24.394 ms
[2026-06-16 11:28:46:2846] [INFO]: GET /api/products/b7b4d1fd-9cee-401f-bab1-f2653eca1096/status 200 2 - 30.700 ms
[2026-06-16 11:28:46:2846] [INFO]: GET /api/users?productId=b7b4d1fd-9cee-401f-bab1-f2653eca1096 304 - - 20.010 ms
[2026-06-16 11:28:46:2846] [INFO]: GET /api/products/b7b4d1fd-9cee-401f-bab1-f2653eca1096/status 304 - - 17.794 ms
[2026-06-16 11:28:46:2846] [INFO]: GET /api/users?productId=b7b4d1fd-9cee-401f-bab1-f2653eca1096 304 - - 10.643 ms
[2026-06-16 11:28:46:2846] [INFO]: GET /api/products/b7b4d1fd-9cee-401f-bab1-f2653eca1096/status 304 - - 15.674 ms
[2026-06-16 11:28:49:2849] [INFO]: OPTIONS /api/features?productId=b7b4d1fd-9cee-401f-bab1-f2653eca1096 204 0 - 0.140 ms
[2026-06-16 11:28:49:2849] [INFO]: OPTIONS /api/features?productId=b7b4d1fd-9cee-401f-bab1-f2653eca1096 204 0 - 0.204 ms
[2026-06-16 11:28:49:2849] [INFO]: GET /api/users?productId=b7b4d1fd-9cee-401f-bab1-f2653eca1096 304 - - 5.281 ms
[2026-06-16 11:28:49:2849] [INFO]: GET /api/features?productId=b7b4d1fd-9cee-401f-bab1-f2653eca1096 200 2 - 7.872 ms
[2026-06-16 11:28:49:2849] [INFO]: GET /api/users?productId=b7b4d1fd-9cee-401f-bab1-f2653eca1096 304 - - 4.160 ms
[2026-06-16 11:28:49:2849] [INFO]: GET /api/features?productId=b7b4d1fd-9cee-401f-bab1-f2653eca1096 304 - - 8.214 ms
[2026-06-16 11:29:01:291] [INFO]: [SOCKET] User disconnected: Krishna Shelar (f1ed7772-c93e-4339-90de-752bdef336eb) - Socket: 9hGfOPLqoCwevterAAAG
[2026-06-16 11:29:01:291] [INFO]: [SOCKET] User disconnected: Krishna Shelar (f1ed7772-c93e-4339-90de-752bdef336eb) - Socket: 11lZTfVeyeURDGLQAAAH
[2026-06-16 11:29:01:291] [INFO]: OPTIONS /api/products 204 0 - 0.148 ms
[2026-06-16 11:29:01:291] [INFO]: OPTIONS /api/products 204 0 - 0.142 ms
[2026-06-16 11:29:01:291] [INFO]: [SOCKET] User connected: Krishna Shelar (f1ed7772-c93e-4339-90de-752bdef336eb) - Socket: -b3KeKivGZIqtUAHAAAK
[2026-06-16 11:29:01:291] [INFO]: [SOCKET] User connected: Krishna Shelar (f1ed7772-c93e-4339-90de-752bdef336eb) - Socket: 9PrqiDWMX3Iyh_3gAAAL
[2026-06-16 11:29:01:291] [INFO]: GET /api/products 304 - - 10.691 ms
[2026-06-16 11:29:01:291] [INFO]: GET /api/products 304 - - 5.564 ms
[2026-06-16 11:29:01:291] [INFO]: OPTIONS /api/products/b7b4d1fd-9cee-401f-bab1-f2653eca1096/status 204 0 - 0.271 ms
[2026-06-16 11:29:01:291] [INFO]: OPTIONS /api/products/b7b4d1fd-9cee-401f-bab1-f2653eca1096/status 204 0 - 0.299 ms
[2026-06-16 11:29:01:291] [INFO]: OPTIONS /api/users?productId=b7b4d1fd-9cee-401f-bab1-f2653eca1096 204 0 - 0.243 ms
[2026-06-16 11:29:01:291] [INFO]: OPTIONS /api/users?productId=b7b4d1fd-9cee-401f-bab1-f2653eca1096 204 0 - 0.114 ms
[2026-06-16 11:29:01:291] [INFO]: GET /api/users?productId=b7b4d1fd-9cee-401f-bab1-f2653eca1096 304 - - 7.216 ms
[2026-06-16 11:29:01:291] [INFO]: GET /api/products/b7b4d1fd-9cee-401f-bab1-f2653eca1096/status 304 - - 11.405 ms
[2026-06-16 11:29:01:291] [INFO]: GET /api/users?productId=b7b4d1fd-9cee-401f-bab1-f2653eca1096 304 - - 6.247 ms
[2026-06-16 11:29:01:291] [INFO]: GET /api/products/b7b4d1fd-9cee-401f-bab1-f2653eca1096/status 304 - - 16.705 ms
[2026-06-16 11:29:01:291] [INFO]: GET /api/users?productId=b7b4d1fd-9cee-401f-bab1-f2653eca1096 304 - - 10.425 ms
[2026-06-16 11:29:01:291] [INFO]: GET /api/products/b7b4d1fd-9cee-401f-bab1-f2653eca1096/status 304 - - 14.702 ms
[2026-06-16 11:29:04:294] [INFO]: OPTIONS /api/features?productId=b7b4d1fd-9cee-401f-bab1-f2653eca1096 204 0 - 0.102 ms
[2026-06-16 11:29:04:294] [INFO]: OPTIONS /api/features?productId=b7b4d1fd-9cee-401f-bab1-f2653eca1096 204 0 - 0.072 ms
[2026-06-16 11:29:04:294] [INFO]: GET /api/users?productId=b7b4d1fd-9cee-401f-bab1-f2653eca1096 304 - - 4.691 ms
[2026-06-16 11:29:04:294] [INFO]: GET /api/features?productId=b7b4d1fd-9cee-401f-bab1-f2653eca1096 304 - - 14.743 ms
[2026-06-16 11:29:04:294] [INFO]: GET /api/users?productId=b7b4d1fd-9cee-401f-bab1-f2653eca1096 304 - - 11.469 ms
[2026-06-16 11:29:04:294] [INFO]: GET /api/features?productId=b7b4d1fd-9cee-401f-bab1-f2653eca1096 304 - - 24.991 ms
[2026-06-16 11:39:47:3947] [INFO]: [SOCKET] User disconnected: Krishna Shelar (f1ed7772-c93e-4339-90de-752bdef336eb) - Socket: -b3KeKivGZIqtUAHAAAK
[2026-06-16 11:39:47:3947] [INFO]: [SOCKET] User disconnected: Krishna Shelar (f1ed7772-c93e-4339-90de-752bdef336eb) - Socket: 9PrqiDWMX3Iyh_3gAAAL
[2026-06-16 11:39:48:3948] [INFO]: OPTIONS /api/products 204 0 - 0.141 ms
[2026-06-16 11:39:48:3948] [INFO]: [SOCKET] User connected: Krishna Shelar (f1ed7772-c93e-4339-90de-752bdef336eb) - Socket: z_7DDjyghXfCdaygAAAO
[2026-06-16 11:39:48:3948] [INFO]: GET /api/products 304 - - 17.685 ms
[2026-06-16 11:39:48:3948] [INFO]: GET /api/products 304 - - 13.224 ms
[2026-06-16 11:39:48:3948] [INFO]: [SOCKET] User connected: Krishna Shelar (f1ed7772-c93e-4339-90de-752bdef336eb) - Socket: _WOeuzQ1mF5FJZuMAAAP
[2026-06-16 11:39:48:3948] [INFO]: OPTIONS /api/products/b7b4d1fd-9cee-401f-bab1-f2653eca1096/status 204 0 - 0.290 ms
[2026-06-16 11:39:48:3948] [INFO]: OPTIONS /api/users?productId=b7b4d1fd-9cee-401f-bab1-f2653eca1096 204 0 - 0.171 ms
[2026-06-16 11:39:48:3948] [INFO]: OPTIONS /api/users?productId=b7b4d1fd-9cee-401f-bab1-f2653eca1096 204 0 - 0.169 ms
[2026-06-16 11:39:48:3948] [INFO]: GET /api/products/b7b4d1fd-9cee-401f-bab1-f2653eca1096/status 304 - - 20.821 ms
[2026-06-16 11:39:48:3948] [INFO]: GET /api/users?productId=b7b4d1fd-9cee-401f-bab1-f2653eca1096 304 - - 14.095 ms
[2026-06-16 11:39:48:3948] [INFO]: GET /api/products/b7b4d1fd-9cee-401f-bab1-f2653eca1096/status 304 - - 25.574 ms
[2026-06-16 11:39:48:3948] [INFO]: GET /api/users?productId=b7b4d1fd-9cee-401f-bab1-f2653eca1096 304 - - 13.495 ms
[2026-06-16 11:39:48:3948] [INFO]: GET /api/users?productId=b7b4d1fd-9cee-401f-bab1-f2653eca1096 304 - - 18.747 ms
[2026-06-16 11:39:48:3948] [INFO]: GET /api/products/b7b4d1fd-9cee-401f-bab1-f2653eca1096/status 304 - - 40.361 ms
[2026-06-16 11:44:04:444] [INFO]: OPTIONS /api/features?productId=b7b4d1fd-9cee-401f-bab1-f2653eca1096 204 0 - 0.094 ms
[2026-06-16 11:44:04:444] [INFO]: OPTIONS /api/users?productId=b7b4d1fd-9cee-401f-bab1-f2653eca1096 204 0 - 0.060 ms
[2026-06-16 11:44:04:444] [INFO]: OPTIONS /api/features?productId=b7b4d1fd-9cee-401f-bab1-f2653eca1096 204 0 - 0.059 ms
[2026-06-16 11:44:04:444] [INFO]: OPTIONS /api/users?productId=b7b4d1fd-9cee-401f-bab1-f2653eca1096 204 0 - 0.076 ms
[2026-06-16 11:44:04:444] [INFO]: GET /api/users?productId=b7b4d1fd-9cee-401f-bab1-f2653eca1096 304 - - 3.545 ms
[2026-06-16 11:44:04:444] [INFO]: GET /api/features?productId=b7b4d1fd-9cee-401f-bab1-f2653eca1096 304 - - 7.229 ms
[2026-06-16 11:44:04:444] [INFO]: GET /api/users?productId=b7b4d1fd-9cee-401f-bab1-f2653eca1096 304 - - 7.123 ms
[2026-06-16 11:44:04:444] [INFO]: GET /api/features?productId=b7b4d1fd-9cee-401f-bab1-f2653eca1096 304 - - 4.929 ms
[2026-06-16 11:44:10:4410] [INFO]: [SOCKET] User disconnected: Krishna Shelar (f1ed7772-c93e-4339-90de-752bdef336eb) - Socket: z_7DDjyghXfCdaygAAAO
[2026-06-16 11:44:10:4410] [INFO]: [SOCKET] User disconnected: Krishna Shelar (f1ed7772-c93e-4339-90de-752bdef336eb) - Socket: _WOeuzQ1mF5FJZuMAAAP
[2026-06-16 11:44:11:4411] [INFO]: OPTIONS /api/products 204 0 - 0.135 ms
[2026-06-16 11:44:11:4411] [INFO]: OPTIONS /api/products 204 0 - 0.082 ms
[2026-06-16 11:44:11:4411] [INFO]: [SOCKET] User connected: Krishna Shelar (f1ed7772-c93e-4339-90de-752bdef336eb) - Socket: jvgcG--1k4DS468zAAAS
[2026-06-16 11:44:11:4411] [INFO]: GET /api/products 304 - - 17.888 ms
[2026-06-16 11:44:11:4411] [INFO]: [SOCKET] User connected: Krishna Shelar (f1ed7772-c93e-4339-90de-752bdef336eb) - Socket: egqqsPMvL9z0c1jJAAAT
[2026-06-16 11:44:11:4411] [INFO]: GET /api/products 304 - - 9.692 ms
[2026-06-16 11:44:11:4411] [INFO]: OPTIONS /api/products/b7b4d1fd-9cee-401f-bab1-f2653eca1096/status 204 0 - 0.136 ms
[2026-06-16 11:44:11:4411] [INFO]: OPTIONS /api/users?productId=b7b4d1fd-9cee-401f-bab1-f2653eca1096 204 0 - 0.136 ms
[2026-06-16 11:44:11:4411] [INFO]: OPTIONS /api/users?productId=b7b4d1fd-9cee-401f-bab1-f2653eca1096 204 0 - 0.125 ms
[2026-06-16 11:44:11:4411] [INFO]: GET /api/users?productId=b7b4d1fd-9cee-401f-bab1-f2653eca1096 304 - - 5.962 ms
[2026-06-16 11:44:11:4411] [INFO]: GET /api/products/b7b4d1fd-9cee-401f-bab1-f2653eca1096/status 304 - - 11.284 ms
[2026-06-16 11:44:11:4411] [INFO]: GET /api/users?productId=b7b4d1fd-9cee-401f-bab1-f2653eca1096 304 - - 8.184 ms
[2026-06-16 11:44:11:4411] [INFO]: GET /api/products/b7b4d1fd-9cee-401f-bab1-f2653eca1096/status 304 - - 9.938 ms
[2026-06-16 11:44:11:4411] [INFO]: GET /api/users?productId=b7b4d1fd-9cee-401f-bab1-f2653eca1096 304 - - 12.289 ms
[2026-06-16 11:44:11:4411] [INFO]: GET /api/products/b7b4d1fd-9cee-401f-bab1-f2653eca1096/status 304 - - 12.611 ms
[2026-06-16 11:44:13:4413] [INFO]: OPTIONS /api/features?productId=b7b4d1fd-9cee-401f-bab1-f2653eca1096 204 0 - 0.108 ms
[2026-06-16 11:44:13:4413] [INFO]: OPTIONS /api/features?productId=b7b4d1fd-9cee-401f-bab1-f2653eca1096 204 0 - 0.080 ms
[2026-06-16 11:44:13:4413] [INFO]: GET /api/users?productId=b7b4d1fd-9cee-401f-bab1-f2653eca1096 304 - - 22.352 ms
[2026-06-16 11:44:13:4413] [INFO]: GET /api/features?productId=b7b4d1fd-9cee-401f-bab1-f2653eca1096 304 - - 39.545 ms
[2026-06-16 11:44:13:4413] [INFO]: GET /api/users?productId=b7b4d1fd-9cee-401f-bab1-f2653eca1096 304 - - 17.121 ms
[2026-06-16 11:44:13:4413] [INFO]: GET /api/features?productId=b7b4d1fd-9cee-401f-bab1-f2653eca1096 304 - - 13.046 ms
[2026-06-16 11:45:18:4518] [INFO]: OPTIONS /api/features/bulk 204 0 - 0.101 ms
[2026-06-16 11:45:18:4518] [INFO]: [NOTIFICATION SERVICE] Creating notification for user f1ed7772-c93e-4339-90de-752bdef336eb: "Feature Assigned via Import"
[2026-06-16 11:45:18:4518] [INFO]: [SOCKET] Emitting event "notification" to user room f1ed7772-c93e-4339-90de-752bdef336eb
[2026-06-16 11:45:18:4518] [INFO]: [NOTIFICATION SERVICE] Creating notification for user f1ed7772-c93e-4339-90de-752bdef336eb: "Feature Assigned via Import"
[2026-06-16 11:45:18:4518] [INFO]: [SOCKET] Emitting event "notification" to user room f1ed7772-c93e-4339-90de-752bdef336eb
[2026-06-16 11:45:18:4518] [INFO]: [NOTIFICATION SERVICE] Creating notification for user f1ed7772-c93e-4339-90de-752bdef336eb: "Feature Assigned via Import"
[2026-06-16 11:45:18:4518] [INFO]: [SOCKET] Emitting event "notification" to user room f1ed7772-c93e-4339-90de-752bdef336eb
[2026-06-16 11:45:18:4518] [INFO]: [NOTIFICATION SERVICE] Creating notification for user f1ed7772-c93e-4339-90de-752bdef336eb: "Feature Assigned via Import"
[2026-06-16 11:45:18:4518] [INFO]: [SOCKET] Emitting event "notification" to user room f1ed7772-c93e-4339-90de-752bdef336eb
[2026-06-16 11:45:18:4518] [INFO]: [NOTIFICATION SERVICE] Creating notification for user f1ed7772-c93e-4339-90de-752bdef336eb: "Feature Assigned via Import"
[2026-06-16 11:45:18:4518] [INFO]: [SOCKET] Emitting event "notification" to user room f1ed7772-c93e-4339-90de-752bdef336eb
[2026-06-16 11:45:19:4519] [INFO]: [NOTIFICATION SERVICE] Creating notification for user f1ed7772-c93e-4339-90de-752bdef336eb: "Feature Assigned via Import"
[2026-06-16 11:45:19:4519] [INFO]: [SOCKET] Emitting event "notification" to user room f1ed7772-c93e-4339-90de-752bdef336eb
[2026-06-16 11:45:19:4519] [INFO]: [NOTIFICATION SERVICE] Creating notification for user f1ed7772-c93e-4339-90de-752bdef336eb: "Feature Assigned via Import"
[2026-06-16 11:45:19:4519] [INFO]: [SOCKET] Emitting event "notification" to user room f1ed7772-c93e-4339-90de-752bdef336eb
[2026-06-16 11:45:19:4519] [INFO]: [NOTIFICATION SERVICE] Creating notification for user f1ed7772-c93e-4339-90de-752bdef336eb: "Feature Assigned via Import"
[2026-06-16 11:45:19:4519] [INFO]: [SOCKET] Emitting event "notification" to user room f1ed7772-c93e-4339-90de-752bdef336eb
[2026-06-16 11:45:19:4519] [INFO]: [NOTIFICATION SERVICE] Creating notification for user f1ed7772-c93e-4339-90de-752bdef336eb: "Feature Assigned via Import"
[2026-06-16 11:45:19:4519] [INFO]: [SOCKET] Emitting event "notification" to user room f1ed7772-c93e-4339-90de-752bdef336eb
[2026-06-16 11:45:19:4519] [INFO]: [NOTIFICATION SERVICE] Creating notification for user f1ed7772-c93e-4339-90de-752bdef336eb: "Feature Assigned via Import"
[2026-06-16 11:45:19:4519] [INFO]: [SOCKET] Emitting event "notification" to user room f1ed7772-c93e-4339-90de-752bdef336eb
[2026-06-16 11:45:19:4519] [INFO]: [NOTIFICATION SERVICE] Creating notification for user f1ed7772-c93e-4339-90de-752bdef336eb: "Feature Assigned via Import"
[2026-06-16 11:45:19:4519] [INFO]: [SOCKET] Emitting event "notification" to user room f1ed7772-c93e-4339-90de-752bdef336eb
[2026-06-16 11:45:19:4519] [INFO]: [NOTIFICATION SERVICE] Creating notification for user f1ed7772-c93e-4339-90de-752bdef336eb: "Feature Assigned via Import"
[2026-06-16 11:45:19:4519] [INFO]: [SOCKET] Emitting event "notification" to user room f1ed7772-c93e-4339-90de-752bdef336eb
[2026-06-16 11:45:19:4519] [INFO]: [NOTIFICATION SERVICE] Creating notification for user f1ed7772-c93e-4339-90de-752bdef336eb: "Feature Assigned via Import"
[2026-06-16 11:45:19:4519] [INFO]: [SOCKET] Emitting event "notification" to user room f1ed7772-c93e-4339-90de-752bdef336eb
[2026-06-16 11:45:19:4519] [INFO]: [NOTIFICATION SERVICE] Creating notification for user f1ed7772-c93e-4339-90de-752bdef336eb: "Feature Assigned via Import"
[2026-06-16 11:45:19:4519] [INFO]: [SOCKET] Emitting event "notification" to user room f1ed7772-c93e-4339-90de-752bdef336eb
[2026-06-16 11:45:19:4519] [INFO]: [NOTIFICATION SERVICE] Creating notification for user f1ed7772-c93e-4339-90de-752bdef336eb: "Feature Assigned via Import"
[2026-06-16 11:45:19:4519] [INFO]: [SOCKET] Emitting event "notification" to user room f1ed7772-c93e-4339-90de-752bdef336eb
[2026-06-16 11:45:19:4519] [INFO]: [NOTIFICATION SERVICE] Creating notification for user f1ed7772-c93e-4339-90de-752bdef336eb: "Feature Assigned via Import"
[2026-06-16 11:45:19:4519] [INFO]: [SOCKET] Emitting event "notification" to user room f1ed7772-c93e-4339-90de-752bdef336eb
[2026-06-16 11:45:19:4519] [INFO]: [NOTIFICATION SERVICE] Creating notification for user f1ed7772-c93e-4339-90de-752bdef336eb: "Feature Assigned via Import"
[2026-06-16 11:45:19:4519] [INFO]: [SOCKET] Emitting event "notification" to user room f1ed7772-c93e-4339-90de-752bdef336eb
[2026-06-16 11:45:19:4519] [INFO]: [NOTIFICATION SERVICE] Creating notification for user f1ed7772-c93e-4339-90de-752bdef336eb: "Feature Assigned via Import"
[2026-06-16 11:45:19:4519] [INFO]: [SOCKET] Emitting event "notification" to user room f1ed7772-c93e-4339-90de-752bdef336eb
[2026-06-16 11:45:19:4519] [INFO]: [NOTIFICATION SERVICE] Creating notification for user f1ed7772-c93e-4339-90de-752bdef336eb: "Feature Assigned via Import"
[2026-06-16 11:45:19:4519] [INFO]: [SOCKET] Emitting event "notification" to user room f1ed7772-c93e-4339-90de-752bdef336eb
[2026-06-16 11:45:19:4519] [INFO]: [NOTIFICATION SERVICE] Creating notification for user f1ed7772-c93e-4339-90de-752bdef336eb: "Feature Assigned via Import"
[2026-06-16 11:45:19:4519] [INFO]: [SOCKET] Emitting event "notification" to user room f1ed7772-c93e-4339-90de-752bdef336eb
[2026-06-16 11:45:19:4519] [INFO]: [NOTIFICATION SERVICE] Creating notification for user f1ed7772-c93e-4339-90de-752bdef336eb: "Feature Assigned via Import"
[2026-06-16 11:45:19:4519] [INFO]: [SOCKET] Emitting event "notification" to user room f1ed7772-c93e-4339-90de-752bdef336eb
[2026-06-16 11:45:19:4519] [INFO]: [NOTIFICATION SERVICE] Creating notification for user f1ed7772-c93e-4339-90de-752bdef336eb: "Feature Assigned via Import"
[2026-06-16 11:45:19:4519] [INFO]: [SOCKET] Emitting event "notification" to user room f1ed7772-c93e-4339-90de-752bdef336eb
[2026-06-16 11:45:19:4519] [INFO]: [NOTIFICATION SERVICE] Creating notification for user f1ed7772-c93e-4339-90de-752bdef336eb: "Feature Assigned via Import"
[2026-06-16 11:45:19:4519] [INFO]: [SOCKET] Emitting event "notification" to user room f1ed7772-c93e-4339-90de-752bdef336eb
[2026-06-16 11:45:19:4519] [INFO]: [NOTIFICATION SERVICE] Creating notification for user f1ed7772-c93e-4339-90de-752bdef336eb: "Feature Assigned via Import"
[2026-06-16 11:45:19:4519] [INFO]: [SOCKET] Emitting event "notification" to user room f1ed7772-c93e-4339-90de-752bdef336eb
[2026-06-16 11:45:19:4519] [INFO]: [NOTIFICATION SERVICE] Creating notification for user f1ed7772-c93e-4339-90de-752bdef336eb: "Feature Assigned via Import"
[2026-06-16 11:45:19:4519] [INFO]: [SOCKET] Emitting event "notification" to user room f1ed7772-c93e-4339-90de-752bdef336eb
[2026-06-16 11:45:19:4519] [INFO]: [NOTIFICATION SERVICE] Creating notification for user f1ed7772-c93e-4339-90de-752bdef336eb: "Feature Assigned via Import"
[2026-06-16 11:45:19:4519] [INFO]: [SOCKET] Emitting event "notification" to user room f1ed7772-c93e-4339-90de-752bdef336eb
[2026-06-16 11:45:19:4519] [INFO]: [NOTIFICATION SERVICE] Creating notification for user f1ed7772-c93e-4339-90de-752bdef336eb: "Feature Assigned via Import"
[2026-06-16 11:45:19:4519] [INFO]: [SOCKET] Emitting event "notification" to user room f1ed7772-c93e-4339-90de-752bdef336eb
[2026-06-16 11:45:19:4519] [INFO]: [NOTIFICATION SERVICE] Creating notification for user f1ed7772-c93e-4339-90de-752bdef336eb: "Feature Assigned via Import"
[2026-06-16 11:45:19:4519] [INFO]: [SOCKET] Emitting event "notification" to user room f1ed7772-c93e-4339-90de-752bdef336eb
[2026-06-16 11:45:19:4519] [INFO]: [NOTIFICATION SERVICE] Creating notification for user f1ed7772-c93e-4339-90de-752bdef336eb: "Feature Assigned via Import"
[2026-06-16 11:45:19:4519] [INFO]: [SOCKET] Emitting event "notification" to user room f1ed7772-c93e-4339-90de-752bdef336eb
[2026-06-16 11:45:19:4519] [INFO]: [NOTIFICATION SERVICE] Creating notification for user f1ed7772-c93e-4339-90de-752bdef336eb: "Feature Assigned via Import"
[2026-06-16 11:45:19:4519] [INFO]: [SOCKET] Emitting event "notification" to user room f1ed7772-c93e-4339-90de-752bdef336eb
[2026-06-16 11:45:19:4519] [INFO]: [NOTIFICATION SERVICE] Creating notification for user f1ed7772-c93e-4339-90de-752bdef336eb: "Feature Assigned via Import"
[2026-06-16 11:45:19:4519] [INFO]: [SOCKET] Emitting event "notification" to user room f1ed7772-c93e-4339-90de-752bdef336eb
[2026-06-16 11:45:19:4519] [INFO]: [NOTIFICATION SERVICE] Creating notification for user f1ed7772-c93e-4339-90de-752bdef336eb: "Feature Assigned via Import"
[2026-06-16 11:45:19:4519] [INFO]: [SOCKET] Emitting event "notification" to user room f1ed7772-c93e-4339-90de-752bdef336eb
[2026-06-16 11:45:19:4519] [INFO]: [NOTIFICATION SERVICE] Creating notification for user f1ed7772-c93e-4339-90de-752bdef336eb: "Feature Assigned via Import"
[2026-06-16 11:45:19:4519] [INFO]: [SOCKET] Emitting event "notification" to user room f1ed7772-c93e-4339-90de-752bdef336eb
[2026-06-16 11:45:19:4519] [INFO]: [NOTIFICATION SERVICE] Creating notification for user f1ed7772-c93e-4339-90de-752bdef336eb: "Feature Assigned via Import"
[2026-06-16 11:45:19:4519] [INFO]: [SOCKET] Emitting event "notification" to user room f1ed7772-c93e-4339-90de-752bdef336eb
[2026-06-16 11:45:19:4519] [INFO]: [NOTIFICATION SERVICE] Creating notification for user f1ed7772-c93e-4339-90de-752bdef336eb: "Feature Assigned via Import"
[2026-06-16 11:45:20:4520] [INFO]: [SOCKET] Emitting event "notification" to user room f1ed7772-c93e-4339-90de-752bdef336eb
[2026-06-16 11:45:20:4520] [INFO]: [NOTIFICATION SERVICE] Creating notification for user f1ed7772-c93e-4339-90de-752bdef336eb: "Feature Assigned via Import"
[2026-06-16 11:45:20:4520] [INFO]: [SOCKET] Emitting event "notification" to user room f1ed7772-c93e-4339-90de-752bdef336eb
[2026-06-16 11:45:20:4520] [INFO]: [NOTIFICATION SERVICE] Creating notification for user f1ed7772-c93e-4339-90de-752bdef336eb: "Feature Assigned via Import"
[2026-06-16 11:45:20:4520] [INFO]: [SOCKET] Emitting event "notification" to user room f1ed7772-c93e-4339-90de-752bdef336eb
[2026-06-16 11:45:20:4520] [INFO]: [NOTIFICATION SERVICE] Creating notification for user f1ed7772-c93e-4339-90de-752bdef336eb: "Feature Assigned via Import"
[2026-06-16 11:45:20:4520] [INFO]: [SOCKET] Emitting event "notification" to user room f1ed7772-c93e-4339-90de-752bdef336eb
[2026-06-16 11:45:20:4520] [INFO]: [NOTIFICATION SERVICE] Creating notification for user f1ed7772-c93e-4339-90de-752bdef336eb: "Feature Assigned via Import"
[2026-06-16 11:45:20:4520] [INFO]: [SOCKET] Emitting event "notification" to user room f1ed7772-c93e-4339-90de-752bdef336eb
[2026-06-16 11:45:20:4520] [INFO]: [NOTIFICATION SERVICE] Creating notification for user f1ed7772-c93e-4339-90de-752bdef336eb: "Feature Assigned via Import"
[2026-06-16 11:45:20:4520] [INFO]: [SOCKET] Emitting event "notification" to user room f1ed7772-c93e-4339-90de-752bdef336eb
[2026-06-16 11:45:20:4520] [INFO]: POST /api/features/bulk 201 15347 - 1432.586 ms
[2026-06-16 11:45:20:4520] [INFO]: OPTIONS /api/features?productId=b7b4d1fd-9cee-401f-bab1-f2653eca1096 204 0 - 0.218 ms
[2026-06-16 11:45:20:4520] [INFO]: OPTIONS /api/users?productId=b7b4d1fd-9cee-401f-bab1-f2653eca1096 204 0 - 0.124 ms
[2026-06-16 11:45:20:4520] [INFO]: GET /api/users?productId=b7b4d1fd-9cee-401f-bab1-f2653eca1096 304 - - 5.485 ms
[2026-06-16 11:45:20:4520] [INFO]: GET /api/features?productId=b7b4d1fd-9cee-401f-bab1-f2653eca1096 200 1775887 - 47.491 ms
[2026-06-16 11:45:46:4546] [INFO]: OPTIONS /api/users/all 204 0 - 0.135 ms
[2026-06-16 11:45:46:4546] [INFO]: OPTIONS /api/products 204 0 - 0.083 ms
[2026-06-16 11:45:46:4546] [INFO]: OPTIONS /api/users/all 204 0 - 0.065 ms
[2026-06-16 11:45:46:4546] [INFO]: OPTIONS /api/products 204 0 - 0.068 ms
[2026-06-16 11:45:46:4546] [INFO]: GET /api/products 304 - - 3.850 ms
[2026-06-16 11:45:46:4546] [INFO]: GET /api/products 304 - - 3.991 ms
[2026-06-16 11:45:46:4546] [INFO]: GET /api/users/all 200 50005 - 16.961 ms
[2026-06-16 11:45:47:4547] [INFO]: GET /api/users/all 304 - - 16.399 ms
[2026-06-16 11:49:43:4943] [INFO]: [SOCKET] User disconnected: Krishna Shelar (f1ed7772-c93e-4339-90de-752bdef336eb) - Socket: jvgcG--1k4DS468zAAAS
[2026-06-16 11:49:43:4943] [INFO]: [SOCKET] User disconnected: Krishna Shelar (f1ed7772-c93e-4339-90de-752bdef336eb) - Socket: egqqsPMvL9z0c1jJAAAT
[2026-06-16 11:49:43:4943] [INFO]: OPTIONS /api/products 204 0 - 0.117 ms
[2026-06-16 11:49:43:4943] [INFO]: [SOCKET] User connected: Krishna Shelar (f1ed7772-c93e-4339-90de-752bdef336eb) - Socket: mcPOTXw9s3UlJfBiAAAW
[2026-06-16 11:49:43:4943] [INFO]: GET /api/products 304 - - 5.941 ms
[2026-06-16 11:49:43:4943] [INFO]: GET /api/products 304 - - 4.148 ms
[2026-06-16 11:49:43:4943] [INFO]: [SOCKET] User connected: Krishna Shelar (f1ed7772-c93e-4339-90de-752bdef336eb) - Socket: j-I4CGKQa0NoOKrnAAAX
[2026-06-16 11:49:43:4943] [INFO]: OPTIONS /api/products/b7b4d1fd-9cee-401f-bab1-f2653eca1096/status 204 0 - 0.130 ms
[2026-06-16 11:49:43:4943] [INFO]: OPTIONS /api/users?productId=b7b4d1fd-9cee-401f-bab1-f2653eca1096 204 0 - 0.107 ms
[2026-06-16 11:49:43:4943] [INFO]: OPTIONS /api/users?productId=b7b4d1fd-9cee-401f-bab1-f2653eca1096 204 0 - 0.063 ms
[2026-06-16 11:49:43:4943] [INFO]: GET /api/users?productId=b7b4d1fd-9cee-401f-bab1-f2653eca1096 304 - - 5.435 ms
[2026-06-16 11:49:43:4943] [INFO]: GET /api/products/b7b4d1fd-9cee-401f-bab1-f2653eca1096/status 304 - - 14.355 ms
[2026-06-16 11:49:43:4943] [INFO]: GET /api/users?productId=b7b4d1fd-9cee-401f-bab1-f2653eca1096 304 - - 7.612 ms
[2026-06-16 11:49:43:4943] [INFO]: GET /api/users?productId=b7b4d1fd-9cee-401f-bab1-f2653eca1096 304 - - 9.251 ms
[2026-06-16 11:49:43:4943] [INFO]: GET /api/products/b7b4d1fd-9cee-401f-bab1-f2653eca1096/status 304 - - 14.434 ms
[2026-06-16 11:49:43:4943] [INFO]: GET /api/products/b7b4d1fd-9cee-401f-bab1-f2653eca1096/status 304 - - 10.373 ms
[2026-06-16 11:56:35:5635] [INFO]: OPTIONS /api/features?productId=b7b4d1fd-9cee-401f-bab1-f2653eca1096 204 0 - 0.179 ms
[2026-06-16 11:56:35:5635] [INFO]: OPTIONS /api/users?productId=b7b4d1fd-9cee-401f-bab1-f2653eca1096 204 0 - 0.073 ms
[2026-06-16 11:56:35:5635] [INFO]: OPTIONS /api/features?productId=b7b4d1fd-9cee-401f-bab1-f2653eca1096 204 0 - 0.074 ms
[2026-06-16 11:56:35:5635] [INFO]: OPTIONS /api/users?productId=b7b4d1fd-9cee-401f-bab1-f2653eca1096 204 0 - 0.069 ms
[2026-06-16 11:56:35:5635] [INFO]: GET /api/users?productId=b7b4d1fd-9cee-401f-bab1-f2653eca1096 304 - - 17.789 ms
[2026-06-16 11:56:35:5635] [INFO]: GET /api/users?productId=b7b4d1fd-9cee-401f-bab1-f2653eca1096 304 - - 12.091 ms
[2026-06-16 11:56:35:5635] [INFO]: GET /api/features?productId=b7b4d1fd-9cee-401f-bab1-f2653eca1096 304 - - 71.806 ms
[2026-06-16 11:56:35:5635] [INFO]: GET /api/features?productId=b7b4d1fd-9cee-401f-bab1-f2653eca1096 304 - - 79.801 ms
[2026-06-16 11:56:42:5642] [INFO]: OPTIONS /api/features?productId=b7b4d1fd-9cee-401f-bab1-f2653eca1096 204 0 - 0.186 ms
[2026-06-16 11:56:42:5642] [INFO]: DELETE /api/features?productId=b7b4d1fd-9cee-401f-bab1-f2653eca1096 200 48 - 15.548 ms
[2026-06-16 11:56:42:5642] [INFO]: OPTIONS /api/users?productId=b7b4d1fd-9cee-401f-bab1-f2653eca1096 204 0 - 0.126 ms
[2026-06-16 11:56:42:5642] [INFO]: GET /api/features?productId=b7b4d1fd-9cee-401f-bab1-f2653eca1096 200 2 - 9.833 ms
[2026-06-16 11:56:42:5642] [INFO]: GET /api/users?productId=b7b4d1fd-9cee-401f-bab1-f2653eca1096 304 - - 5.388 ms
[2026-06-16 11:56:46:5646] [INFO]: OPTIONS /api/users/all 204 0 - 0.198 ms
[2026-06-16 11:56:46:5646] [INFO]: OPTIONS /api/products 204 0 - 0.065 ms
[2026-06-16 11:56:46:5646] [INFO]: OPTIONS /api/users/all 204 0 - 0.071 ms
[2026-06-16 11:56:46:5646] [INFO]: OPTIONS /api/products 204 0 - 0.056 ms
[2026-06-16 11:56:46:5646] [INFO]: GET /api/products 304 - - 9.044 ms
[2026-06-16 11:56:46:5646] [INFO]: GET /api/users/all 200 49967 - 13.697 ms
[2026-06-16 11:56:46:5646] [INFO]: GET /api/products 304 - - 8.503 ms
[2026-06-16 11:56:46:5646] [INFO]: GET /api/users/all 304 - - 9.117 ms
[2026-06-16 11:57:19:5719] [INFO]: OPTIONS /api/products/b7b4d1fd-9cee-401f-bab1-f2653eca1096/status 204 0 - 0.093 ms
[2026-06-16 11:57:19:5719] [INFO]: OPTIONS /api/users?productId=b7b4d1fd-9cee-401f-bab1-f2653eca1096 204 0 - 0.075 ms
[2026-06-16 11:57:19:5719] [INFO]: OPTIONS /api/products/b7b4d1fd-9cee-401f-bab1-f2653eca1096/status 204 0 - 0.060 ms
[2026-06-16 11:57:19:5719] [INFO]: OPTIONS /api/users?productId=b7b4d1fd-9cee-401f-bab1-f2653eca1096 204 0 - 0.057 ms
[2026-06-16 11:57:19:5719] [INFO]: GET /api/users?productId=b7b4d1fd-9cee-401f-bab1-f2653eca1096 304 - - 9.147 ms
[2026-06-16 11:57:19:5719] [INFO]: GET /api/products/b7b4d1fd-9cee-401f-bab1-f2653eca1096/status 304 - - 45.800 ms
[2026-06-16 11:57:19:5719] [INFO]: GET /api/users?productId=b7b4d1fd-9cee-401f-bab1-f2653eca1096 304 - - 43.634 ms
[2026-06-16 11:57:19:5719] [INFO]: GET /api/products/b7b4d1fd-9cee-401f-bab1-f2653eca1096/status 304 - - 48.962 ms
[2026-06-16 11:57:28:5728] [INFO]: OPTIONS /api/products 204 0 - 0.137 ms
[2026-06-16 11:57:28:5728] [INFO]: POST /api/products 201 161 - 13.412 ms
[2026-06-16 11:57:28:5728] [INFO]: OPTIONS /api/products/907130bd-e0d7-4a88-8dd2-1ca88babc859/status 204 0 - 0.169 ms
[2026-06-16 11:57:28:5728] [INFO]: OPTIONS /api/users?productId=907130bd-e0d7-4a88-8dd2-1ca88babc859 204 0 - 0.288 ms
[2026-06-16 11:57:28:5728] [INFO]: GET /api/products/907130bd-e0d7-4a88-8dd2-1ca88babc859/status 200 2 - 13.386 ms
[2026-06-16 11:57:28:5728] [INFO]: GET /api/users?productId=907130bd-e0d7-4a88-8dd2-1ca88babc859 200 2 - 12.364 ms
[2026-06-16 11:57:30:5730] [INFO]: OPTIONS /api/users/all 204 0 - 0.101 ms
[2026-06-16 11:57:30:5730] [INFO]: OPTIONS /api/users/all 204 0 - 0.065 ms
[2026-06-16 11:57:30:5730] [INFO]: GET /api/products 200 1654 - 2.658 ms
[2026-06-16 11:57:30:5730] [INFO]: GET /api/products 304 - - 2.791 ms
[2026-06-16 11:57:31:5731] [INFO]: GET /api/users/all 304 - - 10.167 ms
[2026-06-16 11:57:31:5731] [INFO]: GET /api/users/all 304 - - 13.993 ms
[2026-06-16 11:57:39:5739] [INFO]: OPTIONS /api/users/all/491293f0-2cd9-4188-9039-b0bed39ed24f 204 0 - 0.156 ms
[2026-06-16 11:57:39:5739] [INFO]: PUT /api/users/all/491293f0-2cd9-4188-9039-b0bed39ed24f 200 280 - 45.733 ms
[2026-06-16 11:57:51:5751] [INFO]: OPTIONS /api/users/all/74381a1a-78a6-4cd7-b3e9-6827f32c1a6c 204 0 - 0.102 ms
[2026-06-16 11:57:51:5751] [INFO]: PUT /api/users/all/74381a1a-78a6-4cd7-b3e9-6827f32c1a6c 200 284 - 26.999 ms
[2026-06-16 11:57:57:5757] [INFO]: OPTIONS /api/products/907130bd-e0d7-4a88-8dd2-1ca88babc859/status 204 0 - 0.096 ms
[2026-06-16 11:57:57:5757] [INFO]: OPTIONS /api/users?productId=907130bd-e0d7-4a88-8dd2-1ca88babc859 204 0 - 0.113 ms
[2026-06-16 11:57:57:5757] [INFO]: OPTIONS /api/products/907130bd-e0d7-4a88-8dd2-1ca88babc859/status 204 0 - 0.074 ms
[2026-06-16 11:57:57:5757] [INFO]: OPTIONS /api/users?productId=907130bd-e0d7-4a88-8dd2-1ca88babc859 204 0 - 0.081 ms
[2026-06-16 11:57:57:5757] [INFO]: GET /api/users?productId=907130bd-e0d7-4a88-8dd2-1ca88babc859 200 253 - 5.905 ms
[2026-06-16 11:57:57:5757] [INFO]: GET /api/products/907130bd-e0d7-4a88-8dd2-1ca88babc859/status 304 - - 10.057 ms
[2026-06-16 11:57:57:5757] [INFO]: GET /api/users?productId=907130bd-e0d7-4a88-8dd2-1ca88babc859 304 - - 6.309 ms
[2026-06-16 11:57:57:5757] [INFO]: GET /api/products/907130bd-e0d7-4a88-8dd2-1ca88babc859/status 304 - - 15.521 ms
[2026-06-16 11:58:13:5813] [INFO]: OPTIONS /api/products 204 0 - 0.101 ms
[2026-06-16 11:58:13:5813] [INFO]: POST /api/products 201 171 - 13.357 ms
[2026-06-16 11:58:13:5813] [INFO]: OPTIONS /api/products/9cb01426-f7ff-4cf0-8dc2-41b16ee45425/status 204 0 - 0.092 ms
[2026-06-16 11:58:13:5813] [INFO]: OPTIONS /api/users?productId=9cb01426-f7ff-4cf0-8dc2-41b16ee45425 204 0 - 0.158 ms
[2026-06-16 11:58:13:5813] [INFO]: GET /api/users?productId=9cb01426-f7ff-4cf0-8dc2-41b16ee45425 200 2 - 4.996 ms
[2026-06-16 11:58:13:5813] [INFO]: GET /api/products/9cb01426-f7ff-4cf0-8dc2-41b16ee45425/status 200 2 - 9.363 ms
[2026-06-16 11:58:16:5816] [INFO]: OPTIONS /api/users/all 204 0 - 0.103 ms
[2026-06-16 11:58:16:5816] [INFO]: OPTIONS /api/users/all 204 0 - 0.056 ms
[2026-06-16 11:58:16:5816] [INFO]: GET /api/products 200 1826 - 3.357 ms
[2026-06-16 11:58:16:5816] [INFO]: GET /api/products 304 - - 2.702 ms
[2026-06-16 11:58:16:5816] [INFO]: GET /api/users/all 200 49928 - 9.420 ms
[2026-06-16 11:58:16:5816] [INFO]: GET /api/users/all 304 - - 12.033 ms
[2026-06-16 11:58:30:5830] [INFO]: OPTIONS /api/users/all/74381a1a-78a6-4cd7-b3e9-6827f32c1a6c 204 0 - 0.089 ms
[2026-06-16 11:58:30:5830] [INFO]: PUT /api/users/all/74381a1a-78a6-4cd7-b3e9-6827f32c1a6c 200 323 - 26.859 ms
[2026-06-16 11:59:33:5933] [INFO]: OPTIONS /api/users/all 204 0 - 0.092 ms
[2026-06-16 11:59:33:5933] [INFO]: POST /api/users/all 201 288 - 27.148 ms
[2026-06-16 12:00:25:025] [INFO]: OPTIONS /api/users/all/6bed5076-6032-4ccc-8af5-762c36ba3e80 204 0 - 0.098 ms
[2026-06-16 12:00:25:025] [INFO]: PUT /api/users/all/6bed5076-6032-4ccc-8af5-762c36ba3e80 200 364 - 22.353 ms
[2026-06-16 12:01:09:19] [INFO]: OPTIONS /api/users/all/9e6cfbda-15fe-48ce-bf8a-f5df126c0f6a 204 0 - 0.094 ms
[2026-06-16 12:01:09:19] [INFO]: PUT /api/users/all/9e6cfbda-15fe-48ce-bf8a-f5df126c0f6a 200 286 - 31.199 ms
[2026-06-16 12:02:09:29] [INFO]: OPTIONS /api/users/all/338da384-7206-4e28-887e-4be7d30502f8 204 0 - 0.093 ms
[2026-06-16 12:02:09:29] [INFO]: PUT /api/users/all/338da384-7206-4e28-887e-4be7d30502f8 200 358 - 44.275 ms
[2026-06-16 12:03:05:35] [INFO]: OPTIONS /api/users/all/f55fb71d-c114-4526-b401-7b88440d6fd3 204 0 - 0.094 ms
[2026-06-16 12:03:05:35] [INFO]: PUT /api/users/all/f55fb71d-c114-4526-b401-7b88440d6fd3 200 368 - 21.866 ms
[2026-06-16 12:03:13:313] [INFO]: OPTIONS /api/users/all/6bed5076-6032-4ccc-8af5-762c36ba3e80 204 0 - 0.092 ms
[2026-06-16 12:03:13:313] [INFO]: PUT /api/users/all/6bed5076-6032-4ccc-8af5-762c36ba3e80 200 364 - 24.143 ms
[2026-06-16 12:03:35:335] [INFO]: OPTIONS /api/users/all/491293f0-2cd9-4188-9039-b0bed39ed24f 204 0 - 0.102 ms
[2026-06-16 12:03:35:335] [INFO]: PUT /api/users/all/491293f0-2cd9-4188-9039-b0bed39ed24f 200 280 - 21.774 ms
[2026-06-16 12:03:44:344] [INFO]: OPTIONS /api/users/all/9e6cfbda-15fe-48ce-bf8a-f5df126c0f6a 204 0 - 0.097 ms
[2026-06-16 12:03:44:344] [INFO]: PUT /api/users/all/9e6cfbda-15fe-48ce-bf8a-f5df126c0f6a 200 286 - 20.440 ms
[2026-06-16 12:03:50:350] [INFO]: OPTIONS /api/users/all/6bed5076-6032-4ccc-8af5-762c36ba3e80 204 0 - 0.088 ms
[2026-06-16 12:03:50:350] [INFO]: PUT /api/users/all/6bed5076-6032-4ccc-8af5-762c36ba3e80 200 364 - 21.486 ms
[2026-06-16 12:04:12:412] [INFO]: OPTIONS /api/users/all/58b2acd1-f669-4e41-b821-6a92bfa1905e 204 0 - 0.092 ms
[2026-06-16 12:04:12:412] [INFO]: PUT /api/users/all/58b2acd1-f669-4e41-b821-6a92bfa1905e 200 282 - 19.383 ms
[2026-06-16 12:04:28:428] [INFO]: OPTIONS /api/users/all/d1a9b3e9-6271-40de-9b52-137022ae008c 204 0 - 0.080 ms
[2026-06-16 12:04:28:428] [INFO]: PUT /api/users/all/d1a9b3e9-6271-40de-9b52-137022ae008c 200 288 - 21.474 ms
[2026-06-16 12:04:36:436] [INFO]: OPTIONS /api/users/all/80792375-8a05-4fbd-a3ea-9e976fb7702a 204 0 - 0.092 ms
[2026-06-16 12:04:36:436] [INFO]: PUT /api/users/all/80792375-8a05-4fbd-a3ea-9e976fb7702a 200 288 - 18.987 ms
[2026-06-16 12:04:42:442] [INFO]: OPTIONS /api/users/all/f86dbda0-6433-4df7-bcff-f655b5df58bf 204 0 - 0.093 ms
[2026-06-16 12:04:42:442] [INFO]: PUT /api/users/all/f86dbda0-6433-4df7-bcff-f655b5df58bf 200 294 - 22.641 ms
[2026-06-16 12:04:48:448] [INFO]: OPTIONS /api/users/all/338da384-7206-4e28-887e-4be7d30502f8 204 0 - 0.094 ms
[2026-06-16 12:04:48:448] [INFO]: PUT /api/users/all/338da384-7206-4e28-887e-4be7d30502f8 200 358 - 19.299 ms
[2026-06-16 12:05:26:526] [INFO]: OPTIONS /api/users/all/4d98e541-32f8-4098-a48d-dbef5edff4ba 204 0 - 0.091 ms
[2026-06-16 12:05:26:526] [INFO]: PUT /api/users/all/4d98e541-32f8-4098-a48d-dbef5edff4ba 200 288 - 24.088 ms
[2026-06-16 12:05:33:533] [INFO]: OPTIONS /api/users/all/5d1db457-0b9e-4c4d-89b0-83f8d71af5b3 204 0 - 0.104 ms
[2026-06-16 12:05:33:533] [INFO]: PUT /api/users/all/5d1db457-0b9e-4c4d-89b0-83f8d71af5b3 200 294 - 23.454 ms
[2026-06-16 12:05:37:537] [INFO]: OPTIONS /api/users/all/74381a1a-78a6-4cd7-b3e9-6827f32c1a6c 204 0 - 0.095 ms
[2026-06-16 12:05:37:537] [INFO]: PUT /api/users/all/74381a1a-78a6-4cd7-b3e9-6827f32c1a6c 200 323 - 28.879 ms
[2026-06-16 12:05:57:557] [INFO]: OPTIONS /api/users/all/eb038e9b-38b8-47bd-b4d8-c28fbc2cd65f 204 0 - 0.086 ms
[2026-06-16 12:05:57:557] [INFO]: PUT /api/users/all/eb038e9b-38b8-47bd-b4d8-c28fbc2cd65f 200 290 - 19.635 ms
[2026-06-16 12:06:06:66] [INFO]: OPTIONS /api/users/all/b994e6f7-b623-48e1-b397-8302755a2005 204 0 - 0.114 ms
[2026-06-16 12:06:06:66] [INFO]: PUT /api/users/all/b994e6f7-b623-48e1-b397-8302755a2005 200 288 - 19.553 ms
[2026-06-16 12:06:34:634] [INFO]: OPTIONS /api/users/all/4a712c9d-c673-4868-bc6f-c9fe872120cd 204 0 - 0.081 ms
[2026-06-16 12:06:34:634] [INFO]: PUT /api/users/all/4a712c9d-c673-4868-bc6f-c9fe872120cd 200 282 - 26.984 ms
[2026-06-16 12:06:37:637] [INFO]: [SOCKET] User disconnected: Krishna Shelar (f1ed7772-c93e-4339-90de-752bdef336eb) - Socket: mcPOTXw9s3UlJfBiAAAW
[2026-06-16 12:06:37:637] [INFO]: [SOCKET] User disconnected: Krishna Shelar (f1ed7772-c93e-4339-90de-752bdef336eb) - Socket: j-I4CGKQa0NoOKrnAAAX
[2026-06-16 12:06:38:638] [INFO]: OPTIONS /api/products 204 0 - 0.311 ms
[2026-06-16 12:06:38:638] [INFO]: GET /api/products 304 - - 4.803 ms
[2026-06-16 12:06:38:638] [INFO]: [SOCKET] User connected: Krishna Shelar (f1ed7772-c93e-4339-90de-752bdef336eb) - Socket: k-jAYz4BYluAe8unAAAa
[2026-06-16 12:06:38:638] [INFO]: [SOCKET] User connected: Krishna Shelar (f1ed7772-c93e-4339-90de-752bdef336eb) - Socket: SKatELAc0Le22s3JAAAb
[2026-06-16 12:06:38:638] [INFO]: GET /api/products 304 - - 6.357 ms
[2026-06-16 12:06:38:638] [INFO]: OPTIONS /api/products/b7b4d1fd-9cee-401f-bab1-f2653eca1096/status 204 0 - 0.084 ms
[2026-06-16 12:06:38:638] [INFO]: OPTIONS /api/users?productId=b7b4d1fd-9cee-401f-bab1-f2653eca1096 204 0 - 0.096 ms
[2026-06-16 12:06:38:638] [INFO]: OPTIONS /api/users?productId=b7b4d1fd-9cee-401f-bab1-f2653eca1096 204 0 - 0.120 ms
[2026-06-16 12:06:38:638] [INFO]: GET /api/users?productId=b7b4d1fd-9cee-401f-bab1-f2653eca1096 200 44658 - 13.514 ms
[2026-06-16 12:06:38:638] [INFO]: GET /api/products/b7b4d1fd-9cee-401f-bab1-f2653eca1096/status 304 - - 19.712 ms
[2026-06-16 12:06:38:638] [INFO]: GET /api/users?productId=b7b4d1fd-9cee-401f-bab1-f2653eca1096 304 - - 15.330 ms
[2026-06-16 12:06:38:638] [INFO]: GET /api/products/b7b4d1fd-9cee-401f-bab1-f2653eca1096/status 304 - - 15.943 ms
[2026-06-16 12:06:38:638] [INFO]: GET /api/users?productId=b7b4d1fd-9cee-401f-bab1-f2653eca1096 304 - - 10.774 ms
[2026-06-16 12:06:38:638] [INFO]: GET /api/products/b7b4d1fd-9cee-401f-bab1-f2653eca1096/status 304 - - 15.894 ms
[2026-06-16 12:06:41:641] [INFO]: OPTIONS /api/features?productId=b7b4d1fd-9cee-401f-bab1-f2653eca1096 204 0 - 0.099 ms
[2026-06-16 12:06:41:641] [INFO]: OPTIONS /api/features?productId=b7b4d1fd-9cee-401f-bab1-f2653eca1096 204 0 - 0.064 ms
[2026-06-16 12:06:41:641] [INFO]: GET /api/users?productId=b7b4d1fd-9cee-401f-bab1-f2653eca1096 304 - - 3.589 ms
[2026-06-16 12:06:41:641] [INFO]: GET /api/users?productId=b7b4d1fd-9cee-401f-bab1-f2653eca1096 304 - - 5.207 ms
[2026-06-16 12:06:41:641] [INFO]: GET /api/features?productId=b7b4d1fd-9cee-401f-bab1-f2653eca1096 304 - - 15.216 ms
[2026-06-16 12:06:41:641] [INFO]: GET /api/features?productId=b7b4d1fd-9cee-401f-bab1-f2653eca1096 304 - - 3.910 ms
[2026-06-16 12:06:55:655] [INFO]: OPTIONS /api/features/bulk 204 0 - 0.153 ms
[2026-06-16 12:06:55:655] [INFO]: [NOTIFICATION SERVICE] Creating notification for user f1ed7772-c93e-4339-90de-752bdef336eb: "Feature Assigned via Import"
[2026-06-16 12:06:55:655] [INFO]: [SOCKET] Emitting event "notification" to user room f1ed7772-c93e-4339-90de-752bdef336eb
[2026-06-16 12:06:55:655] [INFO]: [NOTIFICATION SERVICE] Creating notification for user f1ed7772-c93e-4339-90de-752bdef336eb: "Feature Assigned via Import"
[2026-06-16 12:06:55:655] [INFO]: [SOCKET] Emitting event "notification" to user room f1ed7772-c93e-4339-90de-752bdef336eb
[2026-06-16 12:06:55:655] [INFO]: [NOTIFICATION SERVICE] Creating notification for user f1ed7772-c93e-4339-90de-752bdef336eb: "Feature Assigned via Import"
[2026-06-16 12:06:55:655] [INFO]: [SOCKET] Emitting event "notification" to user room f1ed7772-c93e-4339-90de-752bdef336eb
[2026-06-16 12:06:55:655] [INFO]: [NOTIFICATION SERVICE] Creating notification for user f1ed7772-c93e-4339-90de-752bdef336eb: "Feature Assigned via Import"
[2026-06-16 12:06:55:655] [INFO]: [SOCKET] Emitting event "notification" to user room f1ed7772-c93e-4339-90de-752bdef336eb
[2026-06-16 12:06:55:655] [INFO]: [NOTIFICATION SERVICE] Creating notification for user f1ed7772-c93e-4339-90de-752bdef336eb: "Feature Assigned via Import"
[2026-06-16 12:06:55:655] [INFO]: [SOCKET] Emitting event "notification" to user room f1ed7772-c93e-4339-90de-752bdef336eb
[2026-06-16 12:06:55:655] [INFO]: [NOTIFICATION SERVICE] Creating notification for user f1ed7772-c93e-4339-90de-752bdef336eb: "Feature Assigned via Import"
[2026-06-16 12:06:55:655] [INFO]: [SOCKET] Emitting event "notification" to user room f1ed7772-c93e-4339-90de-752bdef336eb
[2026-06-16 12:06:55:655] [INFO]: [NOTIFICATION SERVICE] Creating notification for user f1ed7772-c93e-4339-90de-752bdef336eb: "Feature Assigned via Import"
[2026-06-16 12:06:55:655] [INFO]: [SOCKET] Emitting event "notification" to user room f1ed7772-c93e-4339-90de-752bdef336eb
[2026-06-16 12:06:55:655] [INFO]: [NOTIFICATION SERVICE] Creating notification for user f1ed7772-c93e-4339-90de-752bdef336eb: "Feature Assigned via Import"
[2026-06-16 12:06:55:655] [INFO]: [SOCKET] Emitting event "notification" to user room f1ed7772-c93e-4339-90de-752bdef336eb
[2026-06-16 12:06:55:655] [INFO]: [NOTIFICATION SERVICE] Creating notification for user f1ed7772-c93e-4339-90de-752bdef336eb: "Feature Assigned via Import"
[2026-06-16 12:06:55:655] [INFO]: [SOCKET] Emitting event "notification" to user room f1ed7772-c93e-4339-90de-752bdef336eb
[2026-06-16 12:06:55:655] [INFO]: [NOTIFICATION SERVICE] Creating notification for user f1ed7772-c93e-4339-90de-752bdef336eb: "Feature Assigned via Import"
[2026-06-16 12:06:55:655] [INFO]: [SOCKET] Emitting event "notification" to user room f1ed7772-c93e-4339-90de-752bdef336eb
[2026-06-16 12:06:55:655] [INFO]: [NOTIFICATION SERVICE] Creating notification for user f1ed7772-c93e-4339-90de-752bdef336eb: "Feature Assigned via Import"
[2026-06-16 12:06:55:655] [INFO]: [SOCKET] Emitting event "notification" to user room f1ed7772-c93e-4339-90de-752bdef336eb
[2026-06-16 12:06:55:655] [INFO]: [NOTIFICATION SERVICE] Creating notification for user f1ed7772-c93e-4339-90de-752bdef336eb: "Feature Assigned via Import"
[2026-06-16 12:06:55:655] [INFO]: [SOCKET] Emitting event "notification" to user room f1ed7772-c93e-4339-90de-752bdef336eb
[2026-06-16 12:06:55:655] [INFO]: [NOTIFICATION SERVICE] Creating notification for user f1ed7772-c93e-4339-90de-752bdef336eb: "Feature Assigned via Import"
[2026-06-16 12:06:55:655] [INFO]: [SOCKET] Emitting event "notification" to user room f1ed7772-c93e-4339-90de-752bdef336eb
[2026-06-16 12:06:55:655] [INFO]: [NOTIFICATION SERVICE] Creating notification for user f1ed7772-c93e-4339-90de-752bdef336eb: "Feature Assigned via Import"
[2026-06-16 12:06:55:655] [INFO]: [SOCKET] Emitting event "notification" to user room f1ed7772-c93e-4339-90de-752bdef336eb
[2026-06-16 12:06:55:655] [INFO]: [NOTIFICATION SERVICE] Creating notification for user f1ed7772-c93e-4339-90de-752bdef336eb: "Feature Assigned via Import"
[2026-06-16 12:06:55:655] [INFO]: [SOCKET] Emitting event "notification" to user room f1ed7772-c93e-4339-90de-752bdef336eb
[2026-06-16 12:06:55:655] [INFO]: [NOTIFICATION SERVICE] Creating notification for user f1ed7772-c93e-4339-90de-752bdef336eb: "Feature Assigned via Import"
[2026-06-16 12:06:55:655] [INFO]: [SOCKET] Emitting event "notification" to user room f1ed7772-c93e-4339-90de-752bdef336eb
[2026-06-16 12:06:55:655] [INFO]: [NOTIFICATION SERVICE] Creating notification for user f1ed7772-c93e-4339-90de-752bdef336eb: "Feature Assigned via Import"
[2026-06-16 12:06:56:656] [INFO]: [SOCKET] Emitting event "notification" to user room f1ed7772-c93e-4339-90de-752bdef336eb
[2026-06-16 12:06:56:656] [INFO]: [NOTIFICATION SERVICE] Creating notification for user f1ed7772-c93e-4339-90de-752bdef336eb: "Feature Assigned via Import"
[2026-06-16 12:06:56:656] [INFO]: [SOCKET] Emitting event "notification" to user room f1ed7772-c93e-4339-90de-752bdef336eb
[2026-06-16 12:06:56:656] [INFO]: [NOTIFICATION SERVICE] Creating notification for user f1ed7772-c93e-4339-90de-752bdef336eb: "Feature Assigned via Import"
[2026-06-16 12:06:56:656] [INFO]: [SOCKET] Emitting event "notification" to user room f1ed7772-c93e-4339-90de-752bdef336eb
[2026-06-16 12:06:56:656] [INFO]: [NOTIFICATION SERVICE] Creating notification for user f1ed7772-c93e-4339-90de-752bdef336eb: "Feature Assigned via Import"
[2026-06-16 12:06:56:656] [INFO]: [SOCKET] Emitting event "notification" to user room f1ed7772-c93e-4339-90de-752bdef336eb
[2026-06-16 12:06:56:656] [INFO]: [NOTIFICATION SERVICE] Creating notification for user f1ed7772-c93e-4339-90de-752bdef336eb: "Feature Assigned via Import"
[2026-06-16 12:06:56:656] [INFO]: [SOCKET] Emitting event "notification" to user room f1ed7772-c93e-4339-90de-752bdef336eb
[2026-06-16 12:06:56:656] [INFO]: [NOTIFICATION SERVICE] Creating notification for user f1ed7772-c93e-4339-90de-752bdef336eb: "Feature Assigned via Import"
[2026-06-16 12:06:56:656] [INFO]: [SOCKET] Emitting event "notification" to user room f1ed7772-c93e-4339-90de-752bdef336eb
[2026-06-16 12:06:56:656] [INFO]: [NOTIFICATION SERVICE] Creating notification for user f1ed7772-c93e-4339-90de-752bdef336eb: "Feature Assigned via Import"
[2026-06-16 12:06:56:656] [INFO]: [SOCKET] Emitting event "notification" to user room f1ed7772-c93e-4339-90de-752bdef336eb
[2026-06-16 12:06:56:656] [INFO]: [NOTIFICATION SERVICE] Creating notification for user f1ed7772-c93e-4339-90de-752bdef336eb: "Feature Assigned via Import"
[2026-06-16 12:06:56:656] [INFO]: [SOCKET] Emitting event "notification" to user room f1ed7772-c93e-4339-90de-752bdef336eb
[2026-06-16 12:06:56:656] [INFO]: [NOTIFICATION SERVICE] Creating notification for user f1ed7772-c93e-4339-90de-752bdef336eb: "Feature Assigned via Import"
[2026-06-16 12:06:56:656] [INFO]: [SOCKET] Emitting event "notification" to user room f1ed7772-c93e-4339-90de-752bdef336eb
[2026-06-16 12:06:56:656] [INFO]: [NOTIFICATION SERVICE] Creating notification for user f1ed7772-c93e-4339-90de-752bdef336eb: "Feature Assigned via Import"
[2026-06-16 12:06:56:656] [INFO]: [SOCKET] Emitting event "notification" to user room f1ed7772-c93e-4339-90de-752bdef336eb
[2026-06-16 12:06:56:656] [INFO]: [NOTIFICATION SERVICE] Creating notification for user f1ed7772-c93e-4339-90de-752bdef336eb: "Feature Assigned via Import"
[2026-06-16 12:06:56:656] [INFO]: [SOCKET] Emitting event "notification" to user room f1ed7772-c93e-4339-90de-752bdef336eb
[2026-06-16 12:06:56:656] [INFO]: [NOTIFICATION SERVICE] Creating notification for user f1ed7772-c93e-4339-90de-752bdef336eb: "Feature Assigned via Import"
[2026-06-16 12:06:56:656] [INFO]: [SOCKET] Emitting event "notification" to user room f1ed7772-c93e-4339-90de-752bdef336eb
[2026-06-16 12:06:56:656] [INFO]: [NOTIFICATION SERVICE] Creating notification for user f1ed7772-c93e-4339-90de-752bdef336eb: "Feature Assigned via Import"
[2026-06-16 12:06:56:656] [INFO]: [SOCKET] Emitting event "notification" to user room f1ed7772-c93e-4339-90de-752bdef336eb
[2026-06-16 12:06:56:656] [INFO]: [NOTIFICATION SERVICE] Creating notification for user f1ed7772-c93e-4339-90de-752bdef336eb: "Feature Assigned via Import"
[2026-06-16 12:06:56:656] [INFO]: [SOCKET] Emitting event "notification" to user room f1ed7772-c93e-4339-90de-752bdef336eb
[2026-06-16 12:06:56:656] [INFO]: [NOTIFICATION SERVICE] Creating notification for user f1ed7772-c93e-4339-90de-752bdef336eb: "Feature Assigned via Import"
[2026-06-16 12:06:56:656] [INFO]: [SOCKET] Emitting event "notification" to user room f1ed7772-c93e-4339-90de-752bdef336eb
[2026-06-16 12:06:56:656] [INFO]: [NOTIFICATION SERVICE] Creating notification for user f1ed7772-c93e-4339-90de-752bdef336eb: "Feature Assigned via Import"
[2026-06-16 12:06:56:656] [INFO]: [SOCKET] Emitting event "notification" to user room f1ed7772-c93e-4339-90de-752bdef336eb
[2026-06-16 12:06:56:656] [INFO]: [NOTIFICATION SERVICE] Creating notification for user f1ed7772-c93e-4339-90de-752bdef336eb: "Feature Assigned via Import"
[2026-06-16 12:06:56:656] [INFO]: [SOCKET] Emitting event "notification" to user room f1ed7772-c93e-4339-90de-752bdef336eb
[2026-06-16 12:06:56:656] [INFO]: [NOTIFICATION SERVICE] Creating notification for user f1ed7772-c93e-4339-90de-752bdef336eb: "Feature Assigned via Import"
[2026-06-16 12:06:56:656] [INFO]: [SOCKET] Emitting event "notification" to user room f1ed7772-c93e-4339-90de-752bdef336eb
[2026-06-16 12:06:56:656] [INFO]: [NOTIFICATION SERVICE] Creating notification for user f1ed7772-c93e-4339-90de-752bdef336eb: "Feature Assigned via Import"
[2026-06-16 12:06:56:656] [INFO]: [SOCKET] Emitting event "notification" to user room f1ed7772-c93e-4339-90de-752bdef336eb
[2026-06-16 12:06:56:656] [INFO]: [NOTIFICATION SERVICE] Creating notification for user f1ed7772-c93e-4339-90de-752bdef336eb: "Feature Assigned via Import"
[2026-06-16 12:06:56:656] [INFO]: [SOCKET] Emitting event "notification" to user room f1ed7772-c93e-4339-90de-752bdef336eb
[2026-06-16 12:06:56:656] [INFO]: [NOTIFICATION SERVICE] Creating notification for user f1ed7772-c93e-4339-90de-752bdef336eb: "Feature Assigned via Import"
[2026-06-16 12:06:56:656] [INFO]: [SOCKET] Emitting event "notification" to user room f1ed7772-c93e-4339-90de-752bdef336eb
[2026-06-16 12:06:56:656] [INFO]: [NOTIFICATION SERVICE] Creating notification for user f1ed7772-c93e-4339-90de-752bdef336eb: "Feature Assigned via Import"
[2026-06-16 12:06:56:656] [INFO]: [SOCKET] Emitting event "notification" to user room f1ed7772-c93e-4339-90de-752bdef336eb
[2026-06-16 12:06:56:656] [INFO]: [NOTIFICATION SERVICE] Creating notification for user f1ed7772-c93e-4339-90de-752bdef336eb: "Feature Assigned via Import"
[2026-06-16 12:06:56:656] [INFO]: [SOCKET] Emitting event "notification" to user room f1ed7772-c93e-4339-90de-752bdef336eb
[2026-06-16 12:06:56:656] [INFO]: [NOTIFICATION SERVICE] Creating notification for user f1ed7772-c93e-4339-90de-752bdef336eb: "Feature Assigned via Import"
[2026-06-16 12:06:56:656] [INFO]: [SOCKET] Emitting event "notification" to user room f1ed7772-c93e-4339-90de-752bdef336eb
[2026-06-16 12:06:56:656] [INFO]: POST /api/features/bulk 201 15347 - 1299.469 ms
[2026-06-16 12:06:56:656] [INFO]: OPTIONS /api/features?productId=b7b4d1fd-9cee-401f-bab1-f2653eca1096 204 0 - 0.130 ms
[2026-06-16 12:06:56:656] [INFO]: OPTIONS /api/users?productId=b7b4d1fd-9cee-401f-bab1-f2653eca1096 204 0 - 0.119 ms
[2026-06-16 12:06:56:656] [INFO]: GET /api/users?productId=b7b4d1fd-9cee-401f-bab1-f2653eca1096 304 - - 5.771 ms
[2026-06-16 12:06:56:656] [INFO]: GET /api/features?productId=b7b4d1fd-9cee-401f-bab1-f2653eca1096 200 1775887 - 56.244 ms
[2026-06-16 12:07:12:712] [INFO]: OPTIONS /api/user-stories?productId=b7b4d1fd-9cee-401f-bab1-f2653eca1096 204 0 - 0.255 ms
[2026-06-16 12:07:12:712] [INFO]: OPTIONS /api/users?productId=b7b4d1fd-9cee-401f-bab1-f2653eca1096 204 0 - 0.066 ms
[2026-06-16 12:07:12:712] [INFO]: OPTIONS /api/features?productId=b7b4d1fd-9cee-401f-bab1-f2653eca1096 204 0 - 0.058 ms
[2026-06-16 12:07:12:712] [INFO]: OPTIONS /api/user-stories?productId=b7b4d1fd-9cee-401f-bab1-f2653eca1096 204 0 - 0.062 ms
[2026-06-16 12:07:12:712] [INFO]: OPTIONS /api/users?productId=b7b4d1fd-9cee-401f-bab1-f2653eca1096 204 0 - 0.075 ms
[2026-06-16 12:07:12:712] [INFO]: GET /api/users?productId=b7b4d1fd-9cee-401f-bab1-f2653eca1096 304 - - 8.856 ms
[2026-06-16 12:07:12:712] [INFO]: GET /api/user-stories?productId=b7b4d1fd-9cee-401f-bab1-f2653eca1096 200 2 - 21.258 ms
[2026-06-16 12:07:12:712] [INFO]: GET /api/users?productId=b7b4d1fd-9cee-401f-bab1-f2653eca1096 304 - - 4.673 ms
[2026-06-16 12:07:12:712] [INFO]: GET /api/user-stories?productId=b7b4d1fd-9cee-401f-bab1-f2653eca1096 304 - - 10.486 ms
[2026-06-16 12:07:12:712] [INFO]: GET /api/features?productId=b7b4d1fd-9cee-401f-bab1-f2653eca1096 304 - - 65.472 ms
[2026-06-16 12:07:12:712] [INFO]: GET /api/features?productId=b7b4d1fd-9cee-401f-bab1-f2653eca1096 304 - - 56.368 ms
[2026-06-16 12:07:14:714] [INFO]: GET /api/users?productId=b7b4d1fd-9cee-401f-bab1-f2653eca1096 304 - - 4.447 ms
[2026-06-16 12:07:14:714] [INFO]: GET /api/users?productId=b7b4d1fd-9cee-401f-bab1-f2653eca1096 304 - - 4.904 ms
[2026-06-16 12:07:14:714] [INFO]: GET /api/features?productId=b7b4d1fd-9cee-401f-bab1-f2653eca1096 304 - - 35.398 ms
[2026-06-16 12:07:14:714] [INFO]: GET /api/features?productId=b7b4d1fd-9cee-401f-bab1-f2653eca1096 304 - - 55.967 ms
[2026-06-16 12:07:15:715] [INFO]: OPTIONS /api/features?productId=cf8318bf-9fbd-4d3a-8300-a315054e70b7 204 0 - 0.086 ms
[2026-06-16 12:07:15:715] [INFO]: OPTIONS /api/users?productId=cf8318bf-9fbd-4d3a-8300-a315054e70b7 204 0 - 0.064 ms
[2026-06-16 12:07:15:715] [INFO]: GET /api/features?productId=cf8318bf-9fbd-4d3a-8300-a315054e70b7 200 2 - 5.445 ms
[2026-06-16 12:07:15:715] [INFO]: GET /api/users?productId=cf8318bf-9fbd-4d3a-8300-a315054e70b7 200 127 - 4.119 ms
[2026-06-16 12:07:16:716] [INFO]: OPTIONS /api/features?productId=a0df5e95-9af9-4cf4-a297-c0d86b6daa42 204 0 - 0.148 ms
[2026-06-16 12:07:16:716] [INFO]: OPTIONS /api/users?productId=a0df5e95-9af9-4cf4-a297-c0d86b6daa42 204 0 - 0.148 ms
[2026-06-16 12:07:16:716] [INFO]: GET /api/features?productId=a0df5e95-9af9-4cf4-a297-c0d86b6daa42 200 2 - 4.736 ms
[2026-06-16 12:07:16:716] [INFO]: GET /api/users?productId=a0df5e95-9af9-4cf4-a297-c0d86b6daa42 200 399 - 4.170 ms
[2026-06-16 12:07:17:717] [INFO]: OPTIONS /api/features?productId=2d10b1d5-c31b-41f5-97aa-c79e8ac0b46e 204 0 - 0.079 ms
[2026-06-16 12:07:17:717] [INFO]: OPTIONS /api/users?productId=2d10b1d5-c31b-41f5-97aa-c79e8ac0b46e 204 0 - 0.057 ms
[2026-06-16 12:07:17:717] [INFO]: GET /api/users?productId=2d10b1d5-c31b-41f5-97aa-c79e8ac0b46e 200 267 - 2.881 ms
[2026-06-16 12:07:17:717] [INFO]: GET /api/features?productId=2d10b1d5-c31b-41f5-97aa-c79e8ac0b46e 200 2 - 6.126 ms
[2026-06-16 12:07:19:719] [INFO]: OPTIONS /api/features?productId=907130bd-e0d7-4a88-8dd2-1ca88babc859 204 0 - 0.085 ms
[2026-06-16 12:07:19:719] [INFO]: OPTIONS /api/users?productId=907130bd-e0d7-4a88-8dd2-1ca88babc859 204 0 - 0.061 ms
[2026-06-16 12:07:19:719] [INFO]: GET /api/users?productId=907130bd-e0d7-4a88-8dd2-1ca88babc859 304 - - 2.870 ms
[2026-06-16 12:07:19:719] [INFO]: GET /api/features?productId=907130bd-e0d7-4a88-8dd2-1ca88babc859 200 2 - 5.170 ms
[2026-06-16 12:07:20:720] [INFO]: OPTIONS /api/features?productId=8dcc5f5d-7c7e-4479-8a1b-b65f87e2fb5d 204 0 - 0.086 ms
[2026-06-16 12:07:20:720] [INFO]: OPTIONS /api/users?productId=8dcc5f5d-7c7e-4479-8a1b-b65f87e2fb5d 204 0 - 0.057 ms
[2026-06-16 12:07:20:720] [INFO]: GET /api/users?productId=8dcc5f5d-7c7e-4479-8a1b-b65f87e2fb5d 200 381 - 2.998 ms
[2026-06-16 12:07:20:720] [INFO]: GET /api/features?productId=8dcc5f5d-7c7e-4479-8a1b-b65f87e2fb5d 200 2 - 6.410 ms
[2026-06-16 12:07:21:721] [INFO]: OPTIONS /api/features?productId=b7b4d1fd-9cee-401f-bab1-f2653eca1096 204 0 - 0.081 ms
[2026-06-16 12:07:21:721] [INFO]: OPTIONS /api/users?productId=b7b4d1fd-9cee-401f-bab1-f2653eca1096 204 0 - 0.052 ms
[2026-06-16 12:07:21:721] [INFO]: GET /api/users?productId=b7b4d1fd-9cee-401f-bab1-f2653eca1096 304 - - 3.215 ms
[2026-06-16 12:07:21:721] [INFO]: GET /api/features?productId=b7b4d1fd-9cee-401f-bab1-f2653eca1096 304 - - 39.355 ms
[2026-06-16 12:09:46:946] [INFO]: [SOCKET] User disconnected: Krishna Shelar (f1ed7772-c93e-4339-90de-752bdef336eb) - Socket: k-jAYz4BYluAe8unAAAa
[2026-06-16 12:09:46:946] [INFO]: [SOCKET] User disconnected: Krishna Shelar (f1ed7772-c93e-4339-90de-752bdef336eb) - Socket: SKatELAc0Le22s3JAAAb
[2026-06-16 12:09:46:946] [INFO]: OPTIONS /api/products 204 0 - 0.228 ms
[2026-06-16 12:09:46:946] [INFO]: OPTIONS /api/products 204 0 - 0.268 ms
[2026-06-16 12:09:46:946] [INFO]: GET /api/products 304 - - 12.487 ms
[2026-06-16 12:09:46:946] [INFO]: GET /api/products 304 - - 6.669 ms
[2026-06-16 12:09:46:946] [INFO]: [SOCKET] User connected: Krishna Shelar (f1ed7772-c93e-4339-90de-752bdef336eb) - Socket: kqWWkbsx_q0_ryHQAAAe
[2026-06-16 12:09:46:946] [INFO]: [SOCKET] User connected: Krishna Shelar (f1ed7772-c93e-4339-90de-752bdef336eb) - Socket: -28ghOMoNA1If1KwAAAf
[2026-06-16 12:09:46:946] [INFO]: OPTIONS /api/products/b7b4d1fd-9cee-401f-bab1-f2653eca1096/status 204 0 - 0.148 ms
[2026-06-16 12:09:46:946] [INFO]: OPTIONS /api/users?productId=b7b4d1fd-9cee-401f-bab1-f2653eca1096 204 0 - 0.218 ms
[2026-06-16 12:09:46:946] [INFO]: OPTIONS /api/users?productId=b7b4d1fd-9cee-401f-bab1-f2653eca1096 204 0 - 0.282 ms
[2026-06-16 12:09:46:946] [INFO]: GET /api/products/b7b4d1fd-9cee-401f-bab1-f2653eca1096/status 304 - - 19.440 ms
[2026-06-16 12:09:46:946] [INFO]: GET /api/users?productId=b7b4d1fd-9cee-401f-bab1-f2653eca1096 304 - - 13.149 ms
[2026-06-16 12:09:46:946] [INFO]: GET /api/products/b7b4d1fd-9cee-401f-bab1-f2653eca1096/status 304 - - 15.565 ms
[2026-06-16 12:09:46:946] [INFO]: GET /api/users?productId=b7b4d1fd-9cee-401f-bab1-f2653eca1096 304 - - 12.804 ms
[2026-06-16 12:09:46:946] [INFO]: GET /api/users?productId=b7b4d1fd-9cee-401f-bab1-f2653eca1096 304 - - 11.864 ms
[2026-06-16 12:09:46:946] [INFO]: GET /api/products/b7b4d1fd-9cee-401f-bab1-f2653eca1096/status 304 - - 24.505 ms
[2026-06-16 12:09:49:949] [INFO]: OPTIONS /api/features?productId=b7b4d1fd-9cee-401f-bab1-f2653eca1096 204 0 - 0.138 ms
[2026-06-16 12:09:49:949] [INFO]: OPTIONS /api/features?productId=b7b4d1fd-9cee-401f-bab1-f2653eca1096 204 0 - 0.067 ms
[2026-06-16 12:09:49:949] [INFO]: GET /api/users?productId=b7b4d1fd-9cee-401f-bab1-f2653eca1096 304 - - 4.871 ms
[2026-06-16 12:09:49:949] [INFO]: GET /api/users?productId=b7b4d1fd-9cee-401f-bab1-f2653eca1096 304 - - 11.173 ms
[2026-06-16 12:09:49:949] [INFO]: GET /api/features?productId=b7b4d1fd-9cee-401f-bab1-f2653eca1096 304 - - 61.148 ms
[2026-06-16 12:09:49:949] [INFO]: GET /api/features?productId=b7b4d1fd-9cee-401f-bab1-f2653eca1096 304 - - 76.479 ms
[2026-06-16 12:10:38:1038] [INFO]: OPTIONS /api/user-stories?productId=b7b4d1fd-9cee-401f-bab1-f2653eca1096 204 0 - 0.184 ms
[2026-06-16 12:10:38:1038] [INFO]: OPTIONS /api/features?productId=b7b4d1fd-9cee-401f-bab1-f2653eca1096 204 0 - 0.095 ms
[2026-06-16 12:10:38:1038] [INFO]: OPTIONS /api/users?productId=b7b4d1fd-9cee-401f-bab1-f2653eca1096 204 0 - 0.172 ms
[2026-06-16 12:10:38:1038] [INFO]: OPTIONS /api/user-stories?productId=b7b4d1fd-9cee-401f-bab1-f2653eca1096 204 0 - 0.103 ms
[2026-06-16 12:10:38:1038] [INFO]: OPTIONS /api/users?productId=b7b4d1fd-9cee-401f-bab1-f2653eca1096 204 0 - 0.111 ms
[2026-06-16 12:10:38:1038] [INFO]: OPTIONS /api/features?productId=b7b4d1fd-9cee-401f-bab1-f2653eca1096 204 0 - 0.136 ms
[2026-06-16 12:10:38:1038] [INFO]: GET /api/users?productId=b7b4d1fd-9cee-401f-bab1-f2653eca1096 304 - - 10.836 ms
[2026-06-16 12:10:38:1038] [INFO]: GET /api/user-stories?productId=b7b4d1fd-9cee-401f-bab1-f2653eca1096 304 - - 22.544 ms
[2026-06-16 12:10:38:1038] [INFO]: GET /api/users?productId=b7b4d1fd-9cee-401f-bab1-f2653eca1096 304 - - 23.403 ms
[2026-06-16 12:10:38:1038] [INFO]: GET /api/user-stories?productId=b7b4d1fd-9cee-401f-bab1-f2653eca1096 304 - - 17.721 ms
[2026-06-16 12:10:39:1039] [INFO]: GET /api/features?productId=b7b4d1fd-9cee-401f-bab1-f2653eca1096 304 - - 110.453 ms
[2026-06-16 12:10:39:1039] [INFO]: GET /api/features?productId=b7b4d1fd-9cee-401f-bab1-f2653eca1096 304 - - 85.013 ms
[2026-06-16 12:10:41:1041] [INFO]: GET /api/users?productId=b7b4d1fd-9cee-401f-bab1-f2653eca1096 304 - - 4.846 ms
[2026-06-16 12:10:41:1041] [INFO]: GET /api/users?productId=b7b4d1fd-9cee-401f-bab1-f2653eca1096 304 - - 5.939 ms
[2026-06-16 12:10:41:1041] [INFO]: GET /api/features?productId=b7b4d1fd-9cee-401f-bab1-f2653eca1096 304 - - 53.278 ms
[2026-06-16 12:10:41:1041] [INFO]: GET /api/features?productId=b7b4d1fd-9cee-401f-bab1-f2653eca1096 304 - - 110.642 ms
[2026-06-16 12:10:42:1042] [INFO]: GET /api/users?productId=b7b4d1fd-9cee-401f-bab1-f2653eca1096 304 - - 4.809 ms
[2026-06-16 12:10:42:1042] [INFO]: GET /api/user-stories?productId=b7b4d1fd-9cee-401f-bab1-f2653eca1096 304 - - 9.462 ms
[2026-06-16 12:10:42:1042] [INFO]: GET /api/users?productId=b7b4d1fd-9cee-401f-bab1-f2653eca1096 304 - - 6.026 ms
[2026-06-16 12:10:42:1042] [INFO]: GET /api/user-stories?productId=b7b4d1fd-9cee-401f-bab1-f2653eca1096 304 - - 14.118 ms
[2026-06-16 12:10:42:1042] [INFO]: GET /api/features?productId=b7b4d1fd-9cee-401f-bab1-f2653eca1096 304 - - 55.324 ms
[2026-06-16 12:10:43:1043] [INFO]: GET /api/features?productId=b7b4d1fd-9cee-401f-bab1-f2653eca1096 304 - - 78.741 ms
[2026-06-16 12:17:10:1710] [INFO]: ==================================================
[2026-06-16 12:17:10:1710] [INFO]: 🚀 TKS API Server with Socket.IO is running on port: 5000
[2026-06-16 12:17:10:1710] [INFO]: 🔐 Bypass MS Auth status: true
[2026-06-16 12:17:10:1710] [INFO]: ==================================================
[2026-06-16 12:17:11:1711] [INFO]: [SOCKET] User connected: Krishna Shelar (f1ed7772-c93e-4339-90de-752bdef336eb) - Socket: 4a-vTlDJzq-CRkUUAAAC
[2026-06-16 12:17:11:1711] [INFO]: [SOCKET] User connected: Krishna Shelar (f1ed7772-c93e-4339-90de-752bdef336eb) - Socket: JNp2553wHt0VCrXcAAAD
[2026-06-16 12:18:42:1842] [INFO]: OPTIONS /api/user-stories?productId=b7b4d1fd-9cee-401f-bab1-f2653eca1096 204 0 - 0.823 ms
[2026-06-16 12:18:42:1842] [INFO]: OPTIONS /api/users?productId=b7b4d1fd-9cee-401f-bab1-f2653eca1096 204 0 - 0.188 ms
[2026-06-16 12:18:42:1842] [INFO]: OPTIONS /api/features?productId=b7b4d1fd-9cee-401f-bab1-f2653eca1096 204 0 - 0.200 ms
[2026-06-16 12:18:42:1842] [INFO]: GET /api/user-stories?productId=b7b4d1fd-9cee-401f-bab1-f2653eca1096 304 - - 41.366 ms
[2026-06-16 12:18:42:1842] [INFO]: GET /api/users?productId=b7b4d1fd-9cee-401f-bab1-f2653eca1096 304 - - 25.496 ms
[2026-06-16 12:18:42:1842] [INFO]: GET /api/features?productId=b7b4d1fd-9cee-401f-bab1-f2653eca1096 304 - - 46.859 ms
[2026-06-16 12:24:04:244] [INFO]: POST /api/auth/microsoft 200 486 - 23.248 ms
[2026-06-16 12:24:04:244] [INFO]: GET /api/products 200 1826 - 5.761 ms
[2026-06-16 12:24:04:244] [INFO]: DELETE /api/user-stories?productId=b7b4d1fd-9cee-401f-bab1-f2653eca1096 200 52 - 7.705 ms
[2026-06-16 12:24:04:244] [INFO]: GET /api/user-stories?productId=b7b4d1fd-9cee-401f-bab1-f2653eca1096 200 2 - 4.006 ms
[2026-06-16 12:24:48:2448] [INFO]: [SOCKET] User disconnected: Krishna Shelar (f1ed7772-c93e-4339-90de-752bdef336eb) - Socket: 4a-vTlDJzq-CRkUUAAAC
[2026-06-16 12:24:48:2448] [INFO]: [SOCKET] User disconnected: Krishna Shelar (f1ed7772-c93e-4339-90de-752bdef336eb) - Socket: JNp2553wHt0VCrXcAAAD
[2026-06-16 12:24:48:2448] [INFO]: OPTIONS /api/products 204 0 - 0.273 ms
[2026-06-16 12:24:48:2448] [INFO]: OPTIONS /api/products 204 0 - 0.858 ms
[2026-06-16 12:24:48:2448] [INFO]: [SOCKET] User connected: Krishna Shelar (f1ed7772-c93e-4339-90de-752bdef336eb) - Socket: cttnsq65UzsABRMpAAAG
[2026-06-16 12:24:48:2448] [INFO]: GET /api/products 304 - - 36.749 ms
[2026-06-16 12:24:48:2448] [INFO]: [SOCKET] User connected: Krishna Shelar (f1ed7772-c93e-4339-90de-752bdef336eb) - Socket: m5FJDXAkYFS0-Q_0AAAH
[2026-06-16 12:24:48:2448] [INFO]: GET /api/products 304 - - 9.436 ms
[2026-06-16 12:24:48:2448] [INFO]: OPTIONS /api/products/b7b4d1fd-9cee-401f-bab1-f2653eca1096/status 204 0 - 0.432 ms
[2026-06-16 12:24:48:2448] [INFO]: OPTIONS /api/users?productId=b7b4d1fd-9cee-401f-bab1-f2653eca1096 204 0 - 1.535 ms
[2026-06-16 12:24:48:2448] [INFO]: OPTIONS /api/users?productId=b7b4d1fd-9cee-401f-bab1-f2653eca1096 204 0 - 1.267 ms
[2026-06-16 12:24:48:2448] [INFO]: GET /api/products/b7b4d1fd-9cee-401f-bab1-f2653eca1096/status 304 - - 48.106 ms
[2026-06-16 12:24:48:2448] [INFO]: GET /api/users?productId=b7b4d1fd-9cee-401f-bab1-f2653eca1096 304 - - 16.179 ms
[2026-06-16 12:24:48:2448] [INFO]: GET /api/users?productId=b7b4d1fd-9cee-401f-bab1-f2653eca1096 304 - - 16.178 ms
[2026-06-16 12:24:48:2448] [INFO]: GET /api/products/b7b4d1fd-9cee-401f-bab1-f2653eca1096/status 304 - - 45.344 ms
[2026-06-16 12:24:48:2448] [INFO]: GET /api/users?productId=b7b4d1fd-9cee-401f-bab1-f2653eca1096 304 - - 25.335 ms
[2026-06-16 12:24:48:2448] [INFO]: GET /api/products/b7b4d1fd-9cee-401f-bab1-f2653eca1096/status 304 - - 20.451 ms
[2026-06-16 12:24:55:2455] [INFO]: OPTIONS /api/user-stories?productId=b7b4d1fd-9cee-401f-bab1-f2653eca1096 204 0 - 0.195 ms
[2026-06-16 12:24:55:2455] [INFO]: OPTIONS /api/users?productId=b7b4d1fd-9cee-401f-bab1-f2653eca1096 204 0 - 0.175 ms
[2026-06-16 12:24:55:2455] [INFO]: OPTIONS /api/features?productId=b7b4d1fd-9cee-401f-bab1-f2653eca1096 204 0 - 0.110 ms
[2026-06-16 12:24:55:2455] [INFO]: OPTIONS /api/user-stories?productId=b7b4d1fd-9cee-401f-bab1-f2653eca1096 204 0 - 0.162 ms
[2026-06-16 12:24:55:2455] [INFO]: OPTIONS /api/users?productId=b7b4d1fd-9cee-401f-bab1-f2653eca1096 204 0 - 0.098 ms
[2026-06-16 12:24:55:2455] [INFO]: GET /api/users?productId=b7b4d1fd-9cee-401f-bab1-f2653eca1096 304 - - 10.907 ms
[2026-06-16 12:24:55:2455] [INFO]: GET /api/user-stories?productId=b7b4d1fd-9cee-401f-bab1-f2653eca1096 304 - - 21.200 ms
[2026-06-16 12:24:55:2455] [INFO]: GET /api/users?productId=b7b4d1fd-9cee-401f-bab1-f2653eca1096 304 - - 8.765 ms
[2026-06-16 12:24:55:2455] [INFO]: GET /api/user-stories?productId=b7b4d1fd-9cee-401f-bab1-f2653eca1096 304 - - 14.065 ms
[2026-06-16 12:24:55:2455] [INFO]: GET /api/features?productId=b7b4d1fd-9cee-401f-bab1-f2653eca1096 304 - - 71.849 ms
[2026-06-16 12:24:55:2455] [INFO]: GET /api/features?productId=b7b4d1fd-9cee-401f-bab1-f2653eca1096 304 - - 85.858 ms
[2026-06-16 12:30:19:3019] [INFO]: ==================================================
[2026-06-16 12:30:19:3019] [INFO]: 🚀 TKS API Server with Socket.IO is running on port: 5000
[2026-06-16 12:30:19:3019] [INFO]: 🔐 Bypass MS Auth status: true
[2026-06-16 12:30:19:3019] [INFO]: ==================================================
[2026-06-16 12:30:23:3023] [INFO]: [SOCKET] User connected: Krishna Shelar (f1ed7772-c93e-4339-90de-752bdef336eb) - Socket: Qr267mWUhdh9EdHYAAAC
[2026-06-16 12:30:23:3023] [INFO]: [SOCKET] User connected: Krishna Shelar (f1ed7772-c93e-4339-90de-752bdef336eb) - Socket: EdA8Y1HTbGwmfDm3AAAD
[2026-06-16 12:30:25:3025] [INFO]: ==================================================
[2026-06-16 12:30:25:3025] [INFO]: 🚀 TKS API Server with Socket.IO is running on port: 5000
[2026-06-16 12:30:25:3025] [INFO]: 🔐 Bypass MS Auth status: true
[2026-06-16 12:30:25:3025] [INFO]: ==================================================
[2026-06-16 12:30:25:3025] [INFO]: [SOCKET] User connected: Krishna Shelar (f1ed7772-c93e-4339-90de-752bdef336eb) - Socket: WGySoFkWxxNaD6VDAAAB
[2026-06-16 12:30:26:3026] [INFO]: [SOCKET] User connected: Krishna Shelar (f1ed7772-c93e-4339-90de-752bdef336eb) - Socket: BhXeXV6pEA7uzAGCAAAD
[2026-06-16 12:30:38:3038] [INFO]: ==================================================
[2026-06-16 12:30:38:3038] [INFO]: 🚀 TKS API Server with Socket.IO is running on port: 5000
[2026-06-16 12:30:38:3038] [INFO]: 🔐 Bypass MS Auth status: true
[2026-06-16 12:30:38:3038] [INFO]: ==================================================
[2026-06-16 12:30:39:3039] [INFO]: [SOCKET] User connected: Krishna Shelar (f1ed7772-c93e-4339-90de-752bdef336eb) - Socket: v4uahotwmoaWFP3zAAAB
[2026-06-16 12:30:40:3040] [INFO]: [SOCKET] User connected: Krishna Shelar (f1ed7772-c93e-4339-90de-752bdef336eb) - Socket: jEubrrjXLtSO6eX6AAAD
[2026-06-16 12:30:53:3053] [INFO]: ==================================================
[2026-06-16 12:30:53:3053] [INFO]: 🚀 TKS API Server with Socket.IO is running on port: 5000
[2026-06-16 12:30:53:3053] [INFO]: 🔐 Bypass MS Auth status: true
[2026-06-16 12:30:53:3053] [INFO]: ==================================================
[2026-06-16 12:30:55:3055] [INFO]: [SOCKET] User connected: Krishna Shelar (f1ed7772-c93e-4339-90de-752bdef336eb) - Socket: 9krk4Z6YCgNQVxrWAAAC
[2026-06-16 12:30:55:3055] [INFO]: [SOCKET] User connected: Krishna Shelar (f1ed7772-c93e-4339-90de-752bdef336eb) - Socket: RSkLVDPP0h34vwECAAAD
[2026-06-16 12:31:03:313] [INFO]: ==================================================
[2026-06-16 12:31:03:313] [INFO]: 🚀 TKS API Server with Socket.IO is running on port: 5000
[2026-06-16 12:31:03:313] [INFO]: 🔐 Bypass MS Auth status: true
[2026-06-16 12:31:03:313] [INFO]: ==================================================
[2026-06-16 12:31:04:314] [INFO]: [SOCKET] User connected: Krishna Shelar (f1ed7772-c93e-4339-90de-752bdef336eb) - Socket: xq6nAOELsoIMG3yGAAAB
[2026-06-16 12:31:06:316] [INFO]: [SOCKET] User connected: Krishna Shelar (f1ed7772-c93e-4339-90de-752bdef336eb) - Socket: KZu6SLEmv0hUEKbyAAAD
[2026-06-16 12:31:12:3112] [INFO]: ==================================================
[2026-06-16 12:31:12:3112] [INFO]: 🚀 TKS API Server with Socket.IO is running on port: 5000
[2026-06-16 12:31:12:3112] [INFO]: 🔐 Bypass MS Auth status: true
[2026-06-16 12:31:12:3112] [INFO]: ==================================================
[2026-06-16 12:31:15:3115] [INFO]: [SOCKET] User connected: Krishna Shelar (f1ed7772-c93e-4339-90de-752bdef336eb) - Socket: AEQH4S7nQoQLflrmAAAC
[2026-06-16 12:31:15:3115] [INFO]: [SOCKET] User connected: Krishna Shelar (f1ed7772-c93e-4339-90de-752bdef336eb) - Socket: UeZKwVTgXfSxCKEeAAAD
[2026-06-16 12:31:22:3122] [INFO]: ==================================================
[2026-06-16 12:31:22:3122] [INFO]: 🚀 TKS API Server with Socket.IO is running on port: 5000
[2026-06-16 12:31:22:3122] [INFO]: 🔐 Bypass MS Auth status: true
[2026-06-16 12:31:22:3122] [INFO]: ==================================================
[2026-06-16 12:31:24:3124] [INFO]: [SOCKET] User connected: Krishna Shelar (f1ed7772-c93e-4339-90de-752bdef336eb) - Socket: Hz78Pj8sqWcz2pydAAAB
[2026-06-16 12:31:25:3125] [INFO]: [SOCKET] User connected: Krishna Shelar (f1ed7772-c93e-4339-90de-752bdef336eb) - Socket: MeSiQFuaUXXNlt68AAAD
[2026-06-16 12:31:31:3131] [INFO]: ==================================================
[2026-06-16 12:31:31:3131] [INFO]: 🚀 TKS API Server with Socket.IO is running on port: 5000
[2026-06-16 12:31:31:3131] [INFO]: 🔐 Bypass MS Auth status: true
[2026-06-16 12:31:31:3131] [INFO]: ==================================================
[2026-06-16 12:31:32:3132] [INFO]: [SOCKET] User connected: Krishna Shelar (f1ed7772-c93e-4339-90de-752bdef336eb) - Socket: HAE0_-A7QmXVyH72AAAB
[2026-06-16 12:31:33:3133] [INFO]: [SOCKET] User connected: Krishna Shelar (f1ed7772-c93e-4339-90de-752bdef336eb) - Socket: A_61g2af9WURq-OwAAAD
[2026-06-16 12:33:10:3310] [INFO]: POST /api/auth/microsoft 200 486 - 53.887 ms
[2026-06-16 12:33:10:3310] [INFO]: GET /api/products 200 1492 - 14.367 ms
[2026-06-16 12:33:10:3310] [INFO]: DELETE /api/user-stories?productId=64108a7b-0d49-4004-94dd-64a1ee68ac1c 200 52 - 15.985 ms
[2026-06-16 12:33:10:3310] [INFO]: GET /api/user-stories?productId=64108a7b-0d49-4004-94dd-64a1ee68ac1c 200 2 - 15.327 ms
[2026-06-16 12:33:11:3311] [INFO]: [NOTIFICATION SERVICE] Creating notification for user 491293f0-2cd9-4188-9039-b0bed39ed24f: "User Story Assigned via Import"
[2026-06-16 12:33:11:3311] [INFO]: [SOCKET] Emitting event "notification" to user room 491293f0-2cd9-4188-9039-b0bed39ed24f
[2026-06-16 12:33:11:3311] [INFO]: [NOTIFICATION SERVICE] Creating notification for user 338da384-7206-4e28-887e-4be7d30502f8: "User Story Assigned via Import"
[2026-06-16 12:33:11:3311] [INFO]: [SOCKET] Emitting event "notification" to user room 338da384-7206-4e28-887e-4be7d30502f8
[2026-06-16 12:33:11:3311] [INFO]: POST /api/user-stories/bulk 201 802 - 122.665 ms
[2026-06-16 12:33:11:3311] [INFO]: GET /api/user-stories?productId=64108a7b-0d49-4004-94dd-64a1ee68ac1c 200 1040 - 12.047 ms
[2026-06-16 12:35:33:3533] [INFO]: [SOCKET] User disconnected: Krishna Shelar (f1ed7772-c93e-4339-90de-752bdef336eb) - Socket: HAE0_-A7QmXVyH72AAAB
[2026-06-16 12:35:33:3533] [INFO]: [SOCKET] User disconnected: Krishna Shelar (f1ed7772-c93e-4339-90de-752bdef336eb) - Socket: A_61g2af9WURq-OwAAAD
[2026-06-16 12:35:35:3535] [INFO]: OPTIONS /api/products 204 0 - 0.996 ms
[2026-06-16 12:35:35:3535] [INFO]: OPTIONS /api/products 204 0 - 0.294 ms
[2026-06-16 12:35:35:3535] [INFO]: [SOCKET] User connected: Krishna Shelar (f1ed7772-c93e-4339-90de-752bdef336eb) - Socket: yu3nGcM2nbsN3RfeAAAG
[2026-06-16 12:35:35:3535] [INFO]: GET /api/products 200 1492 - 19.396 ms
[2026-06-16 12:35:35:3535] [INFO]: [SOCKET] User connected: Krishna Shelar (f1ed7772-c93e-4339-90de-752bdef336eb) - Socket: 5HDFl1iiR04hVPqKAAAH
[2026-06-16 12:35:35:3535] [INFO]: GET /api/products 304 - - 39.748 ms
[2026-06-16 12:35:35:3535] [INFO]: OPTIONS /api/products/64108a7b-0d49-4004-94dd-64a1ee68ac1c/status 204 0 - 0.412 ms
[2026-06-16 12:35:35:3535] [INFO]: OPTIONS /api/users?productId=64108a7b-0d49-4004-94dd-64a1ee68ac1c 204 0 - 0.314 ms
[2026-06-16 12:35:35:3535] [INFO]: OPTIONS /api/users?productId=64108a7b-0d49-4004-94dd-64a1ee68ac1c 204 0 - 0.478 ms
[2026-06-16 12:35:35:3535] [INFO]: GET /api/products/64108a7b-0d49-4004-94dd-64a1ee68ac1c/status 200 2 - 38.545 ms
[2026-06-16 12:35:35:3535] [INFO]: GET /api/users?productId=64108a7b-0d49-4004-94dd-64a1ee68ac1c 200 44644 - 40.288 ms
[2026-06-16 12:35:35:3535] [INFO]: GET /api/products/64108a7b-0d49-4004-94dd-64a1ee68ac1c/status 304 - - 27.724 ms
[2026-06-16 12:35:35:3535] [INFO]: GET /api/users?productId=64108a7b-0d49-4004-94dd-64a1ee68ac1c 304 - - 14.943 ms
[2026-06-16 12:35:35:3535] [INFO]: GET /api/products/64108a7b-0d49-4004-94dd-64a1ee68ac1c/status 304 - - 16.845 ms
[2026-06-16 12:35:35:3535] [INFO]: GET /api/users?productId=64108a7b-0d49-4004-94dd-64a1ee68ac1c 304 - - 9.268 ms
[2026-06-16 12:35:47:3547] [INFO]: OPTIONS /api/features?productId=64108a7b-0d49-4004-94dd-64a1ee68ac1c 204 0 - 0.183 ms
[2026-06-16 12:35:47:3547] [INFO]: OPTIONS /api/users?productId=64108a7b-0d49-4004-94dd-64a1ee68ac1c 204 0 - 0.114 ms
[2026-06-16 12:35:47:3547] [INFO]: OPTIONS /api/users?productId=64108a7b-0d49-4004-94dd-64a1ee68ac1c 204 0 - 0.198 ms
[2026-06-16 12:35:47:3547] [INFO]: OPTIONS /api/features?productId=64108a7b-0d49-4004-94dd-64a1ee68ac1c 204 0 - 0.245 ms
[2026-06-16 12:35:47:3547] [INFO]: GET /api/users?productId=64108a7b-0d49-4004-94dd-64a1ee68ac1c 304 - - 5.021 ms
[2026-06-16 12:35:47:3547] [INFO]: GET /api/features?productId=64108a7b-0d49-4004-94dd-64a1ee68ac1c 200 2 - 8.715 ms
[2026-06-16 12:35:47:3547] [INFO]: GET /api/users?productId=64108a7b-0d49-4004-94dd-64a1ee68ac1c 304 - - 6.220 ms
[2026-06-16 12:35:47:3547] [INFO]: GET /api/features?productId=64108a7b-0d49-4004-94dd-64a1ee68ac1c 304 - - 13.660 ms
[2026-06-16 12:35:51:3551] [INFO]: OPTIONS /api/user-stories?productId=64108a7b-0d49-4004-94dd-64a1ee68ac1c 204 0 - 0.184 ms
[2026-06-16 12:35:51:3551] [INFO]: OPTIONS /api/user-stories?productId=64108a7b-0d49-4004-94dd-64a1ee68ac1c 204 0 - 0.144 ms
[2026-06-16 12:35:51:3551] [INFO]: GET /api/users?productId=64108a7b-0d49-4004-94dd-64a1ee68ac1c 304 - - 5.247 ms
[2026-06-16 12:35:51:3551] [INFO]: GET /api/user-stories?productId=64108a7b-0d49-4004-94dd-64a1ee68ac1c 200 1040 - 11.074 ms
[2026-06-16 12:35:51:3551] [INFO]: GET /api/users?productId=64108a7b-0d49-4004-94dd-64a1ee68ac1c 304 - - 6.516 ms
[2026-06-16 12:35:51:3551] [INFO]: GET /api/user-stories?productId=64108a7b-0d49-4004-94dd-64a1ee68ac1c 304 - - 10.195 ms
[2026-06-16 12:35:56:3556] [INFO]: OPTIONS /api/user-stories?productId=64108a7b-0d49-4004-94dd-64a1ee68ac1c 204 0 - 0.167 ms
[2026-06-16 12:35:56:3556] [INFO]: DELETE /api/user-stories?productId=64108a7b-0d49-4004-94dd-64a1ee68ac1c 200 52 - 13.345 ms
[2026-06-16 12:35:56:3556] [INFO]: OPTIONS /api/users?productId=64108a7b-0d49-4004-94dd-64a1ee68ac1c 204 0 - 0.110 ms
[2026-06-16 12:35:56:3556] [INFO]: GET /api/users?productId=64108a7b-0d49-4004-94dd-64a1ee68ac1c 304 - - 5.100 ms
[2026-06-16 12:35:56:3556] [INFO]: GET /api/user-stories?productId=64108a7b-0d49-4004-94dd-64a1ee68ac1c 200 2 - 8.730 ms
[2026-06-16 12:35:58:3558] [INFO]: OPTIONS /api/features?productId=64108a7b-0d49-4004-94dd-64a1ee68ac1c 204 0 - 0.149 ms
[2026-06-16 12:35:58:3558] [INFO]: OPTIONS /api/features?productId=64108a7b-0d49-4004-94dd-64a1ee68ac1c 204 0 - 0.090 ms
[2026-06-16 12:35:58:3558] [INFO]: GET /api/users?productId=64108a7b-0d49-4004-94dd-64a1ee68ac1c 304 - - 6.218 ms
[2026-06-16 12:35:58:3558] [INFO]: GET /api/features?productId=64108a7b-0d49-4004-94dd-64a1ee68ac1c 304 - - 9.190 ms
[2026-06-16 12:35:58:3558] [INFO]: GET /api/users?productId=64108a7b-0d49-4004-94dd-64a1ee68ac1c 304 - - 8.596 ms
[2026-06-16 12:35:58:3558] [INFO]: GET /api/features?productId=64108a7b-0d49-4004-94dd-64a1ee68ac1c 304 - - 9.829 ms
[2026-06-16 12:36:01:361] [INFO]: OPTIONS /api/requirements-mapping?projectId=64108a7b-0d49-4004-94dd-64a1ee68ac1c 204 0 - 0.111 ms
[2026-06-16 12:36:01:361] [INFO]: OPTIONS /api/functional-requirements?productId=64108a7b-0d49-4004-94dd-64a1ee68ac1c 204 0 - 0.141 ms
[2026-06-16 12:36:01:361] [INFO]: OPTIONS /api/requirements-mapping?projectId=64108a7b-0d49-4004-94dd-64a1ee68ac1c 204 0 - 0.124 ms
[2026-06-16 12:36:01:361] [INFO]: OPTIONS /api/functional-requirements?productId=64108a7b-0d49-4004-94dd-64a1ee68ac1c 204 0 - 0.350 ms
[2026-06-16 12:36:01:361] [INFO]: GET /api/functional-requirements?productId=64108a7b-0d49-4004-94dd-64a1ee68ac1c 200 1503 - 6.946 ms
[2026-06-16 12:36:01:361] [INFO]: GET /api/requirements-mapping?projectId=64108a7b-0d49-4004-94dd-64a1ee68ac1c 200 2 - 12.829 ms
[2026-06-16 12:36:01:361] [INFO]: GET /api/user-stories?productId=64108a7b-0d49-4004-94dd-64a1ee68ac1c 304 - - 28.226 ms
[2026-06-16 12:36:01:361] [INFO]: GET /api/functional-requirements?productId=64108a7b-0d49-4004-94dd-64a1ee68ac1c 304 - - 10.543 ms
[2026-06-16 12:36:01:361] [INFO]: GET /api/requirements-mapping?projectId=64108a7b-0d49-4004-94dd-64a1ee68ac1c 304 - - 12.331 ms
[2026-06-16 12:36:01:361] [INFO]: GET /api/user-stories?productId=64108a7b-0d49-4004-94dd-64a1ee68ac1c 304 - - 10.798 ms
[2026-06-16 12:36:03:363] [INFO]: OPTIONS /api/user-stories?productId=64108a7b-0d49-4004-94dd-64a1ee68ac1c 204 0 - 0.249 ms
[2026-06-16 12:36:03:363] [INFO]: OPTIONS /api/users?productId=64108a7b-0d49-4004-94dd-64a1ee68ac1c 204 0 - 0.125 ms
[2026-06-16 12:36:03:363] [INFO]: OPTIONS /api/user-stories?productId=64108a7b-0d49-4004-94dd-64a1ee68ac1c 204 0 - 0.084 ms
[2026-06-16 12:36:03:363] [INFO]: OPTIONS /api/users?productId=64108a7b-0d49-4004-94dd-64a1ee68ac1c 204 0 - 0.092 ms
[2026-06-16 12:36:03:363] [INFO]: GET /api/user-stories?productId=64108a7b-0d49-4004-94dd-64a1ee68ac1c 304 - - 8.074 ms
[2026-06-16 12:36:03:363] [INFO]: GET /api/users?productId=64108a7b-0d49-4004-94dd-64a1ee68ac1c 304 - - 7.092 ms
[2026-06-16 12:36:03:363] [INFO]: GET /api/users?productId=64108a7b-0d49-4004-94dd-64a1ee68ac1c 304 - - 9.330 ms
[2026-06-16 12:36:03:363] [INFO]: GET /api/user-stories?productId=64108a7b-0d49-4004-94dd-64a1ee68ac1c 304 - - 15.225 ms
[2026-06-16 12:36:09:369] [INFO]: ==================================================
[2026-06-16 12:36:09:369] [INFO]: 🚀 TKS API Server with Socket.IO is running on port: 5000
[2026-06-16 12:36:09:369] [INFO]: 🔐 Bypass MS Auth status: true
[2026-06-16 12:36:09:369] [INFO]: ==================================================
[2026-06-16 12:36:10:3610] [INFO]: OPTIONS /api/user-stories?productId=64108a7b-0d49-4004-94dd-64a1ee68ac1c 204 0 - 1.347 ms
[2026-06-16 12:36:10:3610] [INFO]: OPTIONS /api/users?productId=64108a7b-0d49-4004-94dd-64a1ee68ac1c 204 0 - 0.177 ms
[2026-06-16 12:36:10:3610] [INFO]: OPTIONS /api/features?productId=64108a7b-0d49-4004-94dd-64a1ee68ac1c 204 0 - 0.144 ms
[2026-06-16 12:36:10:3610] [INFO]: GET /api/features?productId=64108a7b-0d49-4004-94dd-64a1ee68ac1c 304 - - 25.401 ms
[2026-06-16 12:36:10:3610] [INFO]: GET /api/users?productId=64108a7b-0d49-4004-94dd-64a1ee68ac1c 304 - - 24.696 ms
[2026-06-16 12:36:10:3610] [INFO]: GET /api/user-stories?productId=64108a7b-0d49-4004-94dd-64a1ee68ac1c 500 1412 - 65.634 ms
[2026-06-16 12:36:10:3610] [INFO]: [SOCKET] User connected: Krishna Shelar (f1ed7772-c93e-4339-90de-752bdef336eb) - Socket: 6GiDM5fIoSueJEVVAAAB
[2026-06-16 12:36:12:3612] [INFO]: [SOCKET] User connected: Krishna Shelar (f1ed7772-c93e-4339-90de-752bdef336eb) - Socket: _1xEc6yuZt6d9lfQAAAD
[2026-06-16 12:36:13:3613] [INFO]: ==================================================
[2026-06-16 12:36:13:3613] [INFO]: 🚀 TKS API Server with Socket.IO is running on port: 5000
[2026-06-16 12:36:13:3613] [INFO]: 🔐 Bypass MS Auth status: true
[2026-06-16 12:36:13:3613] [INFO]: ==================================================
[2026-06-16 12:36:13:3613] [INFO]: OPTIONS /api/products 204 0 - 1.168 ms
[2026-06-16 12:36:13:3613] [INFO]: OPTIONS /api/products 204 0 - 0.266 ms
[2026-06-16 12:36:13:3613] [INFO]: [SOCKET] User connected: Krishna Shelar (f1ed7772-c93e-4339-90de-752bdef336eb) - Socket: vrsmncmGu2SdcbYoAAAC
[2026-06-16 12:36:13:3613] [INFO]: [SOCKET] User connected: Krishna Shelar (f1ed7772-c93e-4339-90de-752bdef336eb) - Socket: AH3fflXYarJRiZJ6AAAD
[2026-06-16 12:36:13:3613] [INFO]: GET /api/products 304 - - 33.215 ms
[2026-06-16 12:36:13:3613] [INFO]: GET /api/products 304 - - 4.867 ms
[2026-06-16 12:36:13:3613] [INFO]: OPTIONS /api/products/64108a7b-0d49-4004-94dd-64a1ee68ac1c/status 204 0 - 0.468 ms
[2026-06-16 12:36:13:3613] [INFO]: GET /api/users?productId=64108a7b-0d49-4004-94dd-64a1ee68ac1c 304 - - 9.708 ms
[2026-06-16 12:36:13:3613] [INFO]: GET /api/users?productId=64108a7b-0d49-4004-94dd-64a1ee68ac1c 304 - - 8.127 ms
[2026-06-16 12:36:13:3613] [INFO]: GET /api/products/64108a7b-0d49-4004-94dd-64a1ee68ac1c/status 304 - - 38.477 ms
[2026-06-16 12:36:13:3613] [INFO]: GET /api/users?productId=64108a7b-0d49-4004-94dd-64a1ee68ac1c 304 - - 8.580 ms
[2026-06-16 12:36:13:3613] [INFO]: GET /api/products/64108a7b-0d49-4004-94dd-64a1ee68ac1c/status 304 - - 17.378 ms
[2026-06-16 12:36:13:3613] [INFO]: GET /api/products/64108a7b-0d49-4004-94dd-64a1ee68ac1c/status 304 - - 9.996 ms
[2026-06-16 12:36:20:3620] [INFO]: OPTIONS /api/users/all 204 0 - 0.226 ms
[2026-06-16 12:36:20:3620] [INFO]: OPTIONS /api/products 204 0 - 0.152 ms
[2026-06-16 12:36:20:3620] [INFO]: OPTIONS /api/users/all 204 0 - 0.177 ms
[2026-06-16 12:36:20:3620] [INFO]: OPTIONS /api/products 204 0 - 0.156 ms
[2026-06-16 12:36:20:3620] [INFO]: GET /api/users/all 500 1063 - 28.136 ms
[2026-06-16 12:36:20:3620] [INFO]: GET /api/products 304 - - 23.822 ms
[2026-06-16 12:36:20:3620] [INFO]: GET /api/users/all 500 1063 - 19.261 ms
[2026-06-16 12:36:20:3620] [INFO]: GET /api/products 304 - - 13.754 ms
[2026-06-16 12:36:22:3622] [INFO]: [SOCKET] User disconnected: Krishna Shelar (f1ed7772-c93e-4339-90de-752bdef336eb) - Socket: vrsmncmGu2SdcbYoAAAC
[2026-06-16 12:36:22:3622] [INFO]: [SOCKET] User disconnected: Krishna Shelar (f1ed7772-c93e-4339-90de-752bdef336eb) - Socket: AH3fflXYarJRiZJ6AAAD
[2026-06-16 12:36:23:3623] [INFO]: GET /api/products 304 - - 10.096 ms
[2026-06-16 12:36:23:3623] [INFO]: [SOCKET] User connected: Krishna Shelar (f1ed7772-c93e-4339-90de-752bdef336eb) - Socket: S7sKThSefYwanVLKAAAG
[2026-06-16 12:36:23:3623] [INFO]: GET /api/products 304 - - 21.192 ms
[2026-06-16 12:36:23:3623] [INFO]: [SOCKET] User connected: Krishna Shelar (f1ed7772-c93e-4339-90de-752bdef336eb) - Socket: hKGFTL4Kbu_YgZ06AAAH
[2026-06-16 12:36:23:3623] [INFO]: OPTIONS /api/products/64108a7b-0d49-4004-94dd-64a1ee68ac1c/status 204 0 - 0.619 ms
[2026-06-16 12:36:23:3623] [INFO]: OPTIONS /api/users?productId=64108a7b-0d49-4004-94dd-64a1ee68ac1c 204 0 - 0.351 ms
[2026-06-16 12:36:23:3623] [INFO]: OPTIONS /api/users?productId=64108a7b-0d49-4004-94dd-64a1ee68ac1c 204 0 - 1.602 ms
[2026-06-16 12:36:23:3623] [INFO]: GET /api/users?productId=64108a7b-0d49-4004-94dd-64a1ee68ac1c 304 - - 10.632 ms
[2026-06-16 12:36:23:3623] [INFO]: GET /api/products/64108a7b-0d49-4004-94dd-64a1ee68ac1c/status 304 - - 26.355 ms
[2026-06-16 12:36:23:3623] [INFO]: GET /api/users?productId=64108a7b-0d49-4004-94dd-64a1ee68ac1c 304 - - 11.224 ms
[2026-06-16 12:36:23:3623] [INFO]: GET /api/products/64108a7b-0d49-4004-94dd-64a1ee68ac1c/status 304 - - 22.806 ms
[2026-06-16 12:36:23:3623] [INFO]: GET /api/users?productId=64108a7b-0d49-4004-94dd-64a1ee68ac1c 304 - - 11.776 ms
[2026-06-16 12:36:23:3623] [INFO]: GET /api/products/64108a7b-0d49-4004-94dd-64a1ee68ac1c/status 304 - - 11.828 ms
[2026-06-16 12:36:25:3625] [INFO]: OPTIONS /api/users/all 204 0 - 0.133 ms
[2026-06-16 12:36:25:3625] [INFO]: OPTIONS /api/products 204 0 - 0.122 ms
[2026-06-16 12:36:25:3625] [INFO]: OPTIONS /api/users/all 204 0 - 0.106 ms
[2026-06-16 12:36:25:3625] [INFO]: OPTIONS /api/products 204 0 - 0.106 ms
[2026-06-16 12:36:25:3625] [INFO]: GET /api/users/all 500 1063 - 9.601 ms
[2026-06-16 12:36:25:3625] [INFO]: GET /api/products 304 - - 8.288 ms
[2026-06-16 12:36:25:3625] [INFO]: GET /api/users/all 500 1063 - 11.264 ms
[2026-06-16 12:36:25:3625] [INFO]: GET /api/products 304 - - 11.265 ms
[2026-06-16 12:36:30:3630] [INFO]: [SOCKET] User disconnected: Krishna Shelar (f1ed7772-c93e-4339-90de-752bdef336eb) - Socket: S7sKThSefYwanVLKAAAG
[2026-06-16 12:36:30:3630] [INFO]: [SOCKET] User disconnected: Krishna Shelar (f1ed7772-c93e-4339-90de-752bdef336eb) - Socket: hKGFTL4Kbu_YgZ06AAAH
[2026-06-16 12:36:30:3630] [INFO]: OPTIONS /api/products 204 0 - 0.262 ms
[2026-06-16 12:36:30:3630] [INFO]: [SOCKET] User connected: Krishna Shelar (f1ed7772-c93e-4339-90de-752bdef336eb) - Socket: _riS4vPGHRKz4D4XAAAK
[2026-06-16 12:36:30:3630] [INFO]: GET /api/products 304 - - 25.978 ms
[2026-06-16 12:36:30:3630] [INFO]: [SOCKET] User connected: Krishna Shelar (f1ed7772-c93e-4339-90de-752bdef336eb) - Socket: 4wE1ZcHZfuqHmdkGAAAL
[2026-06-16 12:36:30:3630] [INFO]: GET /api/products 304 - - 9.017 ms
[2026-06-16 12:36:30:3630] [INFO]: OPTIONS /api/products/64108a7b-0d49-4004-94dd-64a1ee68ac1c/status 204 0 - 0.273 ms
[2026-06-16 12:36:30:3630] [INFO]: OPTIONS /api/products/64108a7b-0d49-4004-94dd-64a1ee68ac1c/status 204 0 - 3.512 ms
[2026-06-16 12:36:30:3630] [INFO]: OPTIONS /api/users?productId=64108a7b-0d49-4004-94dd-64a1ee68ac1c 204 0 - 0.350 ms
[2026-06-16 12:36:30:3630] [INFO]: OPTIONS /api/users?productId=64108a7b-0d49-4004-94dd-64a1ee68ac1c 204 0 - 0.677 ms
[2026-06-16 12:36:30:3630] [INFO]: GET /api/users?productId=64108a7b-0d49-4004-94dd-64a1ee68ac1c 304 - - 13.732 ms
[2026-06-16 12:36:30:3630] [INFO]: GET /api/products/64108a7b-0d49-4004-94dd-64a1ee68ac1c/status 304 - - 23.664 ms
[2026-06-16 12:36:30:3630] [INFO]: GET /api/users?productId=64108a7b-0d49-4004-94dd-64a1ee68ac1c 304 - - 8.676 ms
[2026-06-16 12:36:30:3630] [INFO]: GET /api/products/64108a7b-0d49-4004-94dd-64a1ee68ac1c/status 304 - - 15.030 ms
[2026-06-16 12:36:30:3630] [INFO]: GET /api/users?productId=64108a7b-0d49-4004-94dd-64a1ee68ac1c 304 - - 7.155 ms
[2026-06-16 12:36:30:3630] [INFO]: GET /api/products/64108a7b-0d49-4004-94dd-64a1ee68ac1c/status 304 - - 7.271 ms
[2026-06-16 12:36:36:3636] [INFO]: OPTIONS /api/users/all 204 0 - 0.116 ms
[2026-06-16 12:36:36:3636] [INFO]: OPTIONS /api/products 204 0 - 0.116 ms
[2026-06-16 12:36:36:3636] [INFO]: OPTIONS /api/users/all 204 0 - 0.199 ms
[2026-06-16 12:36:36:3636] [INFO]: OPTIONS /api/products 204 0 - 1.067 ms
[2026-06-16 12:36:36:3636] [INFO]: GET /api/users/all 500 1063 - 6.610 ms
[2026-06-16 12:36:36:3636] [INFO]: GET /api/products 304 - - 6.195 ms
[2026-06-16 12:36:36:3636] [INFO]: GET /api/users/all 500 1063 - 9.178 ms
[2026-06-16 12:36:36:3636] [INFO]: GET /api/products 304 - - 9.123 ms
[2026-06-16 12:37:54:3754] [INFO]: OPTIONS /api/users?productId=64108a7b-0d49-4004-94dd-64a1ee68ac1c 204 0 - 0.151 ms
[2026-06-16 12:37:54:3754] [INFO]: OPTIONS /api/products/64108a7b-0d49-4004-94dd-64a1ee68ac1c/status 204 0 - 0.084 ms
[2026-06-16 12:37:54:3754] [INFO]: OPTIONS /api/users?productId=64108a7b-0d49-4004-94dd-64a1ee68ac1c 204 0 - 0.103 ms
[2026-06-16 12:37:54:3754] [INFO]: OPTIONS /api/products/64108a7b-0d49-4004-94dd-64a1ee68ac1c/status 204 0 - 0.120 ms
[2026-06-16 12:37:54:3754] [INFO]: GET /api/products/64108a7b-0d49-4004-94dd-64a1ee68ac1c/status 304 - - 38.941 ms
[2026-06-16 12:37:54:3754] [INFO]: GET /api/users?productId=64108a7b-0d49-4004-94dd-64a1ee68ac1c 304 - - 46.704 ms
[2026-06-16 12:37:54:3754] [INFO]: GET /api/users?productId=64108a7b-0d49-4004-94dd-64a1ee68ac1c 304 - - 15.214 ms
[2026-06-16 12:37:54:3754] [INFO]: GET /api/products/64108a7b-0d49-4004-94dd-64a1ee68ac1c/status 304 - - 32.505 ms
[2026-06-16 12:38:31:3831] [INFO]: ==================================================
[2026-06-16 12:38:31:3831] [INFO]: 🚀 TKS API Server with Socket.IO is running on port: 5000
[2026-06-16 12:38:31:3831] [INFO]: 🔐 Bypass MS Auth status: true
[2026-06-16 12:38:31:3831] [INFO]: ==================================================
[2026-06-16 12:38:32:3832] [INFO]: [SOCKET] User connected: Krishna Shelar (f1ed7772-c93e-4339-90de-752bdef336eb) - Socket: txm4550agJzr7p8kAAAB
[2026-06-16 12:38:33:3833] [INFO]: [SOCKET] User connected: Krishna Shelar (f1ed7772-c93e-4339-90de-752bdef336eb) - Socket: Ik0MX27X_12y_oLwAAAD
[2026-06-16 12:38:47:3847] [INFO]: ==================================================
[2026-06-16 12:38:47:3847] [INFO]: 🚀 TKS API Server with Socket.IO is running on port: 5000
[2026-06-16 12:38:47:3847] [INFO]: 🔐 Bypass MS Auth status: true
[2026-06-16 12:38:47:3847] [INFO]: ==================================================
[2026-06-16 12:38:48:3848] [INFO]: [SOCKET] User connected: Krishna Shelar (f1ed7772-c93e-4339-90de-752bdef336eb) - Socket: 54j-lCGdqq0UhFyBAAAB
[2026-06-16 12:38:49:3849] [INFO]: [SOCKET] User connected: Krishna Shelar (f1ed7772-c93e-4339-90de-752bdef336eb) - Socket: OQwebHNTHGtEOdXkAAAD
[2026-06-16 12:38:54:3854] [INFO]: POST /api/auth/microsoft 200 486 - 68.334 ms
[2026-06-16 12:38:54:3854] [INFO]: GET /api/products 200 1492 - 6.334 ms
[2026-06-16 12:38:54:3854] [INFO]: DELETE /api/user-stories?productId=64108a7b-0d49-4004-94dd-64a1ee68ac1c 404 158 - 4.379 ms
[2026-06-16 12:39:16:3916] [INFO]: ==================================================
[2026-06-16 12:39:16:3916] [INFO]: 🚀 TKS API Server with Socket.IO is running on port: 5000
[2026-06-16 12:39:16:3916] [INFO]: 🔐 Bypass MS Auth status: true
[2026-06-16 12:39:16:3916] [INFO]: ==================================================
[2026-06-16 12:39:17:3917] [INFO]: [SOCKET] User connected: Krishna Shelar (f1ed7772-c93e-4339-90de-752bdef336eb) - Socket: NW0ZoJCRY9yIUXNIAAAB
[2026-06-16 12:39:18:3918] [INFO]: [SOCKET] User connected: Krishna Shelar (f1ed7772-c93e-4339-90de-752bdef336eb) - Socket: cMr5BcB2ME3TSUZIAAAD
[2026-06-16 12:40:14:4014] [INFO]: POST /api/auth/microsoft 200 486 - 52.742 ms
[2026-06-16 12:40:14:4014] [INFO]: GET /api/products 200 1492 - 7.147 ms
[2026-06-16 12:40:14:4014] [INFO]: DELETE /api/user-stories?productId=64108a7b-0d49-4004-94dd-64a1ee68ac1c 200 52 - 7.645 ms
[2026-06-16 12:40:14:4014] [INFO]: GET /api/user-stories?productId=64108a7b-0d49-4004-94dd-64a1ee68ac1c 500 1412 - 11.250 ms
[2026-06-16 12:41:06:416] [INFO]: OPTIONS /api/features?productId=64108a7b-0d49-4004-94dd-64a1ee68ac1c 204 0 - 0.634 ms
[2026-06-16 12:41:06:416] [INFO]: OPTIONS /api/users?productId=64108a7b-0d49-4004-94dd-64a1ee68ac1c 204 0 - 0.191 ms
[2026-06-16 12:41:06:416] [INFO]: OPTIONS /api/features?productId=64108a7b-0d49-4004-94dd-64a1ee68ac1c 204 0 - 0.207 ms
[2026-06-16 12:41:06:416] [INFO]: OPTIONS /api/users?productId=64108a7b-0d49-4004-94dd-64a1ee68ac1c 204 0 - 0.170 ms
[2026-06-16 12:41:06:416] [INFO]: GET /api/features?productId=64108a7b-0d49-4004-94dd-64a1ee68ac1c 304 - - 23.858 ms
[2026-06-16 12:41:06:416] [INFO]: GET /api/users?productId=64108a7b-0d49-4004-94dd-64a1ee68ac1c 304 - - 15.752 ms
[2026-06-16 12:41:06:416] [INFO]: GET /api/features?productId=64108a7b-0d49-4004-94dd-64a1ee68ac1c 304 - - 29.848 ms
[2026-06-16 12:41:06:416] [INFO]: GET /api/users?productId=64108a7b-0d49-4004-94dd-64a1ee68ac1c 304 - - 17.125 ms
[2026-06-16 12:41:12:4112] [INFO]: OPTIONS /api/user-stories?productId=64108a7b-0d49-4004-94dd-64a1ee68ac1c 204 0 - 0.277 ms
[2026-06-16 12:41:12:4112] [INFO]: OPTIONS /api/users?productId=64108a7b-0d49-4004-94dd-64a1ee68ac1c 204 0 - 0.148 ms
[2026-06-16 12:41:12:4112] [INFO]: OPTIONS /api/features?productId=64108a7b-0d49-4004-94dd-64a1ee68ac1c 204 0 - 0.178 ms
[2026-06-16 12:41:12:4112] [INFO]: OPTIONS /api/user-stories?productId=64108a7b-0d49-4004-94dd-64a1ee68ac1c 204 0 - 0.142 ms
[2026-06-16 12:41:12:4112] [INFO]: OPTIONS /api/users?productId=64108a7b-0d49-4004-94dd-64a1ee68ac1c 204 0 - 0.293 ms
[2026-06-16 12:41:12:4112] [INFO]: OPTIONS /api/features?productId=64108a7b-0d49-4004-94dd-64a1ee68ac1c 204 0 - 0.181 ms
[2026-06-16 12:41:12:4112] [INFO]: GET /api/users?productId=64108a7b-0d49-4004-94dd-64a1ee68ac1c 304 - - 29.079 ms
[2026-06-16 12:41:12:4112] [INFO]: GET /api/user-stories?productId=64108a7b-0d49-4004-94dd-64a1ee68ac1c 500 1412 - 67.529 ms
[2026-06-16 12:41:12:4112] [INFO]: GET /api/features?productId=64108a7b-0d49-4004-94dd-64a1ee68ac1c 304 - - 73.049 ms
[2026-06-16 12:41:12:4112] [INFO]: GET /api/users?productId=64108a7b-0d49-4004-94dd-64a1ee68ac1c 304 - - 35.007 ms
[2026-06-16 12:41:12:4112] [INFO]: GET /api/user-stories?productId=64108a7b-0d49-4004-94dd-64a1ee68ac1c 500 1412 - 35.556 ms
[2026-06-16 12:41:12:4112] [INFO]: GET /api/features?productId=64108a7b-0d49-4004-94dd-64a1ee68ac1c 304 - - 31.856 ms
[2026-06-16 12:41:16:4116] [INFO]: OPTIONS /api/users/all 204 0 - 0.154 ms
[2026-06-16 12:41:16:4116] [INFO]: OPTIONS /api/products 204 0 - 0.096 ms
[2026-06-16 12:41:16:4116] [INFO]: OPTIONS /api/users/all 204 0 - 0.128 ms
[2026-06-16 12:41:16:4116] [INFO]: OPTIONS /api/products 204 0 - 0.209 ms
[2026-06-16 12:41:16:4116] [INFO]: GET /api/products 304 - - 6.373 ms
[2026-06-16 12:41:16:4116] [INFO]: GET /api/products 304 - - 11.169 ms
[2026-06-16 12:41:16:4116] [INFO]: GET /api/users/all 200 50218 - 52.841 ms
[2026-06-16 12:41:16:4116] [INFO]: GET /api/users/all 304 - - 23.941 ms
[2026-06-16 12:43:19:4319] [INFO]: ==================================================
[2026-06-16 12:43:19:4319] [INFO]: 🚀 TKS API Server with Socket.IO is running on port: 5000
[2026-06-16 12:43:19:4319] [INFO]: 🔐 Bypass MS Auth status: true
[2026-06-16 12:43:19:4319] [INFO]: ==================================================
[2026-06-16 12:43:20:4320] [INFO]: [SOCKET] User connected: Krishna Shelar (f1ed7772-c93e-4339-90de-752bdef336eb) - Socket: TMZICrv6QjuVaVirAAAC
[2026-06-16 12:43:20:4320] [INFO]: [SOCKET] User connected: Krishna Shelar (f1ed7772-c93e-4339-90de-752bdef336eb) - Socket: 97AkmgGqSjV6zYd6AAAD
[2026-06-16 12:49:50:4950] [INFO]: ==================================================
[2026-06-16 12:49:50:4950] [INFO]: 🚀 TKS API Server with Socket.IO is running on port: 5000
[2026-06-16 12:49:50:4950] [INFO]: 🔐 Bypass MS Auth status: true
[2026-06-16 12:49:50:4950] [INFO]: ==================================================
[2026-06-16 12:51:20:5120] [INFO]: POST /api/auth/microsoft 200 486 - 53.800 ms
[2026-06-16 12:51:20:5120] [INFO]: GET /api/products 200 1492 - 7.157 ms
[2026-06-16 12:51:20:5120] [INFO]: DELETE /api/user-stories?productId=64108a7b-0d49-4004-94dd-64a1ee68ac1c 200 52 - 6.613 ms
[2026-06-16 12:51:20:5120] [INFO]: GET /api/user-stories?productId=64108a7b-0d49-4004-94dd-64a1ee68ac1c 200 2 - 5.674 ms
[2026-06-16 12:51:20:5120] [INFO]: [NOTIFICATION SERVICE] Creating notification for user 491293f0-2cd9-4188-9039-b0bed39ed24f: "User Story Assigned via Import"
[2026-06-16 12:51:20:5120] [INFO]: [SOCKET] Emitting event "notification" to user room 491293f0-2cd9-4188-9039-b0bed39ed24f
[2026-06-16 12:51:20:5120] [INFO]: [NOTIFICATION SERVICE] Creating notification for user 338da384-7206-4e28-887e-4be7d30502f8: "User Story Assigned via Import"
[2026-06-16 12:51:20:5120] [INFO]: [SOCKET] Emitting event "notification" to user room 338da384-7206-4e28-887e-4be7d30502f8
[2026-06-16 12:51:20:5120] [INFO]: POST /api/user-stories/bulk 201 802 - 98.636 ms
[2026-06-16 12:51:20:5120] [INFO]: GET /api/user-stories?productId=64108a7b-0d49-4004-94dd-64a1ee68ac1c 200 1040 - 8.232 ms
[2026-06-16 12:53:00:530] [INFO]: OPTIONS /api/products 204 0 - 1.108 ms
[2026-06-16 12:53:00:530] [INFO]: OPTIONS /api/products 204 0 - 0.387 ms
[2026-06-16 12:53:00:530] [INFO]: [SOCKET] User connected: Krishna Shelar (f1ed7772-c93e-4339-90de-752bdef336eb) - Socket: wfrJwhLbLDBAe0OGAAAC
[2026-06-16 12:53:00:530] [INFO]: GET /api/products 304 - - 58.676 ms
[2026-06-16 12:53:00:530] [INFO]: [SOCKET] User connected: Krishna Shelar (f1ed7772-c93e-4339-90de-752bdef336eb) - Socket: GwWK_tYo4e7FKaE4AAAD
[2026-06-16 12:53:00:530] [INFO]: GET /api/products 304 - - 39.214 ms
[2026-06-16 12:53:00:530] [INFO]: OPTIONS /api/products/64108a7b-0d49-4004-94dd-64a1ee68ac1c/status 204 0 - 0.335 ms
[2026-06-16 12:53:00:530] [INFO]: OPTIONS /api/users?productId=64108a7b-0d49-4004-94dd-64a1ee68ac1c 204 0 - 0.274 ms
[2026-06-16 12:53:00:530] [INFO]: OPTIONS /api/users?productId=64108a7b-0d49-4004-94dd-64a1ee68ac1c 204 0 - 0.407 ms
[2026-06-16 12:53:00:530] [INFO]: GET /api/users?productId=64108a7b-0d49-4004-94dd-64a1ee68ac1c 304 - - 42.161 ms
[2026-06-16 12:53:00:530] [INFO]: GET /api/products/64108a7b-0d49-4004-94dd-64a1ee68ac1c/status 304 - - 43.869 ms
[2026-06-16 12:53:00:530] [INFO]: GET /api/users?productId=64108a7b-0d49-4004-94dd-64a1ee68ac1c 304 - - 20.773 ms
[2026-06-16 12:53:00:530] [INFO]: GET /api/products/64108a7b-0d49-4004-94dd-64a1ee68ac1c/status 304 - - 16.544 ms
[2026-06-16 12:53:00:530] [INFO]: GET /api/users?productId=64108a7b-0d49-4004-94dd-64a1ee68ac1c 304 - - 14.502 ms
[2026-06-16 12:53:00:530] [INFO]: GET /api/products/64108a7b-0d49-4004-94dd-64a1ee68ac1c/status 304 - - 14.537 ms
[2026-06-16 13:09:33:933] [INFO]: [SOCKET] User disconnected: Krishna Shelar (f1ed7772-c93e-4339-90de-752bdef336eb) - Socket: wfrJwhLbLDBAe0OGAAAC
[2026-06-16 13:09:33:933] [INFO]: [SOCKET] User disconnected: Krishna Shelar (f1ed7772-c93e-4339-90de-752bdef336eb) - Socket: GwWK_tYo4e7FKaE4AAAD
[2026-06-16 14:19:37:1937] [INFO]: OPTIONS /api/products 204 0 - 0.091 ms
[2026-06-16 14:19:37:1937] [INFO]: [SOCKET] User connected: Krishna Shelar (f1ed7772-c93e-4339-90de-752bdef336eb) - Socket: zkK7MI0XmIVneHHpAAAG
[2026-06-16 14:19:37:1937] [INFO]: GET /api/products 304 - - 6.677 ms
[2026-06-16 14:19:37:1937] [INFO]: GET /api/products 304 - - 2.071 ms
[2026-06-16 14:19:37:1937] [INFO]: [SOCKET] User connected: Krishna Shelar (f1ed7772-c93e-4339-90de-752bdef336eb) - Socket: 5rxAQCv4qcWhDZLSAAAH
[2026-06-16 14:19:37:1937] [INFO]: OPTIONS /api/products/64108a7b-0d49-4004-94dd-64a1ee68ac1c/status 204 0 - 0.106 ms
[2026-06-16 14:19:37:1937] [INFO]: OPTIONS /api/users?productId=64108a7b-0d49-4004-94dd-64a1ee68ac1c 204 0 - 0.047 ms
[2026-06-16 14:19:37:1937] [INFO]: GET /api/products/64108a7b-0d49-4004-94dd-64a1ee68ac1c/status 304 - - 3.270 ms
[2026-06-16 14:19:37:1937] [INFO]: GET /api/users?productId=64108a7b-0d49-4004-94dd-64a1ee68ac1c 304 - - 4.550 ms
[2026-06-16 14:19:37:1937] [INFO]: GET /api/products/64108a7b-0d49-4004-94dd-64a1ee68ac1c/status 304 - - 4.846 ms
[2026-06-16 14:19:37:1937] [INFO]: GET /api/users?productId=64108a7b-0d49-4004-94dd-64a1ee68ac1c 304 - - 4.309 ms
[2026-06-16 14:20:00:200] [INFO]: [SOCKET] User disconnected: Krishna Shelar (f1ed7772-c93e-4339-90de-752bdef336eb) - Socket: zkK7MI0XmIVneHHpAAAG
[2026-06-16 14:20:00:200] [INFO]: [SOCKET] User disconnected: Krishna Shelar (f1ed7772-c93e-4339-90de-752bdef336eb) - Socket: 5rxAQCv4qcWhDZLSAAAH
[2026-06-16 14:20:01:201] [INFO]: OPTIONS /api/products 204 0 - 13.923 ms
[2026-06-16 14:20:01:201] [INFO]: OPTIONS /api/products 204 0 - 0.419 ms
[2026-06-16 14:20:01:201] [INFO]: [SOCKET] User connected: Krishna Shelar (f1ed7772-c93e-4339-90de-752bdef336eb) - Socket: iUV9Jzijj_RgCZgGAAAK
[2026-06-16 14:20:01:201] [INFO]: [SOCKET] User connected: Krishna Shelar (f1ed7772-c93e-4339-90de-752bdef336eb) - Socket: fM7QfYr-A-daTfCuAAAL
[2026-06-16 14:20:01:201] [INFO]: GET /api/products 304 - - 144.963 ms
[2026-06-16 14:20:01:201] [INFO]: OPTIONS /api/products/64108a7b-0d49-4004-94dd-64a1ee68ac1c/status 204 0 - 0.185 ms
[2026-06-16 14:20:01:201] [INFO]: OPTIONS /api/users?productId=64108a7b-0d49-4004-94dd-64a1ee68ac1c 204 0 - 0.292 ms
[2026-06-16 14:20:01:201] [INFO]: OPTIONS /api/users?productId=64108a7b-0d49-4004-94dd-64a1ee68ac1c 204 0 - 0.201 ms
[2026-06-16 14:20:01:201] [INFO]: OPTIONS /api/products/64108a7b-0d49-4004-94dd-64a1ee68ac1c/status 204 0 - 0.149 ms
[2026-06-16 14:20:02:202] [INFO]: GET /api/products 304 - - 251.718 ms
[2026-06-16 14:20:02:202] [INFO]: GET /api/users?productId=64108a7b-0d49-4004-94dd-64a1ee68ac1c 304 - - 109.039 ms
[2026-06-16 14:20:02:202] [INFO]: GET /api/products/64108a7b-0d49-4004-94dd-64a1ee68ac1c/status 304 - - 185.557 ms
[2026-06-16 14:20:02:202] [INFO]: GET /api/users?productId=64108a7b-0d49-4004-94dd-64a1ee68ac1c 304 - - 87.023 ms
[2026-06-16 14:20:02:202] [INFO]: GET /api/users?productId=64108a7b-0d49-4004-94dd-64a1ee68ac1c 304 - - 22.348 ms
[2026-06-16 14:20:02:202] [INFO]: GET /api/products/64108a7b-0d49-4004-94dd-64a1ee68ac1c/status 304 - - 92.111 ms
[2026-06-16 14:20:02:202] [INFO]: GET /api/products/64108a7b-0d49-4004-94dd-64a1ee68ac1c/status 304 - - 59.590 ms
[2026-06-16 14:20:12:2012] [INFO]: OPTIONS /api/users/all 204 0 - 0.331 ms
[2026-06-16 14:20:12:2012] [INFO]: OPTIONS /api/products 204 0 - 0.100 ms
[2026-06-16 14:20:12:2012] [INFO]: OPTIONS /api/users/all 204 0 - 0.119 ms
[2026-06-16 14:20:12:2012] [INFO]: OPTIONS /api/products 204 0 - 0.088 ms
[2026-06-16 14:20:12:2012] [INFO]: GET /api/products 304 - - 26.072 ms
[2026-06-16 14:20:12:2012] [INFO]: GET /api/users/all 200 50294 - 88.141 ms
[2026-06-16 14:20:12:2012] [INFO]: GET /api/products 304 - - 52.617 ms
[2026-06-16 14:20:12:2012] [INFO]: GET /api/users/all 304 - - 58.089 ms
[2026-06-16 14:20:18:2018] [INFO]: OPTIONS /api/products/64108a7b-0d49-4004-94dd-64a1ee68ac1c/status 204 0 - 0.148 ms
[2026-06-16 14:20:18:2018] [INFO]: OPTIONS /api/users?productId=64108a7b-0d49-4004-94dd-64a1ee68ac1c 204 0 - 0.120 ms
[2026-06-16 14:20:18:2018] [INFO]: OPTIONS /api/products/64108a7b-0d49-4004-94dd-64a1ee68ac1c/status 204 0 - 0.078 ms
[2026-06-16 14:20:18:2018] [INFO]: OPTIONS /api/users?productId=64108a7b-0d49-4004-94dd-64a1ee68ac1c 204 0 - 0.139 ms
[2026-06-16 14:20:18:2018] [INFO]: GET /api/users?productId=64108a7b-0d49-4004-94dd-64a1ee68ac1c 304 - - 9.268 ms
[2026-06-16 14:20:18:2018] [INFO]: GET /api/products/64108a7b-0d49-4004-94dd-64a1ee68ac1c/status 304 - - 15.459 ms
[2026-06-16 14:20:18:2018] [INFO]: GET /api/users?productId=64108a7b-0d49-4004-94dd-64a1ee68ac1c 304 - - 33.697 ms
[2026-06-16 14:20:18:2018] [INFO]: GET /api/products/64108a7b-0d49-4004-94dd-64a1ee68ac1c/status 304 - - 73.188 ms
[2026-06-16 14:22:49:2249] [INFO]: [SOCKET] User disconnected: Krishna Shelar (f1ed7772-c93e-4339-90de-752bdef336eb) - Socket: iUV9Jzijj_RgCZgGAAAK
[2026-06-16 14:22:49:2249] [INFO]: [SOCKET] User disconnected: Krishna Shelar (f1ed7772-c93e-4339-90de-752bdef336eb) - Socket: fM7QfYr-A-daTfCuAAAL
[2026-06-16 14:22:49:2249] [INFO]: OPTIONS /api/products 204 0 - 0.183 ms
[2026-06-16 14:22:49:2249] [INFO]: GET /api/products 304 - - 14.822 ms
[2026-06-16 14:22:49:2249] [INFO]: [SOCKET] User connected: Krishna Shelar (f1ed7772-c93e-4339-90de-752bdef336eb) - Socket: LK5fPXh9stmVp4xwAAAO
[2026-06-16 14:22:49:2249] [INFO]: [SOCKET] User connected: Krishna Shelar (f1ed7772-c93e-4339-90de-752bdef336eb) - Socket: BK1hEbUcLUZQGymFAAAP
[2026-06-16 14:22:49:2249] [INFO]: GET /api/products 304 - - 35.027 ms
[2026-06-16 14:22:49:2249] [INFO]: OPTIONS /api/products/64108a7b-0d49-4004-94dd-64a1ee68ac1c/status 204 0 - 0.238 ms
[2026-06-16 14:22:49:2249] [INFO]: OPTIONS /api/users?productId=64108a7b-0d49-4004-94dd-64a1ee68ac1c 204 0 - 0.238 ms
[2026-06-16 14:22:49:2249] [INFO]: OPTIONS /api/users?productId=64108a7b-0d49-4004-94dd-64a1ee68ac1c 204 0 - 0.163 ms
[2026-06-16 14:22:49:2249] [INFO]: OPTIONS /api/products/64108a7b-0d49-4004-94dd-64a1ee68ac1c/status 204 0 - 0.130 ms
[2026-06-16 14:22:49:2249] [INFO]: GET /api/products/64108a7b-0d49-4004-94dd-64a1ee68ac1c/status 304 - - 27.678 ms
[2026-06-16 14:22:49:2249] [INFO]: GET /api/users?productId=64108a7b-0d49-4004-94dd-64a1ee68ac1c 304 - - 24.365 ms
[2026-06-16 14:22:49:2249] [INFO]: GET /api/products/64108a7b-0d49-4004-94dd-64a1ee68ac1c/status 304 - - 29.212 ms
[2026-06-16 14:22:49:2249] [INFO]: GET /api/users?productId=64108a7b-0d49-4004-94dd-64a1ee68ac1c 304 - - 19.095 ms
[2026-06-16 14:22:49:2249] [INFO]: GET /api/products/64108a7b-0d49-4004-94dd-64a1ee68ac1c/status 304 - - 18.850 ms
[2026-06-16 14:22:49:2249] [INFO]: GET /api/users?productId=64108a7b-0d49-4004-94dd-64a1ee68ac1c 304 - - 9.802 ms
[2026-06-16 14:26:13:2613] [INFO]: ==================================================
[2026-06-16 14:26:13:2613] [INFO]: 🚀 TKS API Server with Socket.IO is running on port: 5000
[2026-06-16 14:26:13:2613] [INFO]: 🔐 Bypass MS Auth status: true
[2026-06-16 14:26:13:2613] [INFO]: ==================================================
[2026-06-16 14:26:13:2613] [INFO]: [SOCKET] User connected: Krishna Shelar (f1ed7772-c93e-4339-90de-752bdef336eb) - Socket: HIONBe1O5BivgacdAAAB
[2026-06-16 14:26:14:2614] [INFO]: [SOCKET] User connected: Krishna Shelar (f1ed7772-c93e-4339-90de-752bdef336eb) - Socket: UF0VntmcH4Paj5kUAAAD
[2026-06-16 14:28:02:282] [INFO]: ==================================================
[2026-06-16 14:28:02:282] [INFO]: 🚀 TKS API Server with Socket.IO is running on port: 5000
[2026-06-16 14:28:02:282] [INFO]: 🔐 Bypass MS Auth status: true
[2026-06-16 14:28:02:282] [INFO]: ==================================================
[2026-06-16 14:28:03:283] [INFO]: [SOCKET] User connected: Krishna Shelar (f1ed7772-c93e-4339-90de-752bdef336eb) - Socket: mTWqoymtGxrl9JwdAAAB
[2026-06-16 14:28:04:284] [INFO]: [SOCKET] User connected: Krishna Shelar (f1ed7772-c93e-4339-90de-752bdef336eb) - Socket: vX0xBwFrW-dTZD64AAAD
[2026-06-16 14:28:08:288] [INFO]: POST /api/auth/microsoft 200 486 - 72.479 ms
[2026-06-16 14:28:08:288] [INFO]: GET /api/users/all 200 50294 - 20.648 ms
[2026-06-16 14:28:30:2830] [INFO]: ==================================================
[2026-06-16 14:28:30:2830] [INFO]: 🚀 TKS API Server with Socket.IO is running on port: 5000
[2026-06-16 14:28:30:2830] [INFO]: 🔐 Bypass MS Auth status: true
[2026-06-16 14:28:30:2830] [INFO]: ==================================================
[2026-06-16 14:28:31:2831] [INFO]: [SOCKET] User connected: Krishna Shelar (f1ed7772-c93e-4339-90de-752bdef336eb) - Socket: cxBnGlrUBlbyLfSbAAAB
[2026-06-16 14:28:32:2832] [INFO]: [SOCKET] User connected: Krishna Shelar (f1ed7772-c93e-4339-90de-752bdef336eb) - Socket: bGEWqE4S4c02UICIAAAD
[2026-06-16 14:29:41:2941] [INFO]: POST /api/auth/microsoft 200 44335 - 45.921 ms
[2026-06-16 14:29:41:2941] [INFO]: GET /api/products 200 1492 - 4.926 ms
[2026-06-16 14:29:41:2941] [INFO]: POST /api/products 201 191 - 138.193 ms
[2026-06-16 14:30:04:304] [INFO]: POST /api/auth/microsoft 200 44335 - 3.925 ms
[2026-06-16 14:30:04:304] [INFO]: GET /api/products 200 1684 - 3.921 ms
[2026-06-16 14:33:16:3316] [INFO]: ==================================================
[2026-06-16 14:33:16:3316] [INFO]: 🚀 TKS API Server with Socket.IO is running on port: 5000
[2026-06-16 14:33:16:3316] [INFO]: 🔐 Bypass MS Auth status: true
[2026-06-16 14:33:16:3316] [INFO]: ==================================================
[2026-06-16 14:33:17:3317] [INFO]: [SOCKET] User connected: Krishna Shelar (f1ed7772-c93e-4339-90de-752bdef336eb) - Socket: NADhCA0K1hkMpJ76AAAC
[2026-06-16 14:33:17:3317] [INFO]: [SOCKET] User connected: Krishna Shelar (f1ed7772-c93e-4339-90de-752bdef336eb) - Socket: 2fwBPNmy0-gl3Tp9AAAD
[2026-06-16 14:33:25:3325] [INFO]: ==================================================
[2026-06-16 14:33:25:3325] [INFO]: 🚀 TKS API Server with Socket.IO is running on port: 5000
[2026-06-16 14:33:25:3325] [INFO]: 🔐 Bypass MS Auth status: true
[2026-06-16 14:33:25:3325] [INFO]: ==================================================
[2026-06-16 14:33:25:3325] [INFO]: [SOCKET] User connected: Krishna Shelar (f1ed7772-c93e-4339-90de-752bdef336eb) - Socket: MauWEitKd4Vm4-LJAAAB
[2026-06-16 14:33:27:3327] [INFO]: [SOCKET] User connected: Krishna Shelar (f1ed7772-c93e-4339-90de-752bdef336eb) - Socket: _255Ec7c6E6z1mWZAAAD
[2026-06-16 14:33:36:3336] [INFO]: ==================================================
[2026-06-16 14:33:36:3336] [INFO]: 🚀 TKS API Server with Socket.IO is running on port: 5000
[2026-06-16 14:33:36:3336] [INFO]: 🔐 Bypass MS Auth status: true
[2026-06-16 14:33:36:3336] [INFO]: ==================================================
[2026-06-16 14:33:37:3337] [INFO]: [SOCKET] User connected: Krishna Shelar (f1ed7772-c93e-4339-90de-752bdef336eb) - Socket: -ofD_MnAOrDTshejAAAB
[2026-06-16 14:33:38:3338] [INFO]: [SOCKET] User connected: Krishna Shelar (f1ed7772-c93e-4339-90de-752bdef336eb) - Socket: r1zczvgOvWA2RHmHAAAD
[2026-06-16 14:34:37:3437] [INFO]: POST /api/auth/microsoft 200 44335 - 47.361 ms
[2026-06-16 14:34:37:3437] [INFO]: GET /api/products 200 1684 - 5.461 ms
[2026-06-16 14:34:46:3446] [INFO]: ==================================================
[2026-06-16 14:34:46:3446] [INFO]: 🚀 TKS API Server with Socket.IO is running on port: 5000
[2026-06-16 14:34:46:3446] [INFO]: 🔐 Bypass MS Auth status: true
[2026-06-16 14:34:46:3446] [INFO]: ==================================================
[2026-06-16 14:34:49:3449] [INFO]: [SOCKET] User connected: Krishna Shelar (f1ed7772-c93e-4339-90de-752bdef336eb) - Socket: jhNbvuFN6Gz5mtUMAAAC
[2026-06-16 14:34:49:3449] [INFO]: [SOCKET] User connected: Krishna Shelar (f1ed7772-c93e-4339-90de-752bdef336eb) - Socket: 3obdmM6iaI3wGRgfAAAD
[2026-06-16 14:36:10:3610] [INFO]: POST /api/auth/microsoft 200 486 - 44.517 ms
[2026-06-16 14:36:10:3610] [INFO]: GET /api/products 200 1684 - 6.206 ms
[2026-06-16 14:36:10:3610] [INFO]: DELETE /api/user-stories?productId=64108a7b-0d49-4004-94dd-64a1ee68ac1c 200 52 - 21.913 ms
[2026-06-16 14:36:10:3610] [INFO]: GET /api/user-stories?productId=64108a7b-0d49-4004-94dd-64a1ee68ac1c 200 2 - 9.315 ms
[2026-06-16 14:36:10:3610] [INFO]: [NOTIFICATION SERVICE] Creating notification for user 491293f0-2cd9-4188-9039-b0bed39ed24f: "User Story Assigned via Import"
[2026-06-16 14:36:10:3610] [INFO]: [SOCKET] Emitting event "notification" to user room 491293f0-2cd9-4188-9039-b0bed39ed24f
[2026-06-16 14:36:10:3610] [INFO]: [NOTIFICATION SERVICE] Creating notification for user 338da384-7206-4e28-887e-4be7d30502f8: "User Story Assigned via Import"
[2026-06-16 14:36:10:3610] [INFO]: [SOCKET] Emitting event "notification" to user room 338da384-7206-4e28-887e-4be7d30502f8
[2026-06-16 14:36:10:3610] [INFO]: POST /api/user-stories/bulk 201 802 - 120.010 ms
[2026-06-16 14:36:10:3610] [INFO]: GET /api/user-stories?productId=64108a7b-0d49-4004-94dd-64a1ee68ac1c 200 1040 - 6.110 ms
[2026-06-16 14:36:33:3633] [INFO]: ==================================================
[2026-06-16 14:36:33:3633] [INFO]: 🚀 TKS API Server with Socket.IO is running on port: 5000
[2026-06-16 14:36:33:3633] [INFO]: 🔐 Bypass MS Auth status: true
[2026-06-16 14:36:33:3633] [INFO]: ==================================================
[2026-06-16 14:36:34:3634] [INFO]: [SOCKET] User connected: Krishna Shelar (f1ed7772-c93e-4339-90de-752bdef336eb) - Socket: llBWUF-r19MdUrFCAAAB
[2026-06-16 14:36:35:3635] [INFO]: [SOCKET] User connected: Krishna Shelar (f1ed7772-c93e-4339-90de-752bdef336eb) - Socket: dz4Eaqn52lNDMu4OAAAD
[2026-06-16 14:36:54:3654] [INFO]: ==================================================
[2026-06-16 14:36:54:3654] [INFO]: 🚀 TKS API Server with Socket.IO is running on port: 5000
[2026-06-16 14:36:54:3654] [INFO]: 🔐 Bypass MS Auth status: true
[2026-06-16 14:36:54:3654] [INFO]: ==================================================
[2026-06-16 14:36:55:3655] [INFO]: [SOCKET] User connected: Krishna Shelar (f1ed7772-c93e-4339-90de-752bdef336eb) - Socket: wocqnY2favO42jSOAAAB
[2026-06-16 14:36:56:3656] [INFO]: [SOCKET] User connected: Krishna Shelar (f1ed7772-c93e-4339-90de-752bdef336eb) - Socket: FMqKOIRq18k6hbH_AAAD
[2026-06-16 14:37:05:375] [INFO]: POST /api/auth/microsoft 200 44335 - 51.409 ms
[2026-06-16 14:37:17:3717] [INFO]: ==================================================
[2026-06-16 14:37:17:3717] [INFO]: 🚀 TKS API Server with Socket.IO is running on port: 5000
[2026-06-16 14:37:17:3717] [INFO]: 🔐 Bypass MS Auth status: true
[2026-06-16 14:37:17:3717] [INFO]: ==================================================
[2026-06-16 14:37:17:3717] [INFO]: [SOCKET] User connected: Krishna Shelar (f1ed7772-c93e-4339-90de-752bdef336eb) - Socket: p8bJyV_RoEASCJXLAAAB
[2026-06-16 14:37:18:3718] [INFO]: [SOCKET] User connected: Krishna Shelar (f1ed7772-c93e-4339-90de-752bdef336eb) - Socket: 0Hqhg9XSZmJnahKsAAAD
[2026-06-16 14:44:09:449] [INFO]: [SOCKET] User disconnected: Krishna Shelar (f1ed7772-c93e-4339-90de-752bdef336eb) - Socket: p8bJyV_RoEASCJXLAAAB
[2026-06-16 14:44:09:449] [INFO]: [SOCKET] User disconnected: Krishna Shelar (f1ed7772-c93e-4339-90de-752bdef336eb) - Socket: 0Hqhg9XSZmJnahKsAAAD
[2026-06-16 14:44:10:4410] [INFO]: OPTIONS /api/products 204 0 - 1.575 ms
[2026-06-16 14:44:10:4410] [INFO]: OPTIONS /api/products 204 0 - 0.444 ms
[2026-06-16 14:44:10:4410] [INFO]: [SOCKET] User connected: Krishna Shelar (f1ed7772-c93e-4339-90de-752bdef336eb) - Socket: nFpubw9U-ErWOFocAAAG
[2026-06-16 14:44:10:4410] [INFO]: [SOCKET] User connected: Krishna Shelar (f1ed7772-c93e-4339-90de-752bdef336eb) - Socket: zlQlDl8J6pTe5yIaAAAH
[2026-06-16 14:44:10:4410] [INFO]: GET /api/products 200 1684 - 191.940 ms
[2026-06-16 14:44:10:4410] [INFO]: GET /api/products 304 - - 18.962 ms
[2026-06-16 14:44:10:4410] [INFO]: OPTIONS /api/products/64108a7b-0d49-4004-94dd-64a1ee68ac1c/status 204 0 - 0.315 ms
[2026-06-16 14:44:10:4410] [INFO]: OPTIONS /api/users?productId=64108a7b-0d49-4004-94dd-64a1ee68ac1c 204 0 - 0.416 ms
[2026-06-16 14:44:10:4410] [INFO]: OPTIONS /api/users?productId=64108a7b-0d49-4004-94dd-64a1ee68ac1c 204 0 - 0.437 ms
[2026-06-16 14:44:10:4410] [INFO]: GET /api/users?productId=64108a7b-0d49-4004-94dd-64a1ee68ac1c 304 - - 62.667 ms
[2026-06-16 14:44:10:4410] [INFO]: GET /api/products/64108a7b-0d49-4004-94dd-64a1ee68ac1c/status 304 - - 65.224 ms
[2026-06-16 14:44:10:4410] [INFO]: GET /api/users?productId=64108a7b-0d49-4004-94dd-64a1ee68ac1c 304 - - 24.361 ms
[2026-06-16 14:44:10:4410] [INFO]: GET /api/products/64108a7b-0d49-4004-94dd-64a1ee68ac1c/status 304 - - 40.754 ms
[2026-06-16 14:44:10:4410] [INFO]: GET /api/users?productId=64108a7b-0d49-4004-94dd-64a1ee68ac1c 304 - - 31.639 ms
[2026-06-16 14:44:10:4410] [INFO]: GET /api/products/64108a7b-0d49-4004-94dd-64a1ee68ac1c/status 304 - - 27.209 ms
[2026-06-16 14:44:12:4412] [INFO]: OPTIONS /api/features?productId=64108a7b-0d49-4004-94dd-64a1ee68ac1c 204 0 - 0.160 ms
[2026-06-16 14:44:12:4412] [INFO]: OPTIONS /api/features?productId=64108a7b-0d49-4004-94dd-64a1ee68ac1c 204 0 - 0.144 ms
[2026-06-16 14:44:12:4412] [INFO]: GET /api/users?productId=64108a7b-0d49-4004-94dd-64a1ee68ac1c 304 - - 22.521 ms
[2026-06-16 14:44:12:4412] [INFO]: GET /api/features?productId=64108a7b-0d49-4004-94dd-64a1ee68ac1c 304 - - 27.038 ms
[2026-06-16 14:44:12:4412] [INFO]: GET /api/users?productId=64108a7b-0d49-4004-94dd-64a1ee68ac1c 304 - - 11.712 ms
[2026-06-16 14:44:12:4412] [INFO]: GET /api/features?productId=64108a7b-0d49-4004-94dd-64a1ee68ac1c 304 - - 18.686 ms
[2026-06-16 14:44:13:4413] [INFO]: GET /api/users?productId=64108a7b-0d49-4004-94dd-64a1ee68ac1c 304 - - 4.869 ms
[2026-06-16 14:44:13:4413] [INFO]: GET /api/products/64108a7b-0d49-4004-94dd-64a1ee68ac1c/status 304 - - 8.482 ms
[2026-06-16 14:44:13:4413] [INFO]: GET /api/users?productId=64108a7b-0d49-4004-94dd-64a1ee68ac1c 304 - - 7.444 ms
[2026-06-16 14:44:13:4413] [INFO]: GET /api/products/64108a7b-0d49-4004-94dd-64a1ee68ac1c/status 304 - - 14.337 ms
[2026-06-16 14:44:21:4421] [INFO]: OPTIONS /api/products/f7ee01f0-b321-4c52-bcbd-495eb16982ba/status 204 0 - 0.601 ms
[2026-06-16 14:44:21:4421] [INFO]: OPTIONS /api/users?productId=f7ee01f0-b321-4c52-bcbd-495eb16982ba 204 0 - 0.151 ms
[2026-06-16 14:44:21:4421] [INFO]: GET /api/users?productId=f7ee01f0-b321-4c52-bcbd-495eb16982ba 200 2 - 7.209 ms
[2026-06-16 14:44:21:4421] [INFO]: GET /api/products/f7ee01f0-b321-4c52-bcbd-495eb16982ba/status 200 2 - 11.392 ms
[2026-06-16 14:44:24:4424] [INFO]: OPTIONS /api/products/f7ee01f0-b321-4c52-bcbd-495eb16982ba 204 0 - 0.842 ms
[2026-06-16 14:44:24:4424] [INFO]: DELETE /api/products/f7ee01f0-b321-4c52-bcbd-495eb16982ba 200 43 - 38.728 ms
[2026-06-16 14:44:24:4424] [INFO]: OPTIONS /api/products/64108a7b-0d49-4004-94dd-64a1ee68ac1c/status 204 0 - 0.474 ms
[2026-06-16 14:44:24:4424] [INFO]: OPTIONS /api/users?productId=64108a7b-0d49-4004-94dd-64a1ee68ac1c 204 0 - 0.218 ms
[2026-06-16 14:44:24:4424] [INFO]: GET /api/users?productId=64108a7b-0d49-4004-94dd-64a1ee68ac1c 304 - - 11.367 ms
[2026-06-16 14:44:24:4424] [INFO]: GET /api/products/64108a7b-0d49-4004-94dd-64a1ee68ac1c/status 304 - - 20.295 ms
[2026-06-16 14:44:34:4434] [INFO]: OPTIONS /api/products 204 0 - 0.196 ms
[2026-06-16 14:44:34:4434] [INFO]: POST /api/products 201 161 - 297.707 ms
[2026-06-16 14:44:34:4434] [INFO]: OPTIONS /api/products/3f9b9498-9f75-428a-a913-c12aaba206d1/status 204 0 - 0.360 ms
[2026-06-16 14:44:34:4434] [INFO]: OPTIONS /api/users?productId=3f9b9498-9f75-428a-a913-c12aaba206d1 204 0 - 0.240 ms
[2026-06-16 14:44:35:4435] [INFO]: GET /api/users?productId=3f9b9498-9f75-428a-a913-c12aaba206d1 200 2 - 11.756 ms
[2026-06-16 14:44:35:4435] [INFO]: GET /api/products/3f9b9498-9f75-428a-a913-c12aaba206d1/status 200 2 - 26.220 ms
[2026-06-16 14:45:10:4510] [INFO]: OPTIONS /api/products 204 0 - 0.119 ms
[2026-06-16 14:45:10:4510] [INFO]: POST /api/products 201 171 - 37.011 ms
[2026-06-16 14:45:10:4510] [INFO]: OPTIONS /api/products/3f47af6d-c2a1-41e2-8cb4-b322b5a6a9b7/status 204 0 - 0.327 ms
[2026-06-16 14:45:10:4510] [INFO]: OPTIONS /api/users?productId=3f47af6d-c2a1-41e2-8cb4-b322b5a6a9b7 204 0 - 0.172 ms
[2026-06-16 14:45:10:4510] [INFO]: GET /api/users?productId=3f47af6d-c2a1-41e2-8cb4-b322b5a6a9b7 200 2 - 11.748 ms
[2026-06-16 14:45:10:4510] [INFO]: GET /api/products/3f47af6d-c2a1-41e2-8cb4-b322b5a6a9b7/status 200 2 - 28.514 ms
[2026-06-16 14:45:13:4513] [INFO]: [SOCKET] User disconnected: Krishna Shelar (f1ed7772-c93e-4339-90de-752bdef336eb) - Socket: zlQlDl8J6pTe5yIaAAAH
[2026-06-16 14:45:13:4513] [INFO]: [SOCKET] User disconnected: Krishna Shelar (f1ed7772-c93e-4339-90de-752bdef336eb) - Socket: nFpubw9U-ErWOFocAAAG
[2026-06-16 14:45:13:4513] [INFO]: GET /api/products 200 1826 - 8.723 ms
[2026-06-16 14:45:13:4513] [INFO]: GET /api/products 304 - - 7.292 ms
[2026-06-16 14:45:14:4514] [INFO]: [SOCKET] User connected: Krishna Shelar (f1ed7772-c93e-4339-90de-752bdef336eb) - Socket: LM6f0d0hcFQjJqgmAAAK
[2026-06-16 14:45:14:4514] [INFO]: [SOCKET] User connected: Krishna Shelar (f1ed7772-c93e-4339-90de-752bdef336eb) - Socket: Ogb8NySLT5IIsu12AAAL
[2026-06-16 14:45:14:4514] [INFO]: GET /api/users?productId=3f47af6d-c2a1-41e2-8cb4-b322b5a6a9b7 304 - - 16.140 ms
[2026-06-16 14:45:14:4514] [INFO]: GET /api/products/3f47af6d-c2a1-41e2-8cb4-b322b5a6a9b7/status 304 - - 32.092 ms
[2026-06-16 14:45:14:4514] [INFO]: GET /api/users?productId=3f47af6d-c2a1-41e2-8cb4-b322b5a6a9b7 304 - - 17.846 ms
[2026-06-16 14:45:14:4514] [INFO]: GET /api/products/3f47af6d-c2a1-41e2-8cb4-b322b5a6a9b7/status 304 - - 22.755 ms
[2026-06-16 14:45:15:4515] [INFO]: [SOCKET] User disconnected: Krishna Shelar (f1ed7772-c93e-4339-90de-752bdef336eb) - Socket: LM6f0d0hcFQjJqgmAAAK
[2026-06-16 14:45:15:4515] [INFO]: [SOCKET] User disconnected: Krishna Shelar (f1ed7772-c93e-4339-90de-752bdef336eb) - Socket: Ogb8NySLT5IIsu12AAAL
[2026-06-16 14:45:15:4515] [INFO]: OPTIONS /api/products 204 0 - 0.139 ms
[2026-06-16 14:45:15:4515] [INFO]: OPTIONS /api/products 204 0 - 0.274 ms
[2026-06-16 14:45:15:4515] [INFO]: GET /api/products 304 - - 9.748 ms
[2026-06-16 14:45:15:4515] [INFO]: [SOCKET] User connected: Krishna Shelar (f1ed7772-c93e-4339-90de-752bdef336eb) - Socket: GML8v57IFBv79q8bAAAO
[2026-06-16 14:45:15:4515] [INFO]: GET /api/products 304 - - 13.605 ms
[2026-06-16 14:45:15:4515] [INFO]: [SOCKET] User connected: Krishna Shelar (f1ed7772-c93e-4339-90de-752bdef336eb) - Socket: tsoqiT4gyW0ESRXkAAAP
[2026-06-16 14:45:15:4515] [INFO]: OPTIONS /api/products/3f47af6d-c2a1-41e2-8cb4-b322b5a6a9b7/status 204 0 - 0.193 ms
[2026-06-16 14:45:15:4515] [INFO]: OPTIONS /api/users?productId=3f47af6d-c2a1-41e2-8cb4-b322b5a6a9b7 204 0 - 0.215 ms
[2026-06-16 14:45:15:4515] [INFO]: OPTIONS /api/users?productId=3f47af6d-c2a1-41e2-8cb4-b322b5a6a9b7 204 0 - 0.145 ms
[2026-06-16 14:45:15:4515] [INFO]: GET /api/users?productId=3f47af6d-c2a1-41e2-8cb4-b322b5a6a9b7 304 - - 12.600 ms
[2026-06-16 14:45:15:4515] [INFO]: GET /api/products/3f47af6d-c2a1-41e2-8cb4-b322b5a6a9b7/status 304 - - 24.631 ms
[2026-06-16 14:45:15:4515] [INFO]: GET /api/users?productId=3f47af6d-c2a1-41e2-8cb4-b322b5a6a9b7 304 - - 8.145 ms
[2026-06-16 14:45:16:4516] [INFO]: GET /api/products/3f47af6d-c2a1-41e2-8cb4-b322b5a6a9b7/status 304 - - 18.249 ms
[2026-06-16 14:45:16:4516] [INFO]: GET /api/users?productId=3f47af6d-c2a1-41e2-8cb4-b322b5a6a9b7 304 - - 15.186 ms
[2026-06-16 14:45:16:4516] [INFO]: GET /api/products/3f47af6d-c2a1-41e2-8cb4-b322b5a6a9b7/status 304 - - 11.096 ms
[2026-06-16 14:45:20:4520] [INFO]: [SOCKET] User disconnected: Krishna Shelar (f1ed7772-c93e-4339-90de-752bdef336eb) - Socket: tsoqiT4gyW0ESRXkAAAP
[2026-06-16 14:45:20:4520] [INFO]: [SOCKET] User disconnected: Krishna Shelar (f1ed7772-c93e-4339-90de-752bdef336eb) - Socket: GML8v57IFBv79q8bAAAO
[2026-06-16 14:45:33:4533] [INFO]: OPTIONS /api/auth/microsoft 204 0 - 0.125 ms
[2026-06-16 14:45:33:4533] [INFO]: POST /api/auth/microsoft 200 44335 - 13.974 ms
[2026-06-16 14:45:33:4533] [INFO]: OPTIONS /api/products 204 0 - 0.206 ms
[2026-06-16 14:45:33:4533] [INFO]: OPTIONS /api/products 204 0 - 0.321 ms
[2026-06-16 14:45:33:4533] [INFO]: GET /api/products 304 - - 14.190 ms
[2026-06-16 14:45:33:4533] [INFO]: GET /api/products 304 - - 17.645 ms
[2026-06-16 14:45:33:4533] [INFO]: [SOCKET] User connected: Krishna Shelar (f1ed7772-c93e-4339-90de-752bdef336eb) - Socket: 4R75KUL6mt9F6BubAAAS
[2026-06-16 14:45:33:4533] [INFO]: [SOCKET] User connected: Krishna Shelar (f1ed7772-c93e-4339-90de-752bdef336eb) - Socket: 5cTrUAPYUk8sagqMAAAT
[2026-06-16 14:45:33:4533] [INFO]: OPTIONS /api/products/3f47af6d-c2a1-41e2-8cb4-b322b5a6a9b7/status 204 0 - 0.162 ms
[2026-06-16 14:45:33:4533] [INFO]: OPTIONS /api/users?productId=3f47af6d-c2a1-41e2-8cb4-b322b5a6a9b7 204 0 - 0.172 ms
[2026-06-16 14:45:33:4533] [INFO]: OPTIONS /api/users?productId=3f47af6d-c2a1-41e2-8cb4-b322b5a6a9b7 204 0 - 0.175 ms
[2026-06-16 14:45:33:4533] [INFO]: GET /api/products/3f47af6d-c2a1-41e2-8cb4-b322b5a6a9b7/status 304 - - 25.753 ms
[2026-06-16 14:45:33:4533] [INFO]: GET /api/users?productId=3f47af6d-c2a1-41e2-8cb4-b322b5a6a9b7 304 - - 17.510 ms
[2026-06-16 14:45:33:4533] [INFO]: GET /api/users?productId=3f47af6d-c2a1-41e2-8cb4-b322b5a6a9b7 304 - - 12.375 ms
[2026-06-16 14:45:33:4533] [INFO]: GET /api/products/3f47af6d-c2a1-41e2-8cb4-b322b5a6a9b7/status 304 - - 24.309 ms
[2026-06-16 14:45:38:4538] [INFO]: OPTIONS /api/products/3f9b9498-9f75-428a-a913-c12aaba206d1/status 204 0 - 0.157 ms
[2026-06-16 14:45:38:4538] [INFO]: OPTIONS /api/users?productId=3f9b9498-9f75-428a-a913-c12aaba206d1 204 0 - 0.136 ms
[2026-06-16 14:45:38:4538] [INFO]: GET /api/users?productId=3f9b9498-9f75-428a-a913-c12aaba206d1 304 - - 10.952 ms
[2026-06-16 14:45:38:4538] [INFO]: GET /api/products/3f9b9498-9f75-428a-a913-c12aaba206d1/status 304 - - 16.331 ms
[2026-06-16 14:45:42:4542] [INFO]: OPTIONS /api/products/3f47af6d-c2a1-41e2-8cb4-b322b5a6a9b7/status 204 0 - 0.139 ms
[2026-06-16 14:45:42:4542] [INFO]: OPTIONS /api/users?productId=3f47af6d-c2a1-41e2-8cb4-b322b5a6a9b7 204 0 - 0.154 ms
[2026-06-16 14:45:42:4542] [INFO]: GET /api/users?productId=3f47af6d-c2a1-41e2-8cb4-b322b5a6a9b7 304 - - 8.129 ms
[2026-06-16 14:45:42:4542] [INFO]: GET /api/products/3f47af6d-c2a1-41e2-8cb4-b322b5a6a9b7/status 304 - - 13.188 ms
[2026-06-16 14:45:46:4546] [INFO]: [SOCKET] User disconnected: Krishna Shelar (f1ed7772-c93e-4339-90de-752bdef336eb) - Socket: 4R75KUL6mt9F6BubAAAS
[2026-06-16 14:45:46:4546] [INFO]: [SOCKET] User disconnected: Krishna Shelar (f1ed7772-c93e-4339-90de-752bdef336eb) - Socket: 5cTrUAPYUk8sagqMAAAT
[2026-06-16 14:45:46:4546] [INFO]: OPTIONS /api/products 204 0 - 0.182 ms
[2026-06-16 14:45:46:4546] [INFO]: GET /api/products 304 - - 7.592 ms
[2026-06-16 14:45:46:4546] [INFO]: GET /api/products 304 - - 8.210 ms
[2026-06-16 14:45:46:4546] [INFO]: [SOCKET] User connected: Krishna Shelar (f1ed7772-c93e-4339-90de-752bdef336eb) - Socket: 7jmgOeTQv9z6j_6vAAAW
[2026-06-16 14:45:46:4546] [INFO]: [SOCKET] User connected: Krishna Shelar (f1ed7772-c93e-4339-90de-752bdef336eb) - Socket: 7pUDI-nYiY8ggK4_AAAX
[2026-06-16 14:45:46:4546] [INFO]: GET /api/users?productId=3f47af6d-c2a1-41e2-8cb4-b322b5a6a9b7 304 - - 11.289 ms
[2026-06-16 14:45:46:4546] [INFO]: GET /api/products/3f47af6d-c2a1-41e2-8cb4-b322b5a6a9b7/status 304 - - 19.580 ms
[2026-06-16 14:45:46:4546] [INFO]: GET /api/users?productId=3f47af6d-c2a1-41e2-8cb4-b322b5a6a9b7 304 - - 15.910 ms
[2026-06-16 14:45:46:4546] [INFO]: GET /api/products/3f47af6d-c2a1-41e2-8cb4-b322b5a6a9b7/status 304 - - 15.642 ms
[2026-06-16 14:45:46:4546] [INFO]: GET /api/users?productId=3f47af6d-c2a1-41e2-8cb4-b322b5a6a9b7 304 - - 19.006 ms
[2026-06-16 14:45:46:4546] [INFO]: GET /api/products/3f47af6d-c2a1-41e2-8cb4-b322b5a6a9b7/status 304 - - 22.421 ms
[2026-06-16 14:45:48:4548] [INFO]: OPTIONS /api/users/all 204 0 - 0.113 ms
[2026-06-16 14:45:48:4548] [INFO]: OPTIONS /api/users/all 204 0 - 0.080 ms
[2026-06-16 14:45:48:4548] [INFO]: GET /api/products 304 - - 5.520 ms
[2026-06-16 14:45:48:4548] [INFO]: GET /api/products 304 - - 6.502 ms
[2026-06-16 14:45:48:4548] [INFO]: GET /api/users/all 304 - - 27.577 ms
[2026-06-16 14:45:48:4548] [INFO]: GET /api/users/all 304 - - 20.515 ms
[2026-06-16 14:56:48:5648] [INFO]: ==================================================
[2026-06-16 14:56:48:5648] [INFO]: 🚀 TKS API Server with Socket.IO is running on port: 5000
[2026-06-16 14:56:48:5648] [INFO]: 🔐 Bypass MS Auth status: true
[2026-06-16 14:56:48:5648] [INFO]: ==================================================
[2026-06-16 14:56:49:5649] [INFO]: [SOCKET] User connected: Krishna Shelar (f1ed7772-c93e-4339-90de-752bdef336eb) - Socket: lNCsLjPag_c13SytAAAB
[2026-06-16 14:56:49:5649] [INFO]: [SOCKET] User connected: Krishna Shelar (f1ed7772-c93e-4339-90de-752bdef336eb) - Socket: ka5aJeFrxR_A3u3IAAAD
[2026-06-16 14:57:14:5714] [INFO]: ==================================================
[2026-06-16 14:57:14:5714] [INFO]: 🚀 TKS API Server with Socket.IO is running on port: 5000
[2026-06-16 14:57:14:5714] [INFO]: 🔐 Bypass MS Auth status: true
[2026-06-16 14:57:14:5714] [INFO]: ==================================================
[2026-06-16 14:57:16:5716] [INFO]: [SOCKET] User connected: Krishna Shelar (f1ed7772-c93e-4339-90de-752bdef336eb) - Socket: L7Oh9Mx6XCIil6DHAAAC
[2026-06-16 14:57:16:5716] [INFO]: [SOCKET] User connected: Krishna Shelar (f1ed7772-c93e-4339-90de-752bdef336eb) - Socket: 5ZNz6t5hDCAbpa5iAAAD
[2026-06-16 15:05:08:58] [INFO]: ==================================================
[2026-06-16 15:05:08:58] [INFO]: 🚀 TKS API Server with Socket.IO is running on port: 5000
[2026-06-16 15:05:08:58] [INFO]: 🔐 Bypass MS Auth status: true
[2026-06-16 15:05:08:58] [INFO]: ==================================================
[2026-06-16 15:05:10:510] [INFO]: [SOCKET] User connected: Krishna Shelar (f1ed7772-c93e-4339-90de-752bdef336eb) - Socket: J7Vw3Bsz21VeUKsGAAAC
[2026-06-16 15:05:10:510] [INFO]: [SOCKET] User connected: Krishna Shelar (f1ed7772-c93e-4339-90de-752bdef336eb) - Socket: -ioR0WyvVHrbTTSiAAAD
[2026-06-16 15:09:02:92] [INFO]: ==================================================
[2026-06-16 15:09:02:92] [INFO]: 🚀 TKS API Server with Socket.IO is running on port: 5000
[2026-06-16 15:09:02:92] [INFO]: 🔐 Bypass MS Auth status: true
[2026-06-16 15:09:02:92] [INFO]: ==================================================
[2026-06-16 15:09:02:92] [INFO]: [SOCKET] User connected: Krishna Shelar (f1ed7772-c93e-4339-90de-752bdef336eb) - Socket: MkwYLngZPyIRIYk3AAAC
[2026-06-16 15:09:02:92] [INFO]: [SOCKET] User connected: Krishna Shelar (f1ed7772-c93e-4339-90de-752bdef336eb) - Socket: DeVQiPfWID40FbtsAAAD
[2026-06-16 15:09:11:911] [INFO]: ==================================================
[2026-06-16 15:09:11:911] [INFO]: 🚀 TKS API Server with Socket.IO is running on port: 5000
[2026-06-16 15:09:11:911] [INFO]: 🔐 Bypass MS Auth status: true
[2026-06-16 15:09:11:911] [INFO]: ==================================================
[2026-06-16 15:09:13:913] [INFO]: [SOCKET] User connected: Krishna Shelar (f1ed7772-c93e-4339-90de-752bdef336eb) - Socket: 0kFKiTYd4X4k7u23AAAB
[2026-06-16 15:09:14:914] [INFO]: [SOCKET] User connected: Krishna Shelar (f1ed7772-c93e-4339-90de-752bdef336eb) - Socket: _22hKZDQG-ZV1CtIAAAD
[2026-06-16 15:10:11:1011] [INFO]: ==================================================
[2026-06-16 15:10:11:1011] [INFO]: 🚀 TKS API Server with Socket.IO is running on port: 5000
[2026-06-16 15:10:11:1011] [INFO]: 🔐 Bypass MS Auth status: true
[2026-06-16 15:10:11:1011] [INFO]: ==================================================
[2026-06-16 15:10:12:1012] [INFO]: [SOCKET] User connected: Krishna Shelar (f1ed7772-c93e-4339-90de-752bdef336eb) - Socket: No5_dKZoymhMwIumAAAB
[2026-06-16 15:10:13:1013] [INFO]: [SOCKET] User connected: Krishna Shelar (f1ed7772-c93e-4339-90de-752bdef336eb) - Socket: KogUuVDq9FoEz2MiAAAD
[2026-06-16 15:11:05:115] [INFO]: OPTIONS /api/products/3f47af6d-c2a1-41e2-8cb4-b322b5a6a9b7/status 204 0 - 26.563 ms
[2026-06-16 15:11:05:115] [INFO]: OPTIONS /api/users?productId=3f47af6d-c2a1-41e2-8cb4-b322b5a6a9b7 204 0 - 0.481 ms
[2026-06-16 15:11:05:115] [INFO]: OPTIONS /api/products/3f47af6d-c2a1-41e2-8cb4-b322b5a6a9b7/status 204 0 - 0.424 ms
[2026-06-16 15:11:06:116] [INFO]: OPTIONS /api/users?productId=3f47af6d-c2a1-41e2-8cb4-b322b5a6a9b7 204 0 - 0.393 ms
[2026-06-16 15:11:06:116] [INFO]: GET /api/users?productId=3f47af6d-c2a1-41e2-8cb4-b322b5a6a9b7 304 - - 517.466 ms
[2026-06-16 15:11:06:116] [INFO]: GET /api/products/3f47af6d-c2a1-41e2-8cb4-b322b5a6a9b7/status 304 - - 1228.659 ms
[2026-06-16 15:11:06:116] [INFO]: GET /api/users?productId=3f47af6d-c2a1-41e2-8cb4-b322b5a6a9b7 304 - - 109.364 ms
[2026-06-16 15:11:06:116] [INFO]: GET /api/products/3f47af6d-c2a1-41e2-8cb4-b322b5a6a9b7/status 304 - - 125.373 ms
[2026-06-16 15:14:03:143] [INFO]: ==================================================
[2026-06-16 15:14:03:143] [INFO]: 🚀 TKS API Server with Socket.IO is running on port: 5000
[2026-06-16 15:14:03:143] [INFO]: 🔐 Bypass MS Auth status: true
[2026-06-16 15:14:03:143] [INFO]: ==================================================
[2026-06-16 15:14:04:144] [INFO]: [SOCKET] User connected: Krishna Shelar (f1ed7772-c93e-4339-90de-752bdef336eb) - Socket: INEKmGFlmteOowM-AAAC
[2026-06-16 15:14:04:144] [INFO]: [SOCKET] User connected: Krishna Shelar (f1ed7772-c93e-4339-90de-752bdef336eb) - Socket: CY5nqfiEbFpa-wZhAAAD
[2026-06-16 15:17:40:1740] [INFO]: OPTIONS /api/products 204 0 - 1.237 ms
[2026-06-16 15:17:40:1740] [INFO]: GET /api/products 401 39 - 22.646 ms
[2026-06-16 15:17:40:1740] [ERROR]: [SOCKET] Connection rejected: Invalid authorization token. Error: jwt expired
[2026-06-16 15:17:40:1740] [ERROR]: [SOCKET] Connection rejected: Invalid authorization token. Error: jwt expired
[2026-06-16 15:17:40:1740] [INFO]: GET /api/products 401 39 - 2.608 ms
[2026-06-16 15:18:03:183] [INFO]: OPTIONS /api/users/all 204 0 - 0.336 ms
[2026-06-16 15:18:03:183] [INFO]: OPTIONS /api/products 204 0 - 0.246 ms
[2026-06-16 15:18:03:183] [INFO]: GET /api/users/all 401 39 - 3.412 ms
[2026-06-16 15:18:03:183] [INFO]: GET /api/products 401 39 - 2.672 ms
[2026-06-16 15:18:03:183] [INFO]: GET /api/users/all 401 39 - 3.670 ms
[2026-06-16 15:18:03:183] [INFO]: GET /api/products 401 39 - 2.458 ms
[2026-06-16 15:22:39:2239] [INFO]: ==================================================
[2026-06-16 15:22:39:2239] [INFO]: 🚀 TKS API Server with Socket.IO is running on port: 5000
[2026-06-16 15:22:39:2239] [INFO]: 🔐 Bypass MS Auth status: true
[2026-06-16 15:22:39:2239] [INFO]: ==================================================
[2026-06-16 15:22:40:2240] [INFO]: [SOCKET] User connected: Krishna Shelar (f1ed7772-c93e-4339-90de-752bdef336eb) - Socket: 3bC_Kn-SEgH1y0D1AAAB
[2026-06-16 15:22:41:2241] [INFO]: [SOCKET] User connected: Krishna Shelar (f1ed7772-c93e-4339-90de-752bdef336eb) - Socket: xaGSkO2KQQjUHLqrAAAD
[2026-06-16 15:22:45:2245] [INFO]: ==================================================
[2026-06-16 15:22:45:2245] [INFO]: 🚀 TKS API Server with Socket.IO is running on port: 5000
[2026-06-16 15:22:45:2245] [INFO]: 🔐 Bypass MS Auth status: true
[2026-06-16 15:22:45:2245] [INFO]: ==================================================
[2026-06-16 15:22:47:2247] [INFO]: [SOCKET] User connected: Krishna Shelar (f1ed7772-c93e-4339-90de-752bdef336eb) - Socket: HcTGFh6kASzx3_D_AAAB
[2026-06-16 15:22:48:2248] [INFO]: [SOCKET] User connected: Krishna Shelar (f1ed7772-c93e-4339-90de-752bdef336eb) - Socket: aiIePScP12SQygR6AAAD
[2026-06-16 15:23:16:2316] [INFO]: ==================================================
[2026-06-16 15:23:16:2316] [INFO]: 🚀 TKS API Server with Socket.IO is running on port: 5000
[2026-06-16 15:23:16:2316] [INFO]: 🔐 Bypass MS Auth status: true
[2026-06-16 15:23:16:2316] [INFO]: ==================================================
[2026-06-16 15:23:17:2317] [INFO]: [SOCKET] User connected: Krishna Shelar (f1ed7772-c93e-4339-90de-752bdef336eb) - Socket: -X1d-WTU1mKgzijzAAAB
[2026-06-16 15:23:18:2318] [INFO]: [SOCKET] User connected: Krishna Shelar (f1ed7772-c93e-4339-90de-752bdef336eb) - Socket: cKoJhrXFwcGT5IbtAAAD
[2026-06-16 15:23:42:2342] [INFO]: ==================================================
[2026-06-16 15:23:42:2342] [INFO]: 🚀 TKS API Server with Socket.IO is running on port: 5000
[2026-06-16 15:23:42:2342] [INFO]: 🔐 Bypass MS Auth status: true
[2026-06-16 15:23:42:2342] [INFO]: ==================================================
[2026-06-16 15:23:43:2343] [INFO]: [SOCKET] User connected: Krishna Shelar (f1ed7772-c93e-4339-90de-752bdef336eb) - Socket: mp6uhYyXi55-lQvdAAAB
[2026-06-16 15:23:44:2344] [INFO]: [SOCKET] User connected: Krishna Shelar (f1ed7772-c93e-4339-90de-752bdef336eb) - Socket: nZhYyUTh2oCpqhTvAAAD
[2026-06-16 15:28:34:2834] [INFO]: OPTIONS /api/users/all 204 0 - 1.711 ms
[2026-06-16 15:28:34:2834] [INFO]: OPTIONS /api/products 204 0 - 0.394 ms
[2026-06-16 15:28:34:2834] [INFO]: OPTIONS /api/users/all 204 0 - 0.327 ms
[2026-06-16 15:28:34:2834] [INFO]: OPTIONS /api/products 204 0 - 0.386 ms
[2026-06-16 15:28:34:2834] [INFO]: GET /api/products 304 - - 66.323 ms
[2026-06-16 15:28:34:2834] [INFO]: GET /api/products 304 - - 12.836 ms
[2026-06-16 15:28:34:2834] [INFO]: GET /api/users/all 200 50332 - 175.874 ms
[2026-06-16 15:28:34:2834] [INFO]: GET /api/users/all 304 - - 25.407 ms
[2026-06-16 15:28:53:2853] [INFO]: OPTIONS /api/users/all/491293f0-2cd9-4188-9039-b0bed39ed24f 204 0 - 0.254 ms
[2026-06-16 15:28:53:2853] [INFO]: PUT /api/users/all/491293f0-2cd9-4188-9039-b0bed39ed24f 200 318 - 141.130 ms
[2026-06-16 15:29:07:297] [INFO]: [SOCKET] User disconnected: Krishna Shelar (f1ed7772-c93e-4339-90de-752bdef336eb) - Socket: mp6uhYyXi55-lQvdAAAB
[2026-06-16 15:29:07:297] [INFO]: [SOCKET] User disconnected: Krishna Shelar (f1ed7772-c93e-4339-90de-752bdef336eb) - Socket: nZhYyUTh2oCpqhTvAAAD
[2026-06-16 15:29:07:297] [INFO]: OPTIONS /api/products 204 0 - 0.330 ms
[2026-06-16 15:29:07:297] [INFO]: OPTIONS /api/products 204 0 - 0.531 ms
[2026-06-16 15:29:07:297] [INFO]: [SOCKET] User connected: Krishna Shelar (f1ed7772-c93e-4339-90de-752bdef336eb) - Socket: Yw59pbWZU4eRki9IAAAG
[2026-06-16 15:29:07:297] [INFO]: [SOCKET] User connected: Krishna Shelar (f1ed7772-c93e-4339-90de-752bdef336eb) - Socket: De39PlbzL84ZUJT_AAAH
[2026-06-16 15:29:07:297] [INFO]: GET /api/products 304 - - 66.007 ms
[2026-06-16 15:29:07:297] [INFO]: GET /api/products 304 - - 12.727 ms
[2026-06-16 15:29:07:297] [INFO]: OPTIONS /api/products/3f47af6d-c2a1-41e2-8cb4-b322b5a6a9b7/status 204 0 - 0.337 ms
[2026-06-16 15:29:07:297] [INFO]: OPTIONS /api/users?productId=3f47af6d-c2a1-41e2-8cb4-b322b5a6a9b7 204 0 - 0.320 ms
[2026-06-16 15:29:07:297] [INFO]: OPTIONS /api/users?productId=3f47af6d-c2a1-41e2-8cb4-b322b5a6a9b7 204 0 - 0.630 ms
[2026-06-16 15:29:07:297] [INFO]: GET /api/users?productId=3f47af6d-c2a1-41e2-8cb4-b322b5a6a9b7 304 - - 30.693 ms
[2026-06-16 15:29:07:297] [INFO]: GET /api/products/3f47af6d-c2a1-41e2-8cb4-b322b5a6a9b7/status 304 - - 57.559 ms
[2026-06-16 15:29:07:297] [INFO]: GET /api/users?productId=3f47af6d-c2a1-41e2-8cb4-b322b5a6a9b7 304 - - 16.725 ms
[2026-06-16 15:29:07:297] [INFO]: GET /api/products/3f47af6d-c2a1-41e2-8cb4-b322b5a6a9b7/status 304 - - 18.114 ms
[2026-06-16 15:29:07:297] [INFO]: GET /api/users?productId=3f47af6d-c2a1-41e2-8cb4-b322b5a6a9b7 304 - - 9.714 ms
[2026-06-16 15:29:07:297] [INFO]: GET /api/products/3f47af6d-c2a1-41e2-8cb4-b322b5a6a9b7/status 304 - - 12.738 ms
[2026-06-16 15:29:10:2910] [INFO]: OPTIONS /api/users/all 204 0 - 0.139 ms
[2026-06-16 15:29:10:2910] [INFO]: OPTIONS /api/users/all 204 0 - 0.179 ms
[2026-06-16 15:29:10:2910] [INFO]: GET /api/products 304 - - 7.258 ms
[2026-06-16 15:29:10:2910] [INFO]: GET /api/products 304 - - 5.521 ms
[2026-06-16 15:29:10:2910] [INFO]: GET /api/users/all 200 50293 - 29.297 ms
[2026-06-16 15:29:10:2910] [INFO]: GET /api/users/all 304 - - 25.652 ms
[2026-06-16 15:29:13:2913] [INFO]: [SOCKET] User disconnected: Krishna Shelar (f1ed7772-c93e-4339-90de-752bdef336eb) - Socket: Yw59pbWZU4eRki9IAAAG
[2026-06-16 15:29:13:2913] [INFO]: [SOCKET] User disconnected: Krishna Shelar (f1ed7772-c93e-4339-90de-752bdef336eb) - Socket: De39PlbzL84ZUJT_AAAH
[2026-06-16 15:29:22:2922] [INFO]: OPTIONS /api/auth/microsoft 204 0 - 0.169 ms
[2026-06-16 15:29:22:2922] [INFO]: POST /api/auth/microsoft 200 44335 - 14.736 ms
[2026-06-16 15:29:22:2922] [INFO]: OPTIONS /api/products 204 0 - 0.234 ms
[2026-06-16 15:29:22:2922] [INFO]: GET /api/products 304 - - 7.293 ms
[2026-06-16 15:29:22:2922] [INFO]: [SOCKET] User connected: Krishna Shelar (f1ed7772-c93e-4339-90de-752bdef336eb) - Socket: 3wn8yfvD6Qe6peNPAAAK
[2026-06-16 15:29:22:2922] [INFO]: GET /api/products 304 - - 9.987 ms
[2026-06-16 15:29:22:2922] [INFO]: [SOCKET] User connected: Krishna Shelar (f1ed7772-c93e-4339-90de-752bdef336eb) - Socket: wU3DvO0hsOBhQegLAAAL
[2026-06-16 15:29:22:2922] [INFO]: OPTIONS /api/products/3f47af6d-c2a1-41e2-8cb4-b322b5a6a9b7/status 204 0 - 0.145 ms
[2026-06-16 15:29:22:2922] [INFO]: OPTIONS /api/users?productId=3f47af6d-c2a1-41e2-8cb4-b322b5a6a9b7 204 0 - 0.176 ms
[2026-06-16 15:29:22:2922] [INFO]: OPTIONS /api/users?productId=3f47af6d-c2a1-41e2-8cb4-b322b5a6a9b7 204 0 - 1.098 ms
[2026-06-16 15:29:22:2922] [INFO]: GET /api/users?productId=3f47af6d-c2a1-41e2-8cb4-b322b5a6a9b7 304 - - 12.235 ms
[2026-06-16 15:29:22:2922] [INFO]: GET /api/products/3f47af6d-c2a1-41e2-8cb4-b322b5a6a9b7/status 304 - - 30.168 ms
[2026-06-16 15:29:23:2923] [INFO]: GET /api/users?productId=3f47af6d-c2a1-41e2-8cb4-b322b5a6a9b7 304 - - 15.243 ms
[2026-06-16 15:29:23:2923] [INFO]: GET /api/products/3f47af6d-c2a1-41e2-8cb4-b322b5a6a9b7/status 304 - - 13.162 ms
[2026-06-16 15:29:23:2923] [INFO]: GET /api/users?productId=3f47af6d-c2a1-41e2-8cb4-b322b5a6a9b7 304 - - 8.569 ms
[2026-06-16 15:29:23:2923] [INFO]: GET /api/products/3f47af6d-c2a1-41e2-8cb4-b322b5a6a9b7/status 304 - - 16.089 ms
[2026-06-16 15:29:25:2925] [INFO]: OPTIONS /api/users/all 204 0 - 0.186 ms
[2026-06-16 15:29:25:2925] [INFO]: OPTIONS /api/users/all 204 0 - 0.162 ms
[2026-06-16 15:29:25:2925] [INFO]: GET /api/products 304 - - 5.360 ms
[2026-06-16 15:29:25:2925] [INFO]: GET /api/products 304 - - 3.480 ms
[2026-06-16 15:29:25:2925] [INFO]: GET /api/users/all 304 - - 15.010 ms
[2026-06-16 15:29:25:2925] [INFO]: GET /api/users/all 304 - - 24.607 ms
[2026-06-16 15:33:37:3337] [INFO]: OPTIONS /api/users/all/f55fb71d-c114-4526-b401-7b88440d6fd3 204 0 - 0.169 ms
[2026-06-16 15:33:37:3337] [INFO]: PUT /api/users/all/f55fb71d-c114-4526-b401-7b88440d6fd3 200 368 - 47.202 ms
[2026-06-16 15:33:53:3353] [INFO]: OPTIONS /api/users/all/9e6cfbda-15fe-48ce-bf8a-f5df126c0f6a 204 0 - 0.142 ms
[2026-06-16 15:33:53:3353] [INFO]: PUT /api/users/all/9e6cfbda-15fe-48ce-bf8a-f5df126c0f6a 200 286 - 25.384 ms
[2026-06-16 15:34:28:3428] [INFO]: OPTIONS /api/users/all/6bed5076-6032-4ccc-8af5-762c36ba3e80 204 0 - 0.101 ms
[2026-06-16 15:34:28:3428] [INFO]: PUT /api/users/all/6bed5076-6032-4ccc-8af5-762c36ba3e80 200 364 - 22.546 ms
[2026-06-16 15:34:43:3443] [INFO]: OPTIONS /api/users/all/58b2acd1-f669-4e41-b821-6a92bfa1905e 204 0 - 0.173 ms
[2026-06-16 15:34:43:3443] [INFO]: PUT /api/users/all/58b2acd1-f669-4e41-b821-6a92bfa1905e 200 282 - 28.694 ms
[2026-06-16 15:35:04:354] [INFO]: OPTIONS /api/users/all/80792375-8a05-4fbd-a3ea-9e976fb7702a 204 0 - 0.101 ms
[2026-06-16 15:35:04:354] [INFO]: PUT /api/users/all/80792375-8a05-4fbd-a3ea-9e976fb7702a 200 288 - 24.193 ms
[2026-06-16 15:35:10:3510] [INFO]: OPTIONS /api/users/all/f86dbda0-6433-4df7-bcff-f655b5df58bf 204 0 - 0.106 ms
[2026-06-16 15:35:10:3510] [INFO]: PUT /api/users/all/f86dbda0-6433-4df7-bcff-f655b5df58bf 200 294 - 25.838 ms
[2026-06-16 15:35:32:3532] [INFO]: OPTIONS /api/users/all/338da384-7206-4e28-887e-4be7d30502f8 204 0 - 0.099 ms
[2026-06-16 15:35:32:3532] [INFO]: PUT /api/users/all/338da384-7206-4e28-887e-4be7d30502f8 200 396 - 26.264 ms
[2026-06-16 15:35:47:3547] [INFO]: OPTIONS /api/users/all/4d98e541-32f8-4098-a48d-dbef5edff4ba 204 0 - 0.100 ms
[2026-06-16 15:35:47:3547] [INFO]: PUT /api/users/all/4d98e541-32f8-4098-a48d-dbef5edff4ba 200 288 - 29.258 ms
[2026-06-16 15:35:54:3554] [INFO]: OPTIONS /api/users/all/5d1db457-0b9e-4c4d-89b0-83f8d71af5b3 204 0 - 0.104 ms
[2026-06-16 15:35:54:3554] [INFO]: PUT /api/users/all/5d1db457-0b9e-4c4d-89b0-83f8d71af5b3 200 294 - 28.041 ms
[2026-06-16 15:36:03:363] [INFO]: OPTIONS /api/users/all/74381a1a-78a6-4cd7-b3e9-6827f32c1a6c 204 0 - 0.101 ms
[2026-06-16 15:36:03:363] [INFO]: PUT /api/users/all/74381a1a-78a6-4cd7-b3e9-6827f32c1a6c 200 323 - 28.326 ms
[2026-06-16 15:36:15:3615] [INFO]: OPTIONS /api/users/all/eb038e9b-38b8-47bd-b4d8-c28fbc2cd65f 204 0 - 0.102 ms
[2026-06-16 15:36:15:3615] [INFO]: PUT /api/users/all/eb038e9b-38b8-47bd-b4d8-c28fbc2cd65f 200 290 - 24.756 ms
[2026-06-16 15:36:23:3623] [INFO]: OPTIONS /api/users/all/b994e6f7-b623-48e1-b397-8302755a2005 204 0 - 0.100 ms
[2026-06-16 15:36:23:3623] [INFO]: PUT /api/users/all/b994e6f7-b623-48e1-b397-8302755a2005 200 288 - 21.908 ms
[2026-06-16 15:36:34:3634] [INFO]: OPTIONS /api/users/all/4a712c9d-c673-4868-bc6f-c9fe872120cd 204 0 - 0.098 ms
[2026-06-16 15:36:34:3634] [INFO]: PUT /api/users/all/4a712c9d-c673-4868-bc6f-c9fe872120cd 200 282 - 32.147 ms
[2026-06-16 15:38:01:381] [INFO]: OPTIONS /api/users/all 204 0 - 0.107 ms
[2026-06-16 15:38:01:381] [INFO]: POST /api/users/all 201 329 - 24.936 ms
[2026-06-16 15:38:08:388] [INFO]: [SOCKET] User disconnected: Krishna Shelar (f1ed7772-c93e-4339-90de-752bdef336eb) - Socket: 3wn8yfvD6Qe6peNPAAAK
[2026-06-16 15:38:08:388] [INFO]: [SOCKET] User disconnected: Krishna Shelar (f1ed7772-c93e-4339-90de-752bdef336eb) - Socket: wU3DvO0hsOBhQegLAAAL
[2026-06-16 15:38:09:389] [INFO]: OPTIONS /api/products 204 0 - 0.171 ms
[2026-06-16 15:38:09:389] [INFO]: GET /api/products 304 - - 5.205 ms
[2026-06-16 15:38:09:389] [INFO]: GET /api/products 304 - - 6.474 ms
[2026-06-16 15:38:09:389] [INFO]: [SOCKET] User connected: Krishna Shelar (f1ed7772-c93e-4339-90de-752bdef336eb) - Socket: ezFUTQM6-3_SaJbEAAAO
[2026-06-16 15:38:09:389] [INFO]: [SOCKET] User connected: Krishna Shelar (f1ed7772-c93e-4339-90de-752bdef336eb) - Socket: 3KIXJICQxqNP_WYSAAAP
[2026-06-16 15:38:09:389] [INFO]: OPTIONS /api/products/3f47af6d-c2a1-41e2-8cb4-b322b5a6a9b7/status 204 0 - 0.174 ms
[2026-06-16 15:38:09:389] [INFO]: OPTIONS /api/users?productId=3f47af6d-c2a1-41e2-8cb4-b322b5a6a9b7 204 0 - 0.085 ms
[2026-06-16 15:38:09:389] [INFO]: OPTIONS /api/products/3f47af6d-c2a1-41e2-8cb4-b322b5a6a9b7/status 204 0 - 0.128 ms
[2026-06-16 15:38:09:389] [INFO]: OPTIONS /api/users?productId=3f47af6d-c2a1-41e2-8cb4-b322b5a6a9b7 204 0 - 0.114 ms
[2026-06-16 15:38:09:389] [INFO]: GET /api/users?productId=3f47af6d-c2a1-41e2-8cb4-b322b5a6a9b7 200 391 - 7.871 ms
[2026-06-16 15:38:09:389] [INFO]: GET /api/products/3f47af6d-c2a1-41e2-8cb4-b322b5a6a9b7/status 304 - - 36.201 ms
[2026-06-16 15:38:09:389] [INFO]: GET /api/users?productId=3f47af6d-c2a1-41e2-8cb4-b322b5a6a9b7 304 - - 18.705 ms
[2026-06-16 15:38:09:389] [INFO]: GET /api/users?productId=3f47af6d-c2a1-41e2-8cb4-b322b5a6a9b7 304 - - 9.628 ms
[2026-06-16 15:38:09:389] [INFO]: GET /api/products/3f47af6d-c2a1-41e2-8cb4-b322b5a6a9b7/status 304 - - 23.555 ms
[2026-06-16 15:38:09:389] [INFO]: GET /api/products/3f47af6d-c2a1-41e2-8cb4-b322b5a6a9b7/status 304 - - 20.020 ms
[2026-06-16 15:38:13:3813] [INFO]: OPTIONS /api/users/all 204 0 - 0.100 ms
[2026-06-16 15:38:13:3813] [INFO]: OPTIONS /api/users/all 204 0 - 0.062 ms
[2026-06-16 15:38:13:3813] [INFO]: GET /api/products 304 - - 3.804 ms
[2026-06-16 15:38:13:3813] [INFO]: GET /api/products 304 - - 2.820 ms
[2026-06-16 15:38:13:3813] [INFO]: GET /api/users/all 200 50857 - 18.097 ms
[2026-06-16 15:38:13:3813] [INFO]: GET /api/users/all 304 - - 18.415 ms
[2026-06-16 15:41:26:4126] [INFO]: OPTIONS /api/products/3f47af6d-c2a1-41e2-8cb4-b322b5a6a9b7/status 204 0 - 0.107 ms
[2026-06-16 15:41:26:4126] [INFO]: OPTIONS /api/users?productId=3f47af6d-c2a1-41e2-8cb4-b322b5a6a9b7 204 0 - 0.065 ms
[2026-06-16 15:41:26:4126] [INFO]: OPTIONS /api/products/3f47af6d-c2a1-41e2-8cb4-b322b5a6a9b7/status 204 0 - 0.074 ms
[2026-06-16 15:41:26:4126] [INFO]: OPTIONS /api/users?productId=3f47af6d-c2a1-41e2-8cb4-b322b5a6a9b7 204 0 - 0.081 ms
[2026-06-16 15:41:26:4126] [INFO]: GET /api/products/3f47af6d-c2a1-41e2-8cb4-b322b5a6a9b7/status 304 - - 7.436 ms
[2026-06-16 15:41:26:4126] [INFO]: GET /api/users?productId=3f47af6d-c2a1-41e2-8cb4-b322b5a6a9b7 304 - - 10.170 ms
[2026-06-16 15:41:26:4126] [INFO]: GET /api/products/3f47af6d-c2a1-41e2-8cb4-b322b5a6a9b7/status 304 - - 9.977 ms
[2026-06-16 15:41:26:4126] [INFO]: GET /api/users?productId=3f47af6d-c2a1-41e2-8cb4-b322b5a6a9b7 304 - - 5.991 ms
[2026-06-16 15:41:26:4126] [INFO]: OPTIONS /api/features?productId=3f47af6d-c2a1-41e2-8cb4-b322b5a6a9b7 204 0 - 0.112 ms
[2026-06-16 15:41:26:4126] [INFO]: OPTIONS /api/features?productId=3f47af6d-c2a1-41e2-8cb4-b322b5a6a9b7 204 0 - 0.132 ms
[2026-06-16 15:41:26:4126] [INFO]: GET /api/users?productId=3f47af6d-c2a1-41e2-8cb4-b322b5a6a9b7 304 - - 4.793 ms
[2026-06-16 15:41:26:4126] [INFO]: GET /api/features?productId=3f47af6d-c2a1-41e2-8cb4-b322b5a6a9b7 200 2 - 6.774 ms
[2026-06-16 15:41:26:4126] [INFO]: GET /api/users?productId=3f47af6d-c2a1-41e2-8cb4-b322b5a6a9b7 304 - - 3.178 ms
[2026-06-16 15:41:26:4126] [INFO]: GET /api/features?productId=3f47af6d-c2a1-41e2-8cb4-b322b5a6a9b7 304 - - 8.259 ms
[2026-06-16 15:41:30:4130] [INFO]: OPTIONS /api/user-stories?productId=3f47af6d-c2a1-41e2-8cb4-b322b5a6a9b7 204 0 - 0.168 ms
[2026-06-16 15:41:30:4130] [INFO]: OPTIONS /api/user-stories?productId=3f47af6d-c2a1-41e2-8cb4-b322b5a6a9b7 204 0 - 0.067 ms
[2026-06-16 15:41:30:4130] [INFO]: GET /api/user-stories?productId=3f47af6d-c2a1-41e2-8cb4-b322b5a6a9b7 200 2 - 7.663 ms
[2026-06-16 15:41:30:4130] [INFO]: GET /api/users?productId=3f47af6d-c2a1-41e2-8cb4-b322b5a6a9b7 304 - - 11.521 ms
[2026-06-16 15:41:30:4130] [INFO]: GET /api/user-stories?productId=3f47af6d-c2a1-41e2-8cb4-b322b5a6a9b7 304 - - 6.575 ms
[2026-06-16 15:41:30:4130] [INFO]: GET /api/users?productId=3f47af6d-c2a1-41e2-8cb4-b322b5a6a9b7 304 - - 5.835 ms
[2026-06-16 15:41:33:4133] [INFO]: OPTIONS /api/features?productId=3f47af6d-c2a1-41e2-8cb4-b322b5a6a9b7 204 0 - 0.167 ms
[2026-06-16 15:41:33:4133] [INFO]: OPTIONS /api/users?productId=3f47af6d-c2a1-41e2-8cb4-b322b5a6a9b7 204 0 - 0.065 ms
[2026-06-16 15:41:33:4133] [INFO]: OPTIONS /api/features?productId=3f47af6d-c2a1-41e2-8cb4-b322b5a6a9b7 204 0 - 0.066 ms
[2026-06-16 15:41:33:4133] [INFO]: OPTIONS /api/users?productId=3f47af6d-c2a1-41e2-8cb4-b322b5a6a9b7 204 0 - 0.209 ms
[2026-06-16 15:41:33:4133] [INFO]: GET /api/users?productId=3f47af6d-c2a1-41e2-8cb4-b322b5a6a9b7 304 - - 5.131 ms
[2026-06-16 15:41:33:4133] [INFO]: GET /api/features?productId=3f47af6d-c2a1-41e2-8cb4-b322b5a6a9b7 304 - - 9.499 ms
[2026-06-16 15:41:33:4133] [INFO]: GET /api/users?productId=3f47af6d-c2a1-41e2-8cb4-b322b5a6a9b7 304 - - 4.332 ms
[2026-06-16 15:41:33:4133] [INFO]: GET /api/features?productId=3f47af6d-c2a1-41e2-8cb4-b322b5a6a9b7 304 - - 4.886 ms
[2026-06-16 15:41:37:4137] [INFO]: OPTIONS /api/features/bulk 204 0 - 0.104 ms
[2026-06-16 15:41:38:4138] [INFO]: [NOTIFICATION SERVICE] Creating notification for user f1ed7772-c93e-4339-90de-752bdef336eb: "Feature Assigned via Import"
[2026-06-16 15:41:38:4138] [INFO]: [SOCKET] Emitting event "notification" to user room f1ed7772-c93e-4339-90de-752bdef336eb
[2026-06-16 15:41:38:4138] [INFO]: [NOTIFICATION SERVICE] Creating notification for user f1ed7772-c93e-4339-90de-752bdef336eb: "Feature Assigned via Import"
[2026-06-16 15:41:38:4138] [INFO]: [SOCKET] Emitting event "notification" to user room f1ed7772-c93e-4339-90de-752bdef336eb
[2026-06-16 15:41:38:4138] [INFO]: [NOTIFICATION SERVICE] Creating notification for user f1ed7772-c93e-4339-90de-752bdef336eb: "Feature Assigned via Import"
[2026-06-16 15:41:38:4138] [INFO]: [SOCKET] Emitting event "notification" to user room f1ed7772-c93e-4339-90de-752bdef336eb
[2026-06-16 15:41:38:4138] [INFO]: [NOTIFICATION SERVICE] Creating notification for user f1ed7772-c93e-4339-90de-752bdef336eb: "Feature Assigned via Import"
[2026-06-16 15:41:38:4138] [INFO]: [SOCKET] Emitting event "notification" to user room f1ed7772-c93e-4339-90de-752bdef336eb
[2026-06-16 15:41:38:4138] [INFO]: [NOTIFICATION SERVICE] Creating notification for user f1ed7772-c93e-4339-90de-752bdef336eb: "Feature Assigned via Import"
[2026-06-16 15:41:38:4138] [INFO]: [SOCKET] Emitting event "notification" to user room f1ed7772-c93e-4339-90de-752bdef336eb
[2026-06-16 15:41:38:4138] [INFO]: [NOTIFICATION SERVICE] Creating notification for user f1ed7772-c93e-4339-90de-752bdef336eb: "Feature Assigned via Import"
[2026-06-16 15:41:38:4138] [INFO]: [SOCKET] Emitting event "notification" to user room f1ed7772-c93e-4339-90de-752bdef336eb
[2026-06-16 15:41:38:4138] [INFO]: [NOTIFICATION SERVICE] Creating notification for user f1ed7772-c93e-4339-90de-752bdef336eb: "Feature Assigned via Import"
[2026-06-16 15:41:38:4138] [INFO]: [SOCKET] Emitting event "notification" to user room f1ed7772-c93e-4339-90de-752bdef336eb
[2026-06-16 15:41:38:4138] [INFO]: [NOTIFICATION SERVICE] Creating notification for user f1ed7772-c93e-4339-90de-752bdef336eb: "Feature Assigned via Import"
[2026-06-16 15:41:38:4138] [INFO]: [SOCKET] Emitting event "notification" to user room f1ed7772-c93e-4339-90de-752bdef336eb
[2026-06-16 15:41:38:4138] [INFO]: [NOTIFICATION SERVICE] Creating notification for user f1ed7772-c93e-4339-90de-752bdef336eb: "Feature Assigned via Import"
[2026-06-16 15:41:38:4138] [INFO]: [SOCKET] Emitting event "notification" to user room f1ed7772-c93e-4339-90de-752bdef336eb
[2026-06-16 15:41:38:4138] [INFO]: [NOTIFICATION SERVICE] Creating notification for user f1ed7772-c93e-4339-90de-752bdef336eb: "Feature Assigned via Import"
[2026-06-16 15:41:38:4138] [INFO]: [SOCKET] Emitting event "notification" to user room f1ed7772-c93e-4339-90de-752bdef336eb
[2026-06-16 15:41:38:4138] [INFO]: [NOTIFICATION SERVICE] Creating notification for user f1ed7772-c93e-4339-90de-752bdef336eb: "Feature Assigned via Import"
[2026-06-16 15:41:38:4138] [INFO]: [SOCKET] Emitting event "notification" to user room f1ed7772-c93e-4339-90de-752bdef336eb
[2026-06-16 15:41:38:4138] [INFO]: [NOTIFICATION SERVICE] Creating notification for user f1ed7772-c93e-4339-90de-752bdef336eb: "Feature Assigned via Import"
[2026-06-16 15:41:38:4138] [INFO]: [SOCKET] Emitting event "notification" to user room f1ed7772-c93e-4339-90de-752bdef336eb
[2026-06-16 15:41:38:4138] [INFO]: [NOTIFICATION SERVICE] Creating notification for user f1ed7772-c93e-4339-90de-752bdef336eb: "Feature Assigned via Import"
[2026-06-16 15:41:38:4138] [INFO]: [SOCKET] Emitting event "notification" to user room f1ed7772-c93e-4339-90de-752bdef336eb
[2026-06-16 15:41:38:4138] [INFO]: [NOTIFICATION SERVICE] Creating notification for user f1ed7772-c93e-4339-90de-752bdef336eb: "Feature Assigned via Import"
[2026-06-16 15:41:38:4138] [INFO]: [SOCKET] Emitting event "notification" to user room f1ed7772-c93e-4339-90de-752bdef336eb
[2026-06-16 15:41:38:4138] [INFO]: [NOTIFICATION SERVICE] Creating notification for user f1ed7772-c93e-4339-90de-752bdef336eb: "Feature Assigned via Import"
[2026-06-16 15:41:38:4138] [INFO]: [SOCKET] Emitting event "notification" to user room f1ed7772-c93e-4339-90de-752bdef336eb
[2026-06-16 15:41:38:4138] [INFO]: [NOTIFICATION SERVICE] Creating notification for user f1ed7772-c93e-4339-90de-752bdef336eb: "Feature Assigned via Import"
[2026-06-16 15:41:38:4138] [INFO]: [SOCKET] Emitting event "notification" to user room f1ed7772-c93e-4339-90de-752bdef336eb
[2026-06-16 15:41:38:4138] [INFO]: [NOTIFICATION SERVICE] Creating notification for user f1ed7772-c93e-4339-90de-752bdef336eb: "Feature Assigned via Import"
[2026-06-16 15:41:38:4138] [INFO]: [SOCKET] Emitting event "notification" to user room f1ed7772-c93e-4339-90de-752bdef336eb
[2026-06-16 15:41:38:4138] [INFO]: [NOTIFICATION SERVICE] Creating notification for user f1ed7772-c93e-4339-90de-752bdef336eb: "Feature Assigned via Import"
[2026-06-16 15:41:38:4138] [INFO]: [SOCKET] Emitting event "notification" to user room f1ed7772-c93e-4339-90de-752bdef336eb
[2026-06-16 15:41:38:4138] [INFO]: [NOTIFICATION SERVICE] Creating notification for user f1ed7772-c93e-4339-90de-752bdef336eb: "Feature Assigned via Import"
[2026-06-16 15:41:38:4138] [INFO]: [SOCKET] Emitting event "notification" to user room f1ed7772-c93e-4339-90de-752bdef336eb
[2026-06-16 15:41:38:4138] [INFO]: [NOTIFICATION SERVICE] Creating notification for user f1ed7772-c93e-4339-90de-752bdef336eb: "Feature Assigned via Import"
[2026-06-16 15:41:38:4138] [INFO]: [SOCKET] Emitting event "notification" to user room f1ed7772-c93e-4339-90de-752bdef336eb
[2026-06-16 15:41:38:4138] [INFO]: [NOTIFICATION SERVICE] Creating notification for user f1ed7772-c93e-4339-90de-752bdef336eb: "Feature Assigned via Import"
[2026-06-16 15:41:38:4138] [INFO]: [SOCKET] Emitting event "notification" to user room f1ed7772-c93e-4339-90de-752bdef336eb
[2026-06-16 15:41:38:4138] [INFO]: [NOTIFICATION SERVICE] Creating notification for user f1ed7772-c93e-4339-90de-752bdef336eb: "Feature Assigned via Import"
[2026-06-16 15:41:38:4138] [INFO]: [SOCKET] Emitting event "notification" to user room f1ed7772-c93e-4339-90de-752bdef336eb
[2026-06-16 15:41:38:4138] [INFO]: [NOTIFICATION SERVICE] Creating notification for user f1ed7772-c93e-4339-90de-752bdef336eb: "Feature Assigned via Import"
[2026-06-16 15:41:38:4138] [INFO]: [SOCKET] Emitting event "notification" to user room f1ed7772-c93e-4339-90de-752bdef336eb
[2026-06-16 15:41:38:4138] [INFO]: [NOTIFICATION SERVICE] Creating notification for user f1ed7772-c93e-4339-90de-752bdef336eb: "Feature Assigned via Import"
[2026-06-16 15:41:38:4138] [INFO]: [SOCKET] Emitting event "notification" to user room f1ed7772-c93e-4339-90de-752bdef336eb
[2026-06-16 15:41:38:4138] [INFO]: [NOTIFICATION SERVICE] Creating notification for user f1ed7772-c93e-4339-90de-752bdef336eb: "Feature Assigned via Import"
[2026-06-16 15:41:38:4138] [INFO]: [SOCKET] Emitting event "notification" to user room f1ed7772-c93e-4339-90de-752bdef336eb
[2026-06-16 15:41:38:4138] [INFO]: [NOTIFICATION SERVICE] Creating notification for user f1ed7772-c93e-4339-90de-752bdef336eb: "Feature Assigned via Import"
[2026-06-16 15:41:38:4138] [INFO]: [SOCKET] Emitting event "notification" to user room f1ed7772-c93e-4339-90de-752bdef336eb
[2026-06-16 15:41:38:4138] [INFO]: [NOTIFICATION SERVICE] Creating notification for user f1ed7772-c93e-4339-90de-752bdef336eb: "Feature Assigned via Import"
[2026-06-16 15:41:38:4138] [INFO]: [SOCKET] Emitting event "notification" to user room f1ed7772-c93e-4339-90de-752bdef336eb
[2026-06-16 15:41:38:4138] [INFO]: [NOTIFICATION SERVICE] Creating notification for user f1ed7772-c93e-4339-90de-752bdef336eb: "Feature Assigned via Import"
[2026-06-16 15:41:38:4138] [INFO]: [SOCKET] Emitting event "notification" to user room f1ed7772-c93e-4339-90de-752bdef336eb
[2026-06-16 15:41:38:4138] [INFO]: [NOTIFICATION SERVICE] Creating notification for user f1ed7772-c93e-4339-90de-752bdef336eb: "Feature Assigned via Import"
[2026-06-16 15:41:38:4138] [INFO]: [SOCKET] Emitting event "notification" to user room f1ed7772-c93e-4339-90de-752bdef336eb
[2026-06-16 15:41:38:4138] [INFO]: [NOTIFICATION SERVICE] Creating notification for user f1ed7772-c93e-4339-90de-752bdef336eb: "Feature Assigned via Import"
[2026-06-16 15:41:38:4138] [INFO]: [SOCKET] Emitting event "notification" to user room f1ed7772-c93e-4339-90de-752bdef336eb
[2026-06-16 15:41:38:4138] [INFO]: [NOTIFICATION SERVICE] Creating notification for user f1ed7772-c93e-4339-90de-752bdef336eb: "Feature Assigned via Import"
[2026-06-16 15:41:38:4138] [INFO]: [SOCKET] Emitting event "notification" to user room f1ed7772-c93e-4339-90de-752bdef336eb
[2026-06-16 15:41:38:4138] [INFO]: [NOTIFICATION SERVICE] Creating notification for user f1ed7772-c93e-4339-90de-752bdef336eb: "Feature Assigned via Import"
[2026-06-16 15:41:38:4138] [INFO]: [SOCKET] Emitting event "notification" to user room f1ed7772-c93e-4339-90de-752bdef336eb
[2026-06-16 15:41:38:4138] [INFO]: [NOTIFICATION SERVICE] Creating notification for user f1ed7772-c93e-4339-90de-752bdef336eb: "Feature Assigned via Import"
[2026-06-16 15:41:38:4138] [INFO]: [SOCKET] Emitting event "notification" to user room f1ed7772-c93e-4339-90de-752bdef336eb
[2026-06-16 15:41:39:4139] [INFO]: [NOTIFICATION SERVICE] Creating notification for user f1ed7772-c93e-4339-90de-752bdef336eb: "Feature Assigned via Import"
[2026-06-16 15:41:39:4139] [INFO]: [SOCKET] Emitting event "notification" to user room f1ed7772-c93e-4339-90de-752bdef336eb
[2026-06-16 15:41:39:4139] [INFO]: [NOTIFICATION SERVICE] Creating notification for user f1ed7772-c93e-4339-90de-752bdef336eb: "Feature Assigned via Import"
[2026-06-16 15:41:39:4139] [INFO]: [SOCKET] Emitting event "notification" to user room f1ed7772-c93e-4339-90de-752bdef336eb
[2026-06-16 15:41:39:4139] [INFO]: [NOTIFICATION SERVICE] Creating notification for user f1ed7772-c93e-4339-90de-752bdef336eb: "Feature Assigned via Import"
[2026-06-16 15:41:39:4139] [INFO]: [SOCKET] Emitting event "notification" to user room f1ed7772-c93e-4339-90de-752bdef336eb
[2026-06-16 15:41:39:4139] [INFO]: [NOTIFICATION SERVICE] Creating notification for user f1ed7772-c93e-4339-90de-752bdef336eb: "Feature Assigned via Import"
[2026-06-16 15:41:39:4139] [INFO]: [SOCKET] Emitting event "notification" to user room f1ed7772-c93e-4339-90de-752bdef336eb
[2026-06-16 15:41:39:4139] [INFO]: [NOTIFICATION SERVICE] Creating notification for user f1ed7772-c93e-4339-90de-752bdef336eb: "Feature Assigned via Import"
[2026-06-16 15:41:39:4139] [INFO]: [SOCKET] Emitting event "notification" to user room f1ed7772-c93e-4339-90de-752bdef336eb
[2026-06-16 15:41:39:4139] [INFO]: [NOTIFICATION SERVICE] Creating notification for user f1ed7772-c93e-4339-90de-752bdef336eb: "Feature Assigned via Import"
[2026-06-16 15:41:39:4139] [INFO]: [SOCKET] Emitting event "notification" to user room f1ed7772-c93e-4339-90de-752bdef336eb
[2026-06-16 15:41:39:4139] [INFO]: [NOTIFICATION SERVICE] Creating notification for user f1ed7772-c93e-4339-90de-752bdef336eb: "Feature Assigned via Import"
[2026-06-16 15:41:39:4139] [INFO]: [SOCKET] Emitting event "notification" to user room f1ed7772-c93e-4339-90de-752bdef336eb
[2026-06-16 15:41:39:4139] [INFO]: POST /api/features/bulk 201 15347 - 1311.881 ms
[2026-06-16 15:41:39:4139] [INFO]: OPTIONS /api/features?productId=3f47af6d-c2a1-41e2-8cb4-b322b5a6a9b7 204 0 - 0.097 ms
[2026-06-16 15:41:39:4139] [INFO]: OPTIONS /api/users?productId=3f47af6d-c2a1-41e2-8cb4-b322b5a6a9b7 204 0 - 0.072 ms
[2026-06-16 15:41:39:4139] [INFO]: GET /api/users?productId=3f47af6d-c2a1-41e2-8cb4-b322b5a6a9b7 304 - - 5.662 ms
[2026-06-16 15:41:39:4139] [INFO]: GET /api/features?productId=3f47af6d-c2a1-41e2-8cb4-b322b5a6a9b7 200 1775887 - 41.723 ms
[2026-06-16 15:41:43:4143] [INFO]: OPTIONS /api/user-stories?productId=3f47af6d-c2a1-41e2-8cb4-b322b5a6a9b7 204 0 - 0.107 ms
[2026-06-16 15:41:43:4143] [INFO]: OPTIONS /api/user-stories?productId=3f47af6d-c2a1-41e2-8cb4-b322b5a6a9b7 204 0 - 0.219 ms
[2026-06-16 15:41:43:4143] [INFO]: GET /api/users?productId=3f47af6d-c2a1-41e2-8cb4-b322b5a6a9b7 304 - - 7.257 ms
[2026-06-16 15:41:43:4143] [INFO]: GET /api/user-stories?productId=3f47af6d-c2a1-41e2-8cb4-b322b5a6a9b7 304 - - 21.494 ms
[2026-06-16 15:41:43:4143] [INFO]: GET /api/users?productId=3f47af6d-c2a1-41e2-8cb4-b322b5a6a9b7 304 - - 21.207 ms
[2026-06-16 15:41:43:4143] [INFO]: GET /api/user-stories?productId=3f47af6d-c2a1-41e2-8cb4-b322b5a6a9b7 304 - - 28.746 ms
[2026-06-16 15:41:47:4147] [INFO]: OPTIONS /api/features?productId=3f47af6d-c2a1-41e2-8cb4-b322b5a6a9b7 204 0 - 0.178 ms
[2026-06-16 15:41:47:4147] [INFO]: OPTIONS /api/users?productId=3f47af6d-c2a1-41e2-8cb4-b322b5a6a9b7 204 0 - 0.063 ms
[2026-06-16 15:41:47:4147] [INFO]: OPTIONS /api/features?productId=3f47af6d-c2a1-41e2-8cb4-b322b5a6a9b7 204 0 - 0.066 ms
[2026-06-16 15:41:47:4147] [INFO]: OPTIONS /api/users?productId=3f47af6d-c2a1-41e2-8cb4-b322b5a6a9b7 204 0 - 0.070 ms
[2026-06-16 15:41:47:4147] [INFO]: GET /api/users?productId=3f47af6d-c2a1-41e2-8cb4-b322b5a6a9b7 304 - - 4.904 ms
[2026-06-16 15:41:47:4147] [INFO]: GET /api/features?productId=3f47af6d-c2a1-41e2-8cb4-b322b5a6a9b7 304 - - 39.602 ms
[2026-06-16 15:41:47:4147] [INFO]: GET /api/users?productId=3f47af6d-c2a1-41e2-8cb4-b322b5a6a9b7 304 - - 37.868 ms
[2026-06-16 15:41:47:4147] [INFO]: GET /api/features?productId=3f47af6d-c2a1-41e2-8cb4-b322b5a6a9b7 304 - - 55.935 ms
[2026-06-16 15:41:50:4150] [INFO]: OPTIONS /api/user-stories?productId=3f47af6d-c2a1-41e2-8cb4-b322b5a6a9b7 204 0 - 0.154 ms
[2026-06-16 15:41:50:4150] [INFO]: OPTIONS /api/user-stories?productId=3f47af6d-c2a1-41e2-8cb4-b322b5a6a9b7 204 0 - 0.066 ms
[2026-06-16 15:41:50:4150] [INFO]: GET /api/users?productId=3f47af6d-c2a1-41e2-8cb4-b322b5a6a9b7 304 - - 4.721 ms
[2026-06-16 15:41:50:4150] [INFO]: GET /api/user-stories?productId=3f47af6d-c2a1-41e2-8cb4-b322b5a6a9b7 304 - - 7.459 ms
[2026-06-16 15:41:50:4150] [INFO]: GET /api/users?productId=3f47af6d-c2a1-41e2-8cb4-b322b5a6a9b7 304 - - 3.608 ms
[2026-06-16 15:41:50:4150] [INFO]: GET /api/user-stories?productId=3f47af6d-c2a1-41e2-8cb4-b322b5a6a9b7 304 - - 5.921 ms
[2026-06-16 15:41:54:4154] [INFO]: OPTIONS /api/user-stories/bulk 204 0 - 0.097 ms
[2026-06-16 15:41:54:4154] [INFO]: [NOTIFICATION SERVICE] Creating notification for user f1ed7772-c93e-4339-90de-752bdef336eb: "User Story Assigned via Import"
[2026-06-16 15:41:54:4154] [INFO]: [SOCKET] Emitting event "notification" to user room f1ed7772-c93e-4339-90de-752bdef336eb
[2026-06-16 15:41:54:4154] [INFO]: [NOTIFICATION SERVICE] Creating notification for user f1ed7772-c93e-4339-90de-752bdef336eb: "User Story Assigned via Import"
[2026-06-16 15:41:54:4154] [INFO]: [SOCKET] Emitting event "notification" to user room f1ed7772-c93e-4339-90de-752bdef336eb
[2026-06-16 15:41:54:4154] [INFO]: [NOTIFICATION SERVICE] Creating notification for user f1ed7772-c93e-4339-90de-752bdef336eb: "User Story Assigned via Import"
[2026-06-16 15:41:54:4154] [INFO]: [SOCKET] Emitting event "notification" to user room f1ed7772-c93e-4339-90de-752bdef336eb
[2026-06-16 15:41:54:4154] [INFO]: [NOTIFICATION SERVICE] Creating notification for user f1ed7772-c93e-4339-90de-752bdef336eb: "User Story Assigned via Import"
[2026-06-16 15:41:54:4154] [INFO]: [SOCKET] Emitting event "notification" to user room f1ed7772-c93e-4339-90de-752bdef336eb
[2026-06-16 15:41:54:4154] [INFO]: [NOTIFICATION SERVICE] Creating notification for user f1ed7772-c93e-4339-90de-752bdef336eb: "User Story Assigned via Import"
[2026-06-16 15:41:54:4154] [INFO]: [SOCKET] Emitting event "notification" to user room f1ed7772-c93e-4339-90de-752bdef336eb
[2026-06-16 15:41:54:4154] [INFO]: [NOTIFICATION SERVICE] Creating notification for user f1ed7772-c93e-4339-90de-752bdef336eb: "User Story Assigned via Import"
[2026-06-16 15:41:54:4154] [INFO]: [SOCKET] Emitting event "notification" to user room f1ed7772-c93e-4339-90de-752bdef336eb
[2026-06-16 15:41:54:4154] [INFO]: [NOTIFICATION SERVICE] Creating notification for user f1ed7772-c93e-4339-90de-752bdef336eb: "User Story Assigned via Import"
[2026-06-16 15:41:54:4154] [INFO]: [SOCKET] Emitting event "notification" to user room f1ed7772-c93e-4339-90de-752bdef336eb
[2026-06-16 15:41:54:4154] [INFO]: [NOTIFICATION SERVICE] Creating notification for user f1ed7772-c93e-4339-90de-752bdef336eb: "User Story Assigned via Import"
[2026-06-16 15:41:54:4154] [INFO]: [SOCKET] Emitting event "notification" to user room f1ed7772-c93e-4339-90de-752bdef336eb
[2026-06-16 15:41:54:4154] [INFO]: [NOTIFICATION SERVICE] Creating notification for user f1ed7772-c93e-4339-90de-752bdef336eb: "User Story Assigned via Import"
[2026-06-16 15:41:54:4154] [INFO]: [SOCKET] Emitting event "notification" to user room f1ed7772-c93e-4339-90de-752bdef336eb
[2026-06-16 15:41:54:4154] [INFO]: [NOTIFICATION SERVICE] Creating notification for user f1ed7772-c93e-4339-90de-752bdef336eb: "User Story Assigned via Import"
[2026-06-16 15:41:54:4154] [INFO]: [SOCKET] Emitting event "notification" to user room f1ed7772-c93e-4339-90de-752bdef336eb
[2026-06-16 15:41:54:4154] [INFO]: [NOTIFICATION SERVICE] Creating notification for user f1ed7772-c93e-4339-90de-752bdef336eb: "User Story Assigned via Import"
[2026-06-16 15:41:54:4154] [INFO]: [SOCKET] Emitting event "notification" to user room f1ed7772-c93e-4339-90de-752bdef336eb
[2026-06-16 15:41:54:4154] [INFO]: [NOTIFICATION SERVICE] Creating notification for user f1ed7772-c93e-4339-90de-752bdef336eb: "User Story Assigned via Import"
[2026-06-16 15:41:54:4154] [INFO]: [SOCKET] Emitting event "notification" to user room f1ed7772-c93e-4339-90de-752bdef336eb
[2026-06-16 15:41:54:4154] [INFO]: [NOTIFICATION SERVICE] Creating notification for user f1ed7772-c93e-4339-90de-752bdef336eb: "User Story Assigned via Import"
[2026-06-16 15:41:54:4154] [INFO]: [SOCKET] Emitting event "notification" to user room f1ed7772-c93e-4339-90de-752bdef336eb
[2026-06-16 15:41:54:4154] [INFO]: [NOTIFICATION SERVICE] Creating notification for user f1ed7772-c93e-4339-90de-752bdef336eb: "User Story Assigned via Import"
[2026-06-16 15:41:54:4154] [INFO]: [SOCKET] Emitting event "notification" to user room f1ed7772-c93e-4339-90de-752bdef336eb
[2026-06-16 15:41:54:4154] [INFO]: [NOTIFICATION SERVICE] Creating notification for user f1ed7772-c93e-4339-90de-752bdef336eb: "User Story Assigned via Import"
[2026-06-16 15:41:54:4154] [INFO]: [SOCKET] Emitting event "notification" to user room f1ed7772-c93e-4339-90de-752bdef336eb
[2026-06-16 15:41:54:4154] [INFO]: [NOTIFICATION SERVICE] Creating notification for user f1ed7772-c93e-4339-90de-752bdef336eb: "User Story Assigned via Import"
[2026-06-16 15:41:54:4154] [INFO]: [SOCKET] Emitting event "notification" to user room f1ed7772-c93e-4339-90de-752bdef336eb
[2026-06-16 15:41:54:4154] [INFO]: POST /api/user-stories/bulk 201 5531 - 534.427 ms
[2026-06-16 15:41:54:4154] [INFO]: OPTIONS /api/users?productId=3f47af6d-c2a1-41e2-8cb4-b322b5a6a9b7 204 0 - 0.099 ms
[2026-06-16 15:41:54:4154] [INFO]: GET /api/users?productId=3f47af6d-c2a1-41e2-8cb4-b322b5a6a9b7 304 - - 3.301 ms
[2026-06-16 15:41:54:4154] [INFO]: GET /api/user-stories?productId=3f47af6d-c2a1-41e2-8cb4-b322b5a6a9b7 200 709708 - 22.208 ms
[2026-06-16 15:42:16:4216] [INFO]: OPTIONS /api/user-stories?productId=64108a7b-0d49-4004-94dd-64a1ee68ac1c 204 0 - 0.243 ms
[2026-06-16 15:42:16:4216] [INFO]: OPTIONS /api/users?productId=64108a7b-0d49-4004-94dd-64a1ee68ac1c 204 0 - 0.089 ms
[2026-06-16 15:42:16:4216] [INFO]: GET /api/users?productId=64108a7b-0d49-4004-94dd-64a1ee68ac1c 200 44792 - 6.122 ms
[2026-06-16 15:42:16:4216] [INFO]: GET /api/user-stories?productId=64108a7b-0d49-4004-94dd-64a1ee68ac1c 200 1040 - 12.471 ms
[2026-06-16 15:42:23:4223] [INFO]: OPTIONS /api/user-stories?productId=64108a7b-0d49-4004-94dd-64a1ee68ac1c 204 0 - 0.101 ms
[2026-06-16 15:42:23:4223] [INFO]: DELETE /api/user-stories?productId=64108a7b-0d49-4004-94dd-64a1ee68ac1c 200 52 - 14.763 ms
[2026-06-16 15:42:23:4223] [INFO]: OPTIONS /api/users?productId=64108a7b-0d49-4004-94dd-64a1ee68ac1c 204 0 - 0.095 ms
[2026-06-16 15:42:23:4223] [INFO]: GET /api/user-stories?productId=64108a7b-0d49-4004-94dd-64a1ee68ac1c 200 2 - 7.198 ms
[2026-06-16 15:42:23:4223] [INFO]: GET /api/users?productId=64108a7b-0d49-4004-94dd-64a1ee68ac1c 304 - - 5.275 ms
[2026-06-16 15:42:28:4228] [INFO]: OPTIONS /api/user-stories?productId=3f47af6d-c2a1-41e2-8cb4-b322b5a6a9b7 204 0 - 0.106 ms
[2026-06-16 15:42:28:4228] [INFO]: OPTIONS /api/users?productId=3f47af6d-c2a1-41e2-8cb4-b322b5a6a9b7 204 0 - 0.154 ms
[2026-06-16 15:42:28:4228] [INFO]: GET /api/users?productId=3f47af6d-c2a1-41e2-8cb4-b322b5a6a9b7 304 - - 4.772 ms
[2026-06-16 15:42:28:4228] [INFO]: GET /api/user-stories?productId=3f47af6d-c2a1-41e2-8cb4-b322b5a6a9b7 304 - - 16.700 ms
[2026-06-16 15:42:32:4232] [INFO]: DELETE /api/user-stories?productId=3f47af6d-c2a1-41e2-8cb4-b322b5a6a9b7 200 52 - 15.784 ms
[2026-06-16 15:42:32:4232] [INFO]: GET /api/users?productId=3f47af6d-c2a1-41e2-8cb4-b322b5a6a9b7 304 - - 3.916 ms
[2026-06-16 15:42:32:4232] [INFO]: GET /api/user-stories?productId=3f47af6d-c2a1-41e2-8cb4-b322b5a6a9b7 200 2 - 6.662 ms
[2026-06-16 15:42:37:4237] [INFO]: OPTIONS /api/user-stories?productId=64108a7b-0d49-4004-94dd-64a1ee68ac1c 204 0 - 0.149 ms
[2026-06-16 15:42:37:4237] [INFO]: OPTIONS /api/users?productId=64108a7b-0d49-4004-94dd-64a1ee68ac1c 204 0 - 0.062 ms
[2026-06-16 15:42:37:4237] [INFO]: GET /api/users?productId=64108a7b-0d49-4004-94dd-64a1ee68ac1c 304 - - 3.325 ms
[2026-06-16 15:42:37:4237] [INFO]: GET /api/user-stories?productId=64108a7b-0d49-4004-94dd-64a1ee68ac1c 304 - - 5.760 ms
[2026-06-16 15:42:43:4243] [INFO]: OPTIONS /api/features?productId=64108a7b-0d49-4004-94dd-64a1ee68ac1c 204 0 - 0.152 ms
[2026-06-16 15:42:43:4243] [INFO]: OPTIONS /api/users?productId=64108a7b-0d49-4004-94dd-64a1ee68ac1c 204 0 - 0.077 ms
[2026-06-16 15:42:43:4243] [INFO]: OPTIONS /api/features?productId=64108a7b-0d49-4004-94dd-64a1ee68ac1c 204 0 - 0.065 ms
[2026-06-16 15:42:43:4243] [INFO]: OPTIONS /api/users?productId=64108a7b-0d49-4004-94dd-64a1ee68ac1c 204 0 - 0.067 ms
[2026-06-16 15:42:43:4243] [INFO]: GET /api/users?productId=64108a7b-0d49-4004-94dd-64a1ee68ac1c 304 - - 6.466 ms
[2026-06-16 15:42:43:4243] [INFO]: GET /api/features?productId=64108a7b-0d49-4004-94dd-64a1ee68ac1c 304 - - 13.524 ms
[2026-06-16 15:42:43:4243] [INFO]: GET /api/users?productId=64108a7b-0d49-4004-94dd-64a1ee68ac1c 304 - - 10.488 ms
[2026-06-16 15:42:43:4243] [INFO]: GET /api/features?productId=64108a7b-0d49-4004-94dd-64a1ee68ac1c 304 - - 18.104 ms
[2026-06-16 15:42:45:4245] [INFO]: OPTIONS /api/features?productId=3f47af6d-c2a1-41e2-8cb4-b322b5a6a9b7 204 0 - 0.135 ms
[2026-06-16 15:42:45:4245] [INFO]: OPTIONS /api/users?productId=3f47af6d-c2a1-41e2-8cb4-b322b5a6a9b7 204 0 - 0.069 ms
[2026-06-16 15:42:45:4245] [INFO]: GET /api/users?productId=3f47af6d-c2a1-41e2-8cb4-b322b5a6a9b7 304 - - 3.462 ms
[2026-06-16 15:42:45:4245] [INFO]: GET /api/features?productId=3f47af6d-c2a1-41e2-8cb4-b322b5a6a9b7 304 - - 30.533 ms
[2026-06-16 15:42:47:4247] [INFO]: DELETE /api/features?productId=3f47af6d-c2a1-41e2-8cb4-b322b5a6a9b7 200 48 - 15.463 ms
[2026-06-16 15:42:47:4247] [INFO]: GET /api/users?productId=3f47af6d-c2a1-41e2-8cb4-b322b5a6a9b7 304 - - 3.415 ms
[2026-06-16 15:42:47:4247] [INFO]: GET /api/features?productId=3f47af6d-c2a1-41e2-8cb4-b322b5a6a9b7 200 2 - 6.196 ms
[2026-06-16 15:42:50:4250] [INFO]: OPTIONS /api/features?productId=64108a7b-0d49-4004-94dd-64a1ee68ac1c 204 0 - 0.090 ms
[2026-06-16 15:42:50:4250] [INFO]: OPTIONS /api/users?productId=64108a7b-0d49-4004-94dd-64a1ee68ac1c 204 0 - 0.060 ms
[2026-06-16 15:42:50:4250] [INFO]: GET /api/features?productId=64108a7b-0d49-4004-94dd-64a1ee68ac1c 304 - - 5.566 ms
[2026-06-16 15:42:50:4250] [INFO]: GET /api/users?productId=64108a7b-0d49-4004-94dd-64a1ee68ac1c 304 - - 4.822 ms
[2026-06-16 15:42:55:4255] [INFO]: OPTIONS /api/features/bulk 204 0 - 0.087 ms
[2026-06-16 15:42:55:4255] [INFO]: [NOTIFICATION SERVICE] Creating notification for user f1ed7772-c93e-4339-90de-752bdef336eb: "Feature Assigned via Import"
[2026-06-16 15:42:55:4255] [INFO]: [SOCKET] Emitting event "notification" to user room f1ed7772-c93e-4339-90de-752bdef336eb
[2026-06-16 15:42:55:4255] [INFO]: [NOTIFICATION SERVICE] Creating notification for user f1ed7772-c93e-4339-90de-752bdef336eb: "Feature Assigned via Import"
[2026-06-16 15:42:55:4255] [INFO]: [SOCKET] Emitting event "notification" to user room f1ed7772-c93e-4339-90de-752bdef336eb
[2026-06-16 15:42:55:4255] [INFO]: [NOTIFICATION SERVICE] Creating notification for user f1ed7772-c93e-4339-90de-752bdef336eb: "Feature Assigned via Import"
[2026-06-16 15:42:55:4255] [INFO]: [SOCKET] Emitting event "notification" to user room f1ed7772-c93e-4339-90de-752bdef336eb
[2026-06-16 15:42:55:4255] [INFO]: [NOTIFICATION SERVICE] Creating notification for user f1ed7772-c93e-4339-90de-752bdef336eb: "Feature Assigned via Import"
[2026-06-16 15:42:55:4255] [INFO]: [SOCKET] Emitting event "notification" to user room f1ed7772-c93e-4339-90de-752bdef336eb
[2026-06-16 15:42:55:4255] [INFO]: [NOTIFICATION SERVICE] Creating notification for user f1ed7772-c93e-4339-90de-752bdef336eb: "Feature Assigned via Import"
[2026-06-16 15:42:55:4255] [INFO]: [SOCKET] Emitting event "notification" to user room f1ed7772-c93e-4339-90de-752bdef336eb
[2026-06-16 15:42:55:4255] [INFO]: [NOTIFICATION SERVICE] Creating notification for user f1ed7772-c93e-4339-90de-752bdef336eb: "Feature Assigned via Import"
[2026-06-16 15:42:55:4255] [INFO]: [SOCKET] Emitting event "notification" to user room f1ed7772-c93e-4339-90de-752bdef336eb
[2026-06-16 15:42:55:4255] [INFO]: [NOTIFICATION SERVICE] Creating notification for user f1ed7772-c93e-4339-90de-752bdef336eb: "Feature Assigned via Import"
[2026-06-16 15:42:55:4255] [INFO]: [SOCKET] Emitting event "notification" to user room f1ed7772-c93e-4339-90de-752bdef336eb
[2026-06-16 15:42:55:4255] [INFO]: [NOTIFICATION SERVICE] Creating notification for user f1ed7772-c93e-4339-90de-752bdef336eb: "Feature Assigned via Import"
[2026-06-16 15:42:55:4255] [INFO]: [SOCKET] Emitting event "notification" to user room f1ed7772-c93e-4339-90de-752bdef336eb
[2026-06-16 15:42:55:4255] [INFO]: [NOTIFICATION SERVICE] Creating notification for user f1ed7772-c93e-4339-90de-752bdef336eb: "Feature Assigned via Import"
[2026-06-16 15:42:55:4255] [INFO]: [SOCKET] Emitting event "notification" to user room f1ed7772-c93e-4339-90de-752bdef336eb
[2026-06-16 15:42:55:4255] [INFO]: [NOTIFICATION SERVICE] Creating notification for user f1ed7772-c93e-4339-90de-752bdef336eb: "Feature Assigned via Import"
[2026-06-16 15:42:55:4255] [INFO]: [SOCKET] Emitting event "notification" to user room f1ed7772-c93e-4339-90de-752bdef336eb
[2026-06-16 15:42:55:4255] [INFO]: [NOTIFICATION SERVICE] Creating notification for user f1ed7772-c93e-4339-90de-752bdef336eb: "Feature Assigned via Import"
[2026-06-16 15:42:55:4255] [INFO]: [SOCKET] Emitting event "notification" to user room f1ed7772-c93e-4339-90de-752bdef336eb
[2026-06-16 15:42:55:4255] [INFO]: [NOTIFICATION SERVICE] Creating notification for user f1ed7772-c93e-4339-90de-752bdef336eb: "Feature Assigned via Import"
[2026-06-16 15:42:55:4255] [INFO]: [SOCKET] Emitting event "notification" to user room f1ed7772-c93e-4339-90de-752bdef336eb
[2026-06-16 15:42:55:4255] [INFO]: [NOTIFICATION SERVICE] Creating notification for user f1ed7772-c93e-4339-90de-752bdef336eb: "Feature Assigned via Import"
[2026-06-16 15:42:55:4255] [INFO]: [SOCKET] Emitting event "notification" to user room f1ed7772-c93e-4339-90de-752bdef336eb
[2026-06-16 15:42:55:4255] [INFO]: [NOTIFICATION SERVICE] Creating notification for user f1ed7772-c93e-4339-90de-752bdef336eb: "Feature Assigned via Import"
[2026-06-16 15:42:55:4255] [INFO]: [SOCKET] Emitting event "notification" to user room f1ed7772-c93e-4339-90de-752bdef336eb
[2026-06-16 15:42:55:4255] [INFO]: [NOTIFICATION SERVICE] Creating notification for user f1ed7772-c93e-4339-90de-752bdef336eb: "Feature Assigned via Import"
[2026-06-16 15:42:55:4255] [INFO]: [SOCKET] Emitting event "notification" to user room f1ed7772-c93e-4339-90de-752bdef336eb
[2026-06-16 15:42:55:4255] [INFO]: [NOTIFICATION SERVICE] Creating notification for user f1ed7772-c93e-4339-90de-752bdef336eb: "Feature Assigned via Import"
[2026-06-16 15:42:55:4255] [INFO]: [SOCKET] Emitting event "notification" to user room f1ed7772-c93e-4339-90de-752bdef336eb
[2026-06-16 15:42:55:4255] [INFO]: [NOTIFICATION SERVICE] Creating notification for user f1ed7772-c93e-4339-90de-752bdef336eb: "Feature Assigned via Import"
[2026-06-16 15:42:55:4255] [INFO]: [SOCKET] Emitting event "notification" to user room f1ed7772-c93e-4339-90de-752bdef336eb
[2026-06-16 15:42:55:4255] [INFO]: [NOTIFICATION SERVICE] Creating notification for user f1ed7772-c93e-4339-90de-752bdef336eb: "Feature Assigned via Import"
[2026-06-16 15:42:55:4255] [INFO]: [SOCKET] Emitting event "notification" to user room f1ed7772-c93e-4339-90de-752bdef336eb
[2026-06-16 15:42:55:4255] [INFO]: [NOTIFICATION SERVICE] Creating notification for user f1ed7772-c93e-4339-90de-752bdef336eb: "Feature Assigned via Import"
[2026-06-16 15:42:55:4255] [INFO]: [SOCKET] Emitting event "notification" to user room f1ed7772-c93e-4339-90de-752bdef336eb
[2026-06-16 15:42:56:4256] [INFO]: [NOTIFICATION SERVICE] Creating notification for user f1ed7772-c93e-4339-90de-752bdef336eb: "Feature Assigned via Import"
[2026-06-16 15:42:56:4256] [INFO]: [SOCKET] Emitting event "notification" to user room f1ed7772-c93e-4339-90de-752bdef336eb
[2026-06-16 15:42:56:4256] [INFO]: [NOTIFICATION SERVICE] Creating notification for user f1ed7772-c93e-4339-90de-752bdef336eb: "Feature Assigned via Import"
[2026-06-16 15:42:56:4256] [INFO]: [SOCKET] Emitting event "notification" to user room f1ed7772-c93e-4339-90de-752bdef336eb
[2026-06-16 15:42:56:4256] [INFO]: [NOTIFICATION SERVICE] Creating notification for user f1ed7772-c93e-4339-90de-752bdef336eb: "Feature Assigned via Import"
[2026-06-16 15:42:56:4256] [INFO]: [SOCKET] Emitting event "notification" to user room f1ed7772-c93e-4339-90de-752bdef336eb
[2026-06-16 15:42:56:4256] [INFO]: [NOTIFICATION SERVICE] Creating notification for user f1ed7772-c93e-4339-90de-752bdef336eb: "Feature Assigned via Import"
[2026-06-16 15:42:56:4256] [INFO]: [SOCKET] Emitting event "notification" to user room f1ed7772-c93e-4339-90de-752bdef336eb
[2026-06-16 15:42:56:4256] [INFO]: [NOTIFICATION SERVICE] Creating notification for user f1ed7772-c93e-4339-90de-752bdef336eb: "Feature Assigned via Import"
[2026-06-16 15:42:56:4256] [INFO]: [SOCKET] Emitting event "notification" to user room f1ed7772-c93e-4339-90de-752bdef336eb
[2026-06-16 15:42:56:4256] [INFO]: [NOTIFICATION SERVICE] Creating notification for user f1ed7772-c93e-4339-90de-752bdef336eb: "Feature Assigned via Import"
[2026-06-16 15:42:56:4256] [INFO]: [SOCKET] Emitting event "notification" to user room f1ed7772-c93e-4339-90de-752bdef336eb
[2026-06-16 15:42:56:4256] [INFO]: [NOTIFICATION SERVICE] Creating notification for user f1ed7772-c93e-4339-90de-752bdef336eb: "Feature Assigned via Import"
[2026-06-16 15:42:56:4256] [INFO]: [SOCKET] Emitting event "notification" to user room f1ed7772-c93e-4339-90de-752bdef336eb
[2026-06-16 15:42:56:4256] [INFO]: [NOTIFICATION SERVICE] Creating notification for user f1ed7772-c93e-4339-90de-752bdef336eb: "Feature Assigned via Import"
[2026-06-16 15:42:56:4256] [INFO]: [SOCKET] Emitting event "notification" to user room f1ed7772-c93e-4339-90de-752bdef336eb
[2026-06-16 15:42:56:4256] [INFO]: [NOTIFICATION SERVICE] Creating notification for user f1ed7772-c93e-4339-90de-752bdef336eb: "Feature Assigned via Import"
[2026-06-16 15:42:56:4256] [INFO]: [SOCKET] Emitting event "notification" to user room f1ed7772-c93e-4339-90de-752bdef336eb
[2026-06-16 15:42:56:4256] [INFO]: [NOTIFICATION SERVICE] Creating notification for user f1ed7772-c93e-4339-90de-752bdef336eb: "Feature Assigned via Import"
[2026-06-16 15:42:56:4256] [INFO]: [SOCKET] Emitting event "notification" to user room f1ed7772-c93e-4339-90de-752bdef336eb
[2026-06-16 15:42:56:4256] [INFO]: [NOTIFICATION SERVICE] Creating notification for user f1ed7772-c93e-4339-90de-752bdef336eb: "Feature Assigned via Import"
[2026-06-16 15:42:56:4256] [INFO]: [SOCKET] Emitting event "notification" to user room f1ed7772-c93e-4339-90de-752bdef336eb
[2026-06-16 15:42:56:4256] [INFO]: [NOTIFICATION SERVICE] Creating notification for user f1ed7772-c93e-4339-90de-752bdef336eb: "Feature Assigned via Import"
[2026-06-16 15:42:56:4256] [INFO]: [SOCKET] Emitting event "notification" to user room f1ed7772-c93e-4339-90de-752bdef336eb
[2026-06-16 15:42:56:4256] [INFO]: [NOTIFICATION SERVICE] Creating notification for user f1ed7772-c93e-4339-90de-752bdef336eb: "Feature Assigned via Import"
[2026-06-16 15:42:56:4256] [INFO]: [SOCKET] Emitting event "notification" to user room f1ed7772-c93e-4339-90de-752bdef336eb
[2026-06-16 15:42:56:4256] [INFO]: [NOTIFICATION SERVICE] Creating notification for user f1ed7772-c93e-4339-90de-752bdef336eb: "Feature Assigned via Import"
[2026-06-16 15:42:56:4256] [INFO]: [SOCKET] Emitting event "notification" to user room f1ed7772-c93e-4339-90de-752bdef336eb
[2026-06-16 15:42:56:4256] [INFO]: [NOTIFICATION SERVICE] Creating notification for user f1ed7772-c93e-4339-90de-752bdef336eb: "Feature Assigned via Import"
[2026-06-16 15:42:56:4256] [INFO]: [SOCKET] Emitting event "notification" to user room f1ed7772-c93e-4339-90de-752bdef336eb
[2026-06-16 15:42:56:4256] [INFO]: [NOTIFICATION SERVICE] Creating notification for user f1ed7772-c93e-4339-90de-752bdef336eb: "Feature Assigned via Import"
[2026-06-16 15:42:56:4256] [INFO]: [SOCKET] Emitting event "notification" to user room f1ed7772-c93e-4339-90de-752bdef336eb
[2026-06-16 15:42:56:4256] [INFO]: [NOTIFICATION SERVICE] Creating notification for user f1ed7772-c93e-4339-90de-752bdef336eb: "Feature Assigned via Import"
[2026-06-16 15:42:56:4256] [INFO]: [SOCKET] Emitting event "notification" to user room f1ed7772-c93e-4339-90de-752bdef336eb
[2026-06-16 15:42:56:4256] [INFO]: [NOTIFICATION SERVICE] Creating notification for user f1ed7772-c93e-4339-90de-752bdef336eb: "Feature Assigned via Import"
[2026-06-16 15:42:56:4256] [INFO]: [SOCKET] Emitting event "notification" to user room f1ed7772-c93e-4339-90de-752bdef336eb
[2026-06-16 15:42:56:4256] [INFO]: [NOTIFICATION SERVICE] Creating notification for user f1ed7772-c93e-4339-90de-752bdef336eb: "Feature Assigned via Import"
[2026-06-16 15:42:56:4256] [INFO]: [SOCKET] Emitting event "notification" to user room f1ed7772-c93e-4339-90de-752bdef336eb
[2026-06-16 15:42:56:4256] [INFO]: [NOTIFICATION SERVICE] Creating notification for user f1ed7772-c93e-4339-90de-752bdef336eb: "Feature Assigned via Import"
[2026-06-16 15:42:56:4256] [INFO]: [SOCKET] Emitting event "notification" to user room f1ed7772-c93e-4339-90de-752bdef336eb
[2026-06-16 15:42:56:4256] [INFO]: [NOTIFICATION SERVICE] Creating notification for user f1ed7772-c93e-4339-90de-752bdef336eb: "Feature Assigned via Import"
[2026-06-16 15:42:56:4256] [INFO]: [SOCKET] Emitting event "notification" to user room f1ed7772-c93e-4339-90de-752bdef336eb
[2026-06-16 15:42:56:4256] [INFO]: POST /api/features/bulk 201 15347 - 1228.557 ms
[2026-06-16 15:42:56:4256] [INFO]: OPTIONS /api/features?productId=64108a7b-0d49-4004-94dd-64a1ee68ac1c 204 0 - 0.108 ms
[2026-06-16 15:42:56:4256] [INFO]: OPTIONS /api/users?productId=64108a7b-0d49-4004-94dd-64a1ee68ac1c 204 0 - 0.110 ms
[2026-06-16 15:42:56:4256] [INFO]: GET /api/users?productId=64108a7b-0d49-4004-94dd-64a1ee68ac1c 304 - - 4.893 ms
[2026-06-16 15:42:56:4256] [INFO]: GET /api/features?productId=64108a7b-0d49-4004-94dd-64a1ee68ac1c 200 1775887 - 41.166 ms
[2026-06-16 15:43:01:431] [INFO]: OPTIONS /api/features?productId=3f47af6d-c2a1-41e2-8cb4-b322b5a6a9b7 204 0 - 0.239 ms
[2026-06-16 15:43:01:431] [INFO]: OPTIONS /api/users?productId=3f47af6d-c2a1-41e2-8cb4-b322b5a6a9b7 204 0 - 0.075 ms
[2026-06-16 15:43:01:431] [INFO]: GET /api/users?productId=3f47af6d-c2a1-41e2-8cb4-b322b5a6a9b7 304 - - 3.555 ms
[2026-06-16 15:43:01:431] [INFO]: GET /api/features?productId=3f47af6d-c2a1-41e2-8cb4-b322b5a6a9b7 304 - - 6.876 ms
[2026-06-16 15:43:03:433] [INFO]: OPTIONS /api/features?productId=64108a7b-0d49-4004-94dd-64a1ee68ac1c 204 0 - 0.091 ms
[2026-06-16 15:43:03:433] [INFO]: OPTIONS /api/users?productId=64108a7b-0d49-4004-94dd-64a1ee68ac1c 204 0 - 0.056 ms
[2026-06-16 15:43:03:433] [INFO]: GET /api/users?productId=64108a7b-0d49-4004-94dd-64a1ee68ac1c 304 - - 3.723 ms
[2026-06-16 15:43:03:433] [INFO]: GET /api/features?productId=64108a7b-0d49-4004-94dd-64a1ee68ac1c 304 - - 30.563 ms
[2026-06-16 15:43:05:435] [INFO]: OPTIONS /api/user-stories?productId=64108a7b-0d49-4004-94dd-64a1ee68ac1c 204 0 - 0.130 ms
[2026-06-16 15:43:05:435] [INFO]: OPTIONS /api/user-stories?productId=64108a7b-0d49-4004-94dd-64a1ee68ac1c 204 0 - 0.058 ms
[2026-06-16 15:43:05:435] [INFO]: GET /api/users?productId=64108a7b-0d49-4004-94dd-64a1ee68ac1c 304 - - 4.085 ms
[2026-06-16 15:43:05:435] [INFO]: GET /api/user-stories?productId=64108a7b-0d49-4004-94dd-64a1ee68ac1c 304 - - 6.483 ms
[2026-06-16 15:43:05:435] [INFO]: GET /api/users?productId=64108a7b-0d49-4004-94dd-64a1ee68ac1c 304 - - 5.989 ms
[2026-06-16 15:43:05:435] [INFO]: GET /api/user-stories?productId=64108a7b-0d49-4004-94dd-64a1ee68ac1c 304 - - 8.275 ms
[2026-06-16 15:43:10:4310] [INFO]: OPTIONS /api/user-stories/bulk 204 0 - 0.112 ms
[2026-06-16 15:43:10:4310] [INFO]: [NOTIFICATION SERVICE] Creating notification for user f1ed7772-c93e-4339-90de-752bdef336eb: "User Story Assigned via Import"
[2026-06-16 15:43:10:4310] [INFO]: [SOCKET] Emitting event "notification" to user room f1ed7772-c93e-4339-90de-752bdef336eb
[2026-06-16 15:43:10:4310] [INFO]: [NOTIFICATION SERVICE] Creating notification for user f1ed7772-c93e-4339-90de-752bdef336eb: "User Story Assigned via Import"
[2026-06-16 15:43:10:4310] [INFO]: [SOCKET] Emitting event "notification" to user room f1ed7772-c93e-4339-90de-752bdef336eb
[2026-06-16 15:43:10:4310] [INFO]: [NOTIFICATION SERVICE] Creating notification for user f1ed7772-c93e-4339-90de-752bdef336eb: "User Story Assigned via Import"
[2026-06-16 15:43:10:4310] [INFO]: [SOCKET] Emitting event "notification" to user room f1ed7772-c93e-4339-90de-752bdef336eb
[2026-06-16 15:43:10:4310] [INFO]: [NOTIFICATION SERVICE] Creating notification for user f1ed7772-c93e-4339-90de-752bdef336eb: "User Story Assigned via Import"
[2026-06-16 15:43:10:4310] [INFO]: [SOCKET] Emitting event "notification" to user room f1ed7772-c93e-4339-90de-752bdef336eb
[2026-06-16 15:43:10:4310] [INFO]: [NOTIFICATION SERVICE] Creating notification for user f1ed7772-c93e-4339-90de-752bdef336eb: "User Story Assigned via Import"
[2026-06-16 15:43:10:4310] [INFO]: [SOCKET] Emitting event "notification" to user room f1ed7772-c93e-4339-90de-752bdef336eb
[2026-06-16 15:43:10:4310] [INFO]: [NOTIFICATION SERVICE] Creating notification for user f1ed7772-c93e-4339-90de-752bdef336eb: "User Story Assigned via Import"
[2026-06-16 15:43:10:4310] [INFO]: [SOCKET] Emitting event "notification" to user room f1ed7772-c93e-4339-90de-752bdef336eb
[2026-06-16 15:43:10:4310] [INFO]: [NOTIFICATION SERVICE] Creating notification for user f1ed7772-c93e-4339-90de-752bdef336eb: "User Story Assigned via Import"
[2026-06-16 15:43:10:4310] [INFO]: [SOCKET] Emitting event "notification" to user room f1ed7772-c93e-4339-90de-752bdef336eb
[2026-06-16 15:43:10:4310] [INFO]: [NOTIFICATION SERVICE] Creating notification for user f1ed7772-c93e-4339-90de-752bdef336eb: "User Story Assigned via Import"
[2026-06-16 15:43:10:4310] [INFO]: [SOCKET] Emitting event "notification" to user room f1ed7772-c93e-4339-90de-752bdef336eb
[2026-06-16 15:43:11:4311] [INFO]: [NOTIFICATION SERVICE] Creating notification for user f1ed7772-c93e-4339-90de-752bdef336eb: "User Story Assigned via Import"
[2026-06-16 15:43:11:4311] [INFO]: [SOCKET] Emitting event "notification" to user room f1ed7772-c93e-4339-90de-752bdef336eb
[2026-06-16 15:43:11:4311] [INFO]: [NOTIFICATION SERVICE] Creating notification for user f1ed7772-c93e-4339-90de-752bdef336eb: "User Story Assigned via Import"
[2026-06-16 15:43:11:4311] [INFO]: [SOCKET] Emitting event "notification" to user room f1ed7772-c93e-4339-90de-752bdef336eb
[2026-06-16 15:43:11:4311] [INFO]: [NOTIFICATION SERVICE] Creating notification for user f1ed7772-c93e-4339-90de-752bdef336eb: "User Story Assigned via Import"
[2026-06-16 15:43:11:4311] [INFO]: [SOCKET] Emitting event "notification" to user room f1ed7772-c93e-4339-90de-752bdef336eb
[2026-06-16 15:43:11:4311] [INFO]: [NOTIFICATION SERVICE] Creating notification for user f1ed7772-c93e-4339-90de-752bdef336eb: "User Story Assigned via Import"
[2026-06-16 15:43:11:4311] [INFO]: [SOCKET] Emitting event "notification" to user room f1ed7772-c93e-4339-90de-752bdef336eb
[2026-06-16 15:43:11:4311] [INFO]: [NOTIFICATION SERVICE] Creating notification for user f1ed7772-c93e-4339-90de-752bdef336eb: "User Story Assigned via Import"
[2026-06-16 15:43:11:4311] [INFO]: [SOCKET] Emitting event "notification" to user room f1ed7772-c93e-4339-90de-752bdef336eb
[2026-06-16 15:43:11:4311] [INFO]: [NOTIFICATION SERVICE] Creating notification for user f1ed7772-c93e-4339-90de-752bdef336eb: "User Story Assigned via Import"
[2026-06-16 15:43:11:4311] [INFO]: [SOCKET] Emitting event "notification" to user room f1ed7772-c93e-4339-90de-752bdef336eb
[2026-06-16 15:43:11:4311] [INFO]: [NOTIFICATION SERVICE] Creating notification for user f1ed7772-c93e-4339-90de-752bdef336eb: "User Story Assigned via Import"
[2026-06-16 15:43:11:4311] [INFO]: [SOCKET] Emitting event "notification" to user room f1ed7772-c93e-4339-90de-752bdef336eb
[2026-06-16 15:43:11:4311] [INFO]: [NOTIFICATION SERVICE] Creating notification for user f1ed7772-c93e-4339-90de-752bdef336eb: "User Story Assigned via Import"
[2026-06-16 15:43:11:4311] [INFO]: [SOCKET] Emitting event "notification" to user room f1ed7772-c93e-4339-90de-752bdef336eb
[2026-06-16 15:43:11:4311] [INFO]: POST /api/user-stories/bulk 201 5531 - 470.261 ms
[2026-06-16 15:43:11:4311] [INFO]: OPTIONS /api/user-stories?productId=64108a7b-0d49-4004-94dd-64a1ee68ac1c 204 0 - 0.100 ms
[2026-06-16 15:43:11:4311] [INFO]: OPTIONS /api/users?productId=64108a7b-0d49-4004-94dd-64a1ee68ac1c 204 0 - 0.113 ms
[2026-06-16 15:43:11:4311] [INFO]: GET /api/user-stories?productId=64108a7b-0d49-4004-94dd-64a1ee68ac1c 200 709708 - 16.843 ms
[2026-06-16 15:43:11:4311] [INFO]: GET /api/users?productId=64108a7b-0d49-4004-94dd-64a1ee68ac1c 304 - - 17.417 ms
[2026-06-16 15:43:16:4316] [INFO]: OPTIONS /api/features?productId=64108a7b-0d49-4004-94dd-64a1ee68ac1c 204 0 - 0.159 ms
[2026-06-16 15:43:16:4316] [INFO]: OPTIONS /api/users?productId=64108a7b-0d49-4004-94dd-64a1ee68ac1c 204 0 - 0.069 ms
[2026-06-16 15:43:16:4316] [INFO]: OPTIONS /api/features?productId=64108a7b-0d49-4004-94dd-64a1ee68ac1c 204 0 - 0.058 ms
[2026-06-16 15:43:16:4316] [INFO]: OPTIONS /api/users?productId=64108a7b-0d49-4004-94dd-64a1ee68ac1c 204 0 - 0.095 ms
[2026-06-16 15:43:16:4316] [INFO]: GET /api/users?productId=64108a7b-0d49-4004-94dd-64a1ee68ac1c 304 - - 3.582 ms
[2026-06-16 15:43:16:4316] [INFO]: GET /api/users?productId=64108a7b-0d49-4004-94dd-64a1ee68ac1c 304 - - 3.898 ms
[2026-06-16 15:43:16:4316] [INFO]: GET /api/features?productId=64108a7b-0d49-4004-94dd-64a1ee68ac1c 304 - - 30.566 ms
[2026-06-16 15:43:16:4316] [INFO]: GET /api/features?productId=64108a7b-0d49-4004-94dd-64a1ee68ac1c 304 - - 76.752 ms
[2026-06-16 15:43:19:4319] [INFO]: OPTIONS /api/user-stories?productId=64108a7b-0d49-4004-94dd-64a1ee68ac1c 204 0 - 0.125 ms
[2026-06-16 15:43:19:4319] [INFO]: OPTIONS /api/user-stories?productId=64108a7b-0d49-4004-94dd-64a1ee68ac1c 204 0 - 0.060 ms
[2026-06-16 15:43:19:4319] [INFO]: GET /api/users?productId=64108a7b-0d49-4004-94dd-64a1ee68ac1c 304 - - 4.633 ms
[2026-06-16 15:43:19:4319] [INFO]: GET /api/users?productId=64108a7b-0d49-4004-94dd-64a1ee68ac1c 304 - - 5.352 ms
[2026-06-16 15:43:19:4319] [INFO]: GET /api/user-stories?productId=64108a7b-0d49-4004-94dd-64a1ee68ac1c 304 - - 17.892 ms
[2026-06-16 15:43:19:4319] [INFO]: GET /api/user-stories?productId=64108a7b-0d49-4004-94dd-64a1ee68ac1c 304 - - 19.303 ms
[2026-06-16 15:43:21:4321] [INFO]: OPTIONS /api/user-stories?productId=3f47af6d-c2a1-41e2-8cb4-b322b5a6a9b7 204 0 - 0.097 ms
[2026-06-16 15:43:21:4321] [INFO]: OPTIONS /api/users?productId=3f47af6d-c2a1-41e2-8cb4-b322b5a6a9b7 204 0 - 0.070 ms
[2026-06-16 15:43:21:4321] [INFO]: GET /api/users?productId=3f47af6d-c2a1-41e2-8cb4-b322b5a6a9b7 304 - - 3.442 ms
[2026-06-16 15:43:21:4321] [INFO]: GET /api/user-stories?productId=3f47af6d-c2a1-41e2-8cb4-b322b5a6a9b7 304 - - 6.568 ms
[2026-06-16 15:43:23:4323] [INFO]: OPTIONS /api/user-stories?productId=1e81a15c-8027-4cfc-bfef-bdf202af5dfc 204 0 - 0.102 ms
[2026-06-16 15:43:23:4323] [INFO]: OPTIONS /api/users?productId=1e81a15c-8027-4cfc-bfef-bdf202af5dfc 204 0 - 0.065 ms
[2026-06-16 15:43:23:4323] [INFO]: GET /api/users?productId=1e81a15c-8027-4cfc-bfef-bdf202af5dfc 200 2 - 3.814 ms
[2026-06-16 15:43:23:4323] [INFO]: GET /api/user-stories?productId=1e81a15c-8027-4cfc-bfef-bdf202af5dfc 200 2 - 8.097 ms
[2026-06-16 15:43:25:4325] [INFO]: OPTIONS /api/user-stories?productId=3f9b9498-9f75-428a-a913-c12aaba206d1 204 0 - 0.115 ms
[2026-06-16 15:43:25:4325] [INFO]: OPTIONS /api/users?productId=3f9b9498-9f75-428a-a913-c12aaba206d1 204 0 - 0.062 ms
[2026-06-16 15:43:25:4325] [INFO]: GET /api/user-stories?productId=3f9b9498-9f75-428a-a913-c12aaba206d1 200 2 - 5.584 ms
[2026-06-16 15:43:25:4325] [INFO]: GET /api/users?productId=3f9b9498-9f75-428a-a913-c12aaba206d1 200 253 - 4.804 ms
[2026-06-16 15:43:26:4326] [INFO]: OPTIONS /api/user-stories?productId=87c6432a-87ed-4b79-be8d-a6a6fe77e1c4 204 0 - 0.095 ms
[2026-06-16 15:43:26:4326] [INFO]: OPTIONS /api/users?productId=87c6432a-87ed-4b79-be8d-a6a6fe77e1c4 204 0 - 0.069 ms
[2026-06-16 15:43:26:4326] [INFO]: GET /api/users?productId=87c6432a-87ed-4b79-be8d-a6a6fe77e1c4 200 261 - 3.094 ms
[2026-06-16 15:43:26:4326] [INFO]: GET /api/user-stories?productId=87c6432a-87ed-4b79-be8d-a6a6fe77e1c4 200 2 - 6.363 ms
[2026-06-16 15:43:28:4328] [INFO]: OPTIONS /api/user-stories?productId=ed84d7a3-b63f-46ab-89fb-b9212c0aed5c 204 0 - 0.113 ms
[2026-06-16 15:43:28:4328] [INFO]: OPTIONS /api/users?productId=ed84d7a3-b63f-46ab-89fb-b9212c0aed5c 204 0 - 0.072 ms
[2026-06-16 15:43:28:4328] [INFO]: GET /api/users?productId=ed84d7a3-b63f-46ab-89fb-b9212c0aed5c 200 399 - 2.968 ms
[2026-06-16 15:43:28:4328] [INFO]: GET /api/user-stories?productId=ed84d7a3-b63f-46ab-89fb-b9212c0aed5c 200 2 - 8.221 ms
[2026-06-16 15:43:31:4331] [INFO]: OPTIONS /api/user-stories?productId=64108a7b-0d49-4004-94dd-64a1ee68ac1c 204 0 - 0.159 ms
[2026-06-16 15:43:31:4331] [INFO]: OPTIONS /api/users?productId=64108a7b-0d49-4004-94dd-64a1ee68ac1c 204 0 - 0.121 ms
[2026-06-16 15:43:31:4331] [INFO]: GET /api/users?productId=64108a7b-0d49-4004-94dd-64a1ee68ac1c 304 - - 4.158 ms
[2026-06-16 15:43:31:4331] [INFO]: GET /api/user-stories?productId=64108a7b-0d49-4004-94dd-64a1ee68ac1c 304 - - 16.749 ms
[2026-06-16 15:43:32:4332] [INFO]: OPTIONS /api/features?productId=64108a7b-0d49-4004-94dd-64a1ee68ac1c 204 0 - 0.165 ms
[2026-06-16 15:43:32:4332] [INFO]: OPTIONS /api/features?productId=64108a7b-0d49-4004-94dd-64a1ee68ac1c 204 0 - 0.062 ms
[2026-06-16 15:43:32:4332] [INFO]: GET /api/users?productId=64108a7b-0d49-4004-94dd-64a1ee68ac1c 304 - - 4.536 ms
[2026-06-16 15:43:32:4332] [INFO]: GET /api/users?productId=64108a7b-0d49-4004-94dd-64a1ee68ac1c 304 - - 5.031 ms
[2026-06-16 15:43:32:4332] [INFO]: GET /api/features?productId=64108a7b-0d49-4004-94dd-64a1ee68ac1c 304 - - 29.141 ms
[2026-06-16 15:43:32:4332] [INFO]: GET /api/features?productId=64108a7b-0d49-4004-94dd-64a1ee68ac1c 304 - - 67.629 ms
[2026-06-16 15:43:33:4333] [INFO]: OPTIONS /api/features?productId=ed84d7a3-b63f-46ab-89fb-b9212c0aed5c 204 0 - 0.091 ms
[2026-06-16 15:43:33:4333] [INFO]: OPTIONS /api/users?productId=ed84d7a3-b63f-46ab-89fb-b9212c0aed5c 204 0 - 0.066 ms
[2026-06-16 15:43:33:4333] [INFO]: GET /api/features?productId=ed84d7a3-b63f-46ab-89fb-b9212c0aed5c 200 2 - 4.886 ms
[2026-06-16 15:43:33:4333] [INFO]: GET /api/users?productId=ed84d7a3-b63f-46ab-89fb-b9212c0aed5c 304 - - 4.490 ms
[2026-06-16 15:43:35:4335] [INFO]: OPTIONS /api/features?productId=0c770758-f15b-405a-b1f6-c8c2acd1f4d0 204 0 - 0.154 ms
[2026-06-16 15:43:35:4335] [INFO]: OPTIONS /api/users?productId=0c770758-f15b-405a-b1f6-c8c2acd1f4d0 204 0 - 0.067 ms
[2026-06-16 15:43:35:4335] [INFO]: GET /api/users?productId=0c770758-f15b-405a-b1f6-c8c2acd1f4d0 200 267 - 3.424 ms
[2026-06-16 15:43:35:4335] [INFO]: GET /api/features?productId=0c770758-f15b-405a-b1f6-c8c2acd1f4d0 200 2 - 6.179 ms
[2026-06-16 15:43:36:4336] [INFO]: OPTIONS /api/features?productId=3f47af6d-c2a1-41e2-8cb4-b322b5a6a9b7 204 0 - 0.160 ms
[2026-06-16 15:43:36:4336] [INFO]: OPTIONS /api/users?productId=3f47af6d-c2a1-41e2-8cb4-b322b5a6a9b7 204 0 - 0.082 ms
[2026-06-16 15:43:36:4336] [INFO]: GET /api/users?productId=3f47af6d-c2a1-41e2-8cb4-b322b5a6a9b7 304 - - 3.087 ms
[2026-06-16 15:43:36:4336] [INFO]: GET /api/features?productId=3f47af6d-c2a1-41e2-8cb4-b322b5a6a9b7 304 - - 5.479 ms
[2026-06-16 15:43:38:4338] [INFO]: OPTIONS /api/features?productId=3f9b9498-9f75-428a-a913-c12aaba206d1 204 0 - 0.098 ms
[2026-06-16 15:43:38:4338] [INFO]: OPTIONS /api/users?productId=3f9b9498-9f75-428a-a913-c12aaba206d1 204 0 - 0.074 ms
[2026-06-16 15:43:38:4338] [INFO]: GET /api/users?productId=3f9b9498-9f75-428a-a913-c12aaba206d1 304 - - 3.674 ms
[2026-06-16 15:43:38:4338] [INFO]: GET /api/features?productId=3f9b9498-9f75-428a-a913-c12aaba206d1 200 2 - 6.282 ms
[2026-06-16 15:43:40:4340] [INFO]: OPTIONS /api/features?productId=64108a7b-0d49-4004-94dd-64a1ee68ac1c 204 0 - 0.092 ms
[2026-06-16 15:43:40:4340] [INFO]: OPTIONS /api/users?productId=64108a7b-0d49-4004-94dd-64a1ee68ac1c 204 0 - 0.066 ms
[2026-06-16 15:43:40:4340] [INFO]: GET /api/users?productId=64108a7b-0d49-4004-94dd-64a1ee68ac1c 304 - - 4.475 ms
[2026-06-16 15:43:40:4340] [INFO]: GET /api/features?productId=64108a7b-0d49-4004-94dd-64a1ee68ac1c 304 - - 34.394 ms
[2026-06-16 15:43:56:4356] [INFO]: OPTIONS /api/requirements-mapping?projectId=64108a7b-0d49-4004-94dd-64a1ee68ac1c 204 0 - 0.195 ms
[2026-06-16 15:43:56:4356] [INFO]: OPTIONS /api/user-stories?productId=64108a7b-0d49-4004-94dd-64a1ee68ac1c 204 0 - 0.076 ms
[2026-06-16 15:43:56:4356] [INFO]: OPTIONS /api/functional-requirements?productId=64108a7b-0d49-4004-94dd-64a1ee68ac1c 204 0 - 0.115 ms
[2026-06-16 15:43:56:4356] [INFO]: OPTIONS /api/requirements-mapping?projectId=64108a7b-0d49-4004-94dd-64a1ee68ac1c 204 0 - 0.062 ms
[2026-06-16 15:43:56:4356] [INFO]: OPTIONS /api/user-stories?productId=64108a7b-0d49-4004-94dd-64a1ee68ac1c 204 0 - 0.065 ms
[2026-06-16 15:43:56:4356] [INFO]: GET /api/requirements-mapping?projectId=64108a7b-0d49-4004-94dd-64a1ee68ac1c 200 6332 - 30.631 ms
[2026-06-16 15:43:56:4356] [INFO]: GET /api/user-stories?productId=64108a7b-0d49-4004-94dd-64a1ee68ac1c 304 - - 40.150 ms
[2026-06-16 15:43:56:4356] [INFO]: GET /api/functional-requirements?productId=64108a7b-0d49-4004-94dd-64a1ee68ac1c 304 - - 40.234 ms
[2026-06-16 15:43:56:4356] [INFO]: GET /api/functional-requirements?productId=64108a7b-0d49-4004-94dd-64a1ee68ac1c 304 - - 11.242 ms
[2026-06-16 15:43:56:4356] [INFO]: GET /api/requirements-mapping?projectId=64108a7b-0d49-4004-94dd-64a1ee68ac1c 304 - - 27.208 ms
[2026-06-16 15:43:56:4356] [INFO]: GET /api/user-stories?productId=64108a7b-0d49-4004-94dd-64a1ee68ac1c 304 - - 43.937 ms
[2026-06-16 15:44:29:4429] [INFO]: OPTIONS /api/features?productId=64108a7b-0d49-4004-94dd-64a1ee68ac1c 204 0 - 0.089 ms
[2026-06-16 15:44:29:4429] [INFO]: OPTIONS /api/users?productId=64108a7b-0d49-4004-94dd-64a1ee68ac1c 204 0 - 0.078 ms
[2026-06-16 15:44:29:4429] [INFO]: OPTIONS /api/features?productId=64108a7b-0d49-4004-94dd-64a1ee68ac1c 204 0 - 0.064 ms
[2026-06-16 15:44:29:4429] [INFO]: OPTIONS /api/users?productId=64108a7b-0d49-4004-94dd-64a1ee68ac1c 204 0 - 0.097 ms
[2026-06-16 15:44:29:4429] [INFO]: GET /api/users?productId=64108a7b-0d49-4004-94dd-64a1ee68ac1c 304 - - 7.038 ms
[2026-06-16 15:44:29:4429] [INFO]: GET /api/users?productId=64108a7b-0d49-4004-94dd-64a1ee68ac1c 304 - - 4.230 ms
[2026-06-16 15:44:29:4429] [INFO]: GET /api/features?productId=64108a7b-0d49-4004-94dd-64a1ee68ac1c 304 - - 32.542 ms
[2026-06-16 15:44:29:4429] [INFO]: GET /api/features?productId=64108a7b-0d49-4004-94dd-64a1ee68ac1c 304 - - 44.326 ms
[2026-06-16 15:44:30:4430] [INFO]: OPTIONS /api/products/64108a7b-0d49-4004-94dd-64a1ee68ac1c/status 204 0 - 0.147 ms
[2026-06-16 15:44:30:4430] [INFO]: OPTIONS /api/products/64108a7b-0d49-4004-94dd-64a1ee68ac1c/status 204 0 - 0.060 ms
[2026-06-16 15:44:30:4430] [INFO]: GET /api/users?productId=64108a7b-0d49-4004-94dd-64a1ee68ac1c 304 - - 5.659 ms
[2026-06-16 15:44:30:4430] [INFO]: GET /api/products/64108a7b-0d49-4004-94dd-64a1ee68ac1c/status 304 - - 7.067 ms
[2026-06-16 15:44:30:4430] [INFO]: GET /api/users?productId=64108a7b-0d49-4004-94dd-64a1ee68ac1c 304 - - 10.167 ms
[2026-06-16 15:44:30:4430] [INFO]: GET /api/products/64108a7b-0d49-4004-94dd-64a1ee68ac1c/status 304 - - 8.737 ms
[2026-06-16 15:55:07:557] [INFO]: [SOCKET] User disconnected: Krishna Shelar (f1ed7772-c93e-4339-90de-752bdef336eb) - Socket: 3KIXJICQxqNP_WYSAAAP
[2026-06-16 15:55:07:557] [INFO]: [SOCKET] User disconnected: Krishna Shelar (f1ed7772-c93e-4339-90de-752bdef336eb) - Socket: ezFUTQM6-3_SaJbEAAAO
[2026-06-16 15:57:52:5752] [INFO]: OPTIONS /api/products 204 0 - 0.070 ms
[2026-06-16 15:57:52:5752] [INFO]: [SOCKET] User connected: Krishna Shelar (f1ed7772-c93e-4339-90de-752bdef336eb) - Socket: UepWM5fKHnToOO8-AAAS
[2026-06-16 15:57:52:5752] [INFO]: [SOCKET] User connected: Krishna Shelar (f1ed7772-c93e-4339-90de-752bdef336eb) - Socket: Fi1FFS-QU4IkL76UAAAT
[2026-06-16 15:57:52:5752] [INFO]: GET /api/products 304 - - 26.783 ms
[2026-06-16 15:57:52:5752] [INFO]: GET /api/products 304 - - 6.936 ms
[2026-06-16 15:57:52:5752] [INFO]: OPTIONS /api/products/64108a7b-0d49-4004-94dd-64a1ee68ac1c/status 204 0 - 0.111 ms
[2026-06-16 15:57:52:5752] [INFO]: OPTIONS /api/users?productId=64108a7b-0d49-4004-94dd-64a1ee68ac1c 204 0 - 0.079 ms
[2026-06-16 15:57:52:5752] [INFO]: OPTIONS /api/users?productId=64108a7b-0d49-4004-94dd-64a1ee68ac1c 204 0 - 0.045 ms
[2026-06-16 15:57:52:5752] [INFO]: GET /api/users?productId=64108a7b-0d49-4004-94dd-64a1ee68ac1c 304 - - 4.121 ms
[2026-06-16 15:57:52:5752] [INFO]: GET /api/products/64108a7b-0d49-4004-94dd-64a1ee68ac1c/status 304 - - 22.978 ms
[2026-06-16 15:57:52:5752] [INFO]: GET /api/users?productId=64108a7b-0d49-4004-94dd-64a1ee68ac1c 304 - - 5.277 ms
[2026-06-16 15:57:52:5752] [INFO]: GET /api/users?productId=64108a7b-0d49-4004-94dd-64a1ee68ac1c 304 - - 4.660 ms
[2026-06-16 15:57:52:5752] [INFO]: GET /api/products/64108a7b-0d49-4004-94dd-64a1ee68ac1c/status 304 - - 9.208 ms
[2026-06-16 15:57:52:5752] [INFO]: GET /api/products/64108a7b-0d49-4004-94dd-64a1ee68ac1c/status 304 - - 4.224 ms
[2026-06-16 16:05:19:519] [INFO]: [SOCKET] User disconnected: Krishna Shelar (f1ed7772-c93e-4339-90de-752bdef336eb) - Socket: Fi1FFS-QU4IkL76UAAAT
[2026-06-16 16:05:19:519] [INFO]: [SOCKET] User disconnected: Krishna Shelar (f1ed7772-c93e-4339-90de-752bdef336eb) - Socket: UepWM5fKHnToOO8-AAAS
[2026-06-16 16:05:20:520] [INFO]: OPTIONS /api/products 204 0 - 0.092 ms
[2026-06-16 16:05:20:520] [INFO]: OPTIONS /api/products 204 0 - 0.065 ms
[2026-06-16 16:05:20:520] [INFO]: [SOCKET] User connected: Krishna Shelar (f1ed7772-c93e-4339-90de-752bdef336eb) - Socket: 71s080v-GJXFAZqXAAAW
[2026-06-16 16:05:20:520] [INFO]: [SOCKET] User connected: Krishna Shelar (f1ed7772-c93e-4339-90de-752bdef336eb) - Socket: LGaS1eONgHDQ-hn_AAAX
[2026-06-16 16:05:20:520] [INFO]: GET /api/products 304 - - 18.021 ms
[2026-06-16 16:05:20:520] [INFO]: GET /api/products 304 - - 5.603 ms
[2026-06-16 16:05:20:520] [INFO]: OPTIONS /api/products/64108a7b-0d49-4004-94dd-64a1ee68ac1c/status 204 0 - 0.110 ms
[2026-06-16 16:05:20:520] [INFO]: OPTIONS /api/users?productId=64108a7b-0d49-4004-94dd-64a1ee68ac1c 204 0 - 0.092 ms
[2026-06-16 16:05:20:520] [INFO]: OPTIONS /api/users?productId=64108a7b-0d49-4004-94dd-64a1ee68ac1c 204 0 - 0.076 ms
[2026-06-16 16:05:20:520] [INFO]: GET /api/users?productId=64108a7b-0d49-4004-94dd-64a1ee68ac1c 304 - - 14.431 ms
[2026-06-16 16:05:20:520] [INFO]: GET /api/products/64108a7b-0d49-4004-94dd-64a1ee68ac1c/status 304 - - 36.023 ms
[2026-06-16 16:05:20:520] [INFO]: GET /api/users?productId=64108a7b-0d49-4004-94dd-64a1ee68ac1c 304 - - 31.054 ms
[2026-06-16 16:05:20:520] [INFO]: GET /api/products/64108a7b-0d49-4004-94dd-64a1ee68ac1c/status 304 - - 24.397 ms
[2026-06-16 16:05:20:520] [INFO]: GET /api/users?productId=64108a7b-0d49-4004-94dd-64a1ee68ac1c 304 - - 8.748 ms
[2026-06-16 16:05:20:520] [INFO]: GET /api/products/64108a7b-0d49-4004-94dd-64a1ee68ac1c/status 304 - - 9.880 ms
[2026-06-16 16:05:22:522] [INFO]: OPTIONS /api/users/all 204 0 - 0.128 ms
[2026-06-16 16:05:22:522] [INFO]: OPTIONS /api/users/all 204 0 - 0.058 ms
[2026-06-16 16:05:22:522] [INFO]: GET /api/products 304 - - 4.194 ms
[2026-06-16 16:05:22:522] [INFO]: GET /api/products 304 - - 3.742 ms
[2026-06-16 16:05:22:522] [INFO]: GET /api/users/all 200 50819 - 13.382 ms
[2026-06-16 16:05:22:522] [INFO]: GET /api/users/all 304 - - 11.031 ms
[2026-06-16 16:09:13:913] [INFO]: [SOCKET] User disconnected: Krishna Shelar (f1ed7772-c93e-4339-90de-752bdef336eb) - Socket: LGaS1eONgHDQ-hn_AAAX
[2026-06-16 16:14:42:1442] [INFO]: [SOCKET] User disconnected: Krishna Shelar (f1ed7772-c93e-4339-90de-752bdef336eb) - Socket: 71s080v-GJXFAZqXAAAW
[2026-06-16 16:14:43:1443] [INFO]: OPTIONS /api/products 204 0 - 0.068 ms
[2026-06-16 16:14:43:1443] [INFO]: OPTIONS /api/products 204 0 - 0.041 ms
[2026-06-16 16:14:43:1443] [INFO]: [SOCKET] User connected: Krishna Shelar (f1ed7772-c93e-4339-90de-752bdef336eb) - Socket: 6fjNAwr7UE3rvnkVAAAa
[2026-06-16 16:14:43:1443] [INFO]: [SOCKET] User connected: Krishna Shelar (f1ed7772-c93e-4339-90de-752bdef336eb) - Socket: oB4PwlOeJ4QXIkD8AAAb
[2026-06-16 16:14:43:1443] [INFO]: GET /api/products 304 - - 110.712 ms
[2026-06-16 16:14:43:1443] [INFO]: OPTIONS /api/products/64108a7b-0d49-4004-94dd-64a1ee68ac1c/status 204 0 - 0.086 ms
[2026-06-16 16:14:43:1443] [INFO]: OPTIONS /api/users?productId=64108a7b-0d49-4004-94dd-64a1ee68ac1c 204 0 - 0.074 ms
[2026-06-16 16:14:43:1443] [INFO]: OPTIONS /api/users?productId=64108a7b-0d49-4004-94dd-64a1ee68ac1c 204 0 - 0.061 ms
[2026-06-16 16:14:43:1443] [INFO]: OPTIONS /api/products/64108a7b-0d49-4004-94dd-64a1ee68ac1c/status 204 0 - 0.038 ms
[2026-06-16 16:14:43:1443] [INFO]: GET /api/products 304 - - 34.751 ms
[2026-06-16 16:14:43:1443] [INFO]: GET /api/users?productId=64108a7b-0d49-4004-94dd-64a1ee68ac1c 304 - - 16.123 ms
[2026-06-16 16:14:43:1443] [INFO]: GET /api/products/64108a7b-0d49-4004-94dd-64a1ee68ac1c/status 304 - - 69.737 ms
[2026-06-16 16:14:43:1443] [INFO]: GET /api/users?productId=64108a7b-0d49-4004-94dd-64a1ee68ac1c 304 - - 18.730 ms
[2026-06-16 16:14:43:1443] [INFO]: GET /api/products/64108a7b-0d49-4004-94dd-64a1ee68ac1c/status 304 - - 20.225 ms
[2026-06-16 16:14:43:1443] [INFO]: GET /api/users?productId=64108a7b-0d49-4004-94dd-64a1ee68ac1c 304 - - 3.117 ms
[2026-06-16 16:14:43:1443] [INFO]: GET /api/products/64108a7b-0d49-4004-94dd-64a1ee68ac1c/status 304 - - 52.164 ms
[2026-06-16 16:36:19:3619] [INFO]: [SOCKET] User disconnected: Krishna Shelar (f1ed7772-c93e-4339-90de-752bdef336eb) - Socket: oB4PwlOeJ4QXIkD8AAAb
[2026-06-16 16:36:19:3619] [INFO]: [SOCKET] User disconnected: Krishna Shelar (f1ed7772-c93e-4339-90de-752bdef336eb) - Socket: 6fjNAwr7UE3rvnkVAAAa
[2026-06-16 16:36:22:3622] [INFO]: OPTIONS /api/products 204 0 - 0.034 ms
[2026-06-16 16:36:22:3622] [INFO]: GET /api/products 304 - - 20.682 ms
[2026-06-16 16:36:22:3622] [INFO]: GET /api/products 304 - - 1.708 ms
[2026-06-16 16:36:22:3622] [INFO]: [SOCKET] User connected: Krishna Shelar (f1ed7772-c93e-4339-90de-752bdef336eb) - Socket: gcWTZeU-OyVQVnd3AAAe
[2026-06-16 16:36:22:3622] [INFO]: [SOCKET] User connected: Krishna Shelar (f1ed7772-c93e-4339-90de-752bdef336eb) - Socket: Uon1XPzg9KK7UPtwAAAf
[2026-06-16 16:36:23:3623] [INFO]: OPTIONS /api/products/64108a7b-0d49-4004-94dd-64a1ee68ac1c/status 204 0 - 0.024 ms
[2026-06-16 16:36:23:3623] [INFO]: OPTIONS /api/users?productId=64108a7b-0d49-4004-94dd-64a1ee68ac1c 204 0 - 0.029 ms
[2026-06-16 16:36:23:3623] [INFO]: GET /api/products/64108a7b-0d49-4004-94dd-64a1ee68ac1c/status 304 - - 3.009 ms
[2026-06-16 16:36:23:3623] [INFO]: GET /api/users?productId=64108a7b-0d49-4004-94dd-64a1ee68ac1c 304 - - 4.562 ms
[2026-06-16 16:36:23:3623] [INFO]: GET /api/products/64108a7b-0d49-4004-94dd-64a1ee68ac1c/status 304 - - 3.067 ms
[2026-06-16 16:36:23:3623] [INFO]: GET /api/users?productId=64108a7b-0d49-4004-94dd-64a1ee68ac1c 304 - - 1.851 ms
[2026-06-16 17:59:29:5929] [INFO]: [SOCKET] User disconnected: Krishna Shelar (f1ed7772-c93e-4339-90de-752bdef336eb) - Socket: gcWTZeU-OyVQVnd3AAAe
[2026-06-16 17:59:29:5929] [INFO]: [SOCKET] User disconnected: Krishna Shelar (f1ed7772-c93e-4339-90de-752bdef336eb) - Socket: Uon1XPzg9KK7UPtwAAAf
[2026-06-16 17:59:32:5932] [INFO]: OPTIONS /api/products 204 0 - 0.295 ms
[2026-06-16 17:59:32:5932] [INFO]: GET /api/products 304 - - 20.896 ms
[2026-06-16 17:59:32:5932] [INFO]: GET /api/products 304 - - 3.238 ms
[2026-06-16 17:59:32:5932] [INFO]: [SOCKET] User connected: Krishna Shelar (f1ed7772-c93e-4339-90de-752bdef336eb) - Socket: yYO1h-ommQHJOyJJAAAi
[2026-06-16 17:59:32:5932] [INFO]: [SOCKET] User connected: Krishna Shelar (f1ed7772-c93e-4339-90de-752bdef336eb) - Socket: efo-0_JZl-KrF5vBAAAj
[2026-06-16 17:59:32:5932] [INFO]: OPTIONS /api/products/64108a7b-0d49-4004-94dd-64a1ee68ac1c/status 204 0 - 0.060 ms
[2026-06-16 17:59:32:5932] [INFO]: GET /api/products/64108a7b-0d49-4004-94dd-64a1ee68ac1c/status 304 - - 4.977 ms
[2026-06-16 17:59:32:5932] [INFO]: OPTIONS /api/users?productId=64108a7b-0d49-4004-94dd-64a1ee68ac1c 204 0 - 0.065 ms
[2026-06-16 17:59:32:5932] [INFO]: GET /api/users?productId=64108a7b-0d49-4004-94dd-64a1ee68ac1c 304 - - 6.383 ms
[2026-06-16 17:59:32:5932] [INFO]: GET /api/products/64108a7b-0d49-4004-94dd-64a1ee68ac1c/status 304 - - 3.495 ms
[2026-06-16 17:59:32:5932] [INFO]: GET /api/users?productId=64108a7b-0d49-4004-94dd-64a1ee68ac1c 304 - - 3.018 ms
[2026-06-16 18:21:39:2139] [INFO]: [SOCKET] User disconnected: Krishna Shelar (f1ed7772-c93e-4339-90de-752bdef336eb) - Socket: yYO1h-ommQHJOyJJAAAi
[2026-06-16 18:21:39:2139] [INFO]: [SOCKET] User disconnected: Krishna Shelar (f1ed7772-c93e-4339-90de-752bdef336eb) - Socket: efo-0_JZl-KrF5vBAAAj
[2026-06-16 18:21:40:2140] [INFO]: OPTIONS /api/products 204 0 - 0.081 ms
[2026-06-16 18:21:40:2140] [INFO]: GET /api/products 304 - - 18.132 ms
[2026-06-16 18:21:40:2140] [INFO]: GET /api/products 304 - - 2.348 ms
[2026-06-16 18:21:40:2140] [INFO]: [SOCKET] User connected: Krishna Shelar (f1ed7772-c93e-4339-90de-752bdef336eb) - Socket: MAOsUsSNezgzLlBbAAAm
[2026-06-16 18:21:40:2140] [INFO]: [SOCKET] User connected: Krishna Shelar (f1ed7772-c93e-4339-90de-752bdef336eb) - Socket: 8Q9UI903NzMAGXX5AAAn
[2026-06-16 18:21:40:2140] [INFO]: OPTIONS /api/products/64108a7b-0d49-4004-94dd-64a1ee68ac1c/status 204 0 - 0.055 ms
[2026-06-16 18:21:40:2140] [INFO]: GET /api/products/64108a7b-0d49-4004-94dd-64a1ee68ac1c/status 304 - - 6.682 ms
[2026-06-16 18:21:40:2140] [INFO]: OPTIONS /api/users?productId=64108a7b-0d49-4004-94dd-64a1ee68ac1c 204 0 - 0.045 ms
[2026-06-16 18:21:40:2140] [INFO]: GET /api/users?productId=64108a7b-0d49-4004-94dd-64a1ee68ac1c 304 - - 9.607 ms
[2026-06-16 18:21:40:2140] [INFO]: GET /api/users?productId=64108a7b-0d49-4004-94dd-64a1ee68ac1c 304 - - 4.076 ms
[2026-06-16 18:21:40:2140] [INFO]: GET /api/products/64108a7b-0d49-4004-94dd-64a1ee68ac1c/status 304 - - 31.010 ms
[2026-06-16 18:26:02:262] [INFO]: ==================================================
[2026-06-16 18:26:02:262] [INFO]: 🚀 TKS API Server with Socket.IO is running on port: 5000
[2026-06-16 18:26:02:262] [INFO]: 🔐 Bypass MS Auth status: true
[2026-06-16 18:26:02:262] [INFO]: ==================================================
[2026-06-16 18:26:03:263] [INFO]: [SOCKET] User connected: Krishna Shelar (f1ed7772-c93e-4339-90de-752bdef336eb) - Socket: y4ROzfbqDVABZdduAAAB
[2026-06-16 18:26:04:264] [INFO]: [SOCKET] User connected: Krishna Shelar (f1ed7772-c93e-4339-90de-752bdef336eb) - Socket: wnL1Zk1iktER8NBFAAAD
[2026-06-16 18:26:10:2610] [INFO]: ==================================================
[2026-06-16 18:26:10:2610] [INFO]: 🚀 TKS API Server with Socket.IO is running on port: 5000
[2026-06-16 18:26:10:2610] [INFO]: 🔐 Bypass MS Auth status: true
[2026-06-16 18:26:10:2610] [INFO]: ==================================================
[2026-06-16 18:26:11:2611] [INFO]: [SOCKET] User connected: Krishna Shelar (f1ed7772-c93e-4339-90de-752bdef336eb) - Socket: er6vOIwT582aupeGAAAB
[2026-06-16 18:26:12:2612] [INFO]: [SOCKET] User connected: Krishna Shelar (f1ed7772-c93e-4339-90de-752bdef336eb) - Socket: UfHvIpA6zX7gRQJNAAAD
[2026-06-16 18:49:20:4920] [INFO]: [SOCKET] User disconnected: Krishna Shelar (f1ed7772-c93e-4339-90de-752bdef336eb) - Socket: er6vOIwT582aupeGAAAB
[2026-06-16 18:49:20:4920] [INFO]: [SOCKET] User disconnected: Krishna Shelar (f1ed7772-c93e-4339-90de-752bdef336eb) - Socket: UfHvIpA6zX7gRQJNAAAD
[2026-06-16 21:37:32:3732] [INFO]: [SOCKET] User connected: Krishna Shelar (f1ed7772-c93e-4339-90de-752bdef336eb) - Socket: NsSne4RnOxhQVG3yAAAF
[2026-06-16 21:37:36:3736] [INFO]: [SOCKET] User connected: Krishna Shelar (f1ed7772-c93e-4339-90de-752bdef336eb) - Socket: -vLXf_DJbqdV2F4tAAAH
[2026-06-16 21:38:44:3844] [INFO]: [SOCKET] User disconnected: Krishna Shelar (f1ed7772-c93e-4339-90de-752bdef336eb) - Socket: NsSne4RnOxhQVG3yAAAF
[2026-06-16 21:38:44:3844] [INFO]: [SOCKET] User disconnected: Krishna Shelar (f1ed7772-c93e-4339-90de-752bdef336eb) - Socket: -vLXf_DJbqdV2F4tAAAH
[2026-06-17 18:23:23:2323] [INFO]: ==================================================
[2026-06-17 18:23:23:2323] [INFO]: 🚀 TKS API Server with Socket.IO is running on port: 5000
[2026-06-17 18:23:23:2323] [INFO]: 🔐 Bypass MS Auth status: false
[2026-06-17 18:23:23:2323] [INFO]: ==================================================
[2026-06-17 20:23:13:2313] [INFO]: ==================================================
[2026-06-17 20:23:13:2313] [INFO]: 🚀 TKS API Server with Socket.IO is running on port: 5000
[2026-06-17 20:23:13:2313] [INFO]: 🔐 Bypass MS Auth status: false
[2026-06-17 20:23:13:2313] [INFO]: ==================================================
[2026-06-17 20:31:39:3139] [INFO]: ==================================================
[2026-06-17 20:31:39:3139] [INFO]: 🚀 TKS API Server with Socket.IO is running on port: 5000
[2026-06-17 20:31:39:3139] [INFO]: 🔐 Bypass MS Auth status: false
[2026-06-17 20:31:39:3139] [INFO]: ==================================================
[2026-06-19 16:32:49:3249] [INFO]: ==================================================
[2026-06-19 16:32:49:3249] [INFO]: 🚀 TKS API Server with Socket.IO is running on port: 5000
[2026-06-19 16:32:49:3249] [INFO]: 🔐 Bypass MS Auth status: false
[2026-06-19 16:32:49:3249] [INFO]: ==================================================
[2026-06-19 16:33:08:338] [INFO]: OPTIONS /api/auth/microsoft 204 0 - 3.143 ms
[2026-06-19 16:33:09:339] [INFO]: POST /api/auth/microsoft 200 44335 - 1236.604 ms
[2026-06-19 16:33:09:339] [INFO]: OPTIONS /api/products 204 0 - 1.218 ms
[2026-06-19 16:33:09:339] [INFO]: OPTIONS /api/products 204 0 - 0.560 ms
[2026-06-19 16:33:09:339] [INFO]: [SOCKET] User connected: Krishna Shelar (de8d0345-d3af-4f54-82ff-4ec269040688) - Socket: WqRJm6ivC-XPtR3EAAAC
[2026-06-19 16:33:09:339] [INFO]: [SOCKET] User connected: Krishna Shelar (de8d0345-d3af-4f54-82ff-4ec269040688) - Socket: XRdSz_AyOYcaeMEOAAAD
[2026-06-19 16:33:10:3310] [INFO]: GET /api/products 200 2008 - 144.986 ms
[2026-06-19 16:33:10:3310] [INFO]: OPTIONS /api/products/83281d32-b29d-41e1-8a24-1d9947920146/status 204 0 - 0.355 ms
[2026-06-19 16:33:10:3310] [INFO]: OPTIONS /api/users?productId=83281d32-b29d-41e1-8a24-1d9947920146 204 0 - 0.218 ms
[2026-06-19 16:33:10:3310] [INFO]: OPTIONS /api/users?productId=83281d32-b29d-41e1-8a24-1d9947920146 204 0 - 0.256 ms
[2026-06-19 16:33:10:3310] [INFO]: GET /api/products 304 - - 82.373 ms
[2026-06-19 16:33:10:3310] [INFO]: GET /api/users?productId=83281d32-b29d-41e1-8a24-1d9947920146 200 228114 - 587.704 ms
[2026-06-19 16:33:10:3310] [INFO]: GET /api/users?productId=83281d32-b29d-41e1-8a24-1d9947920146 304 - - 132.892 ms
[2026-06-19 16:33:10:3310] [INFO]: GET /api/products/83281d32-b29d-41e1-8a24-1d9947920146/status 200 462 - 740.434 ms
[2026-06-19 16:33:10:3310] [INFO]: GET /api/users?productId=83281d32-b29d-41e1-8a24-1d9947920146 304 - - 92.001 ms
[2026-06-19 16:33:11:3311] [INFO]: GET /api/products/83281d32-b29d-41e1-8a24-1d9947920146/status 304 - - 222.308 ms
[2026-06-19 16:33:11:3311] [INFO]: GET /api/products/83281d32-b29d-41e1-8a24-1d9947920146/status 304 - - 219.595 ms
[2026-06-19 16:33:17:3317] [INFO]: OPTIONS /api/users/all 204 0 - 0.169 ms
[2026-06-19 16:33:17:3317] [INFO]: OPTIONS /api/users/all 204 0 - 0.193 ms
[2026-06-19 16:33:17:3317] [INFO]: OPTIONS /api/products 204 0 - 0.583 ms
[2026-06-19 16:33:17:3317] [INFO]: OPTIONS /api/products 204 0 - 0.322 ms
[2026-06-19 16:33:17:3317] [INFO]: GET /api/products 304 - - 115.748 ms
[2026-06-19 16:33:17:3317] [INFO]: GET /api/products 304 - - 95.880 ms
[2026-06-19 16:33:18:3318] [INFO]: GET /api/users/all 200 234251 - 1022.189 ms
[2026-06-19 16:33:18:3318] [INFO]: GET /api/users/all 304 - - 405.821 ms
[2026-06-19 16:35:27:3527] [INFO]: OPTIONS /api/user-stories?productId=83281d32-b29d-41e1-8a24-1d9947920146 204 0 - 0.166 ms
[2026-06-19 16:35:27:3527] [INFO]: OPTIONS /api/features?productId=83281d32-b29d-41e1-8a24-1d9947920146 204 0 - 0.278 ms
[2026-06-19 16:35:27:3527] [INFO]: OPTIONS /api/features?productId=83281d32-b29d-41e1-8a24-1d9947920146 204 0 - 0.130 ms
[2026-06-19 16:35:27:3527] [INFO]: OPTIONS /api/users?productId=83281d32-b29d-41e1-8a24-1d9947920146 204 0 - 0.161 ms
[2026-06-19 16:35:27:3527] [INFO]: OPTIONS /api/user-stories?productId=83281d32-b29d-41e1-8a24-1d9947920146 204 0 - 0.140 ms
[2026-06-19 16:35:27:3527] [INFO]: OPTIONS /api/users?productId=83281d32-b29d-41e1-8a24-1d9947920146 204 0 - 0.210 ms
[2026-06-19 16:35:27:3527] [INFO]: GET /api/users?productId=83281d32-b29d-41e1-8a24-1d9947920146 304 - - 421.924 ms
[2026-06-19 16:35:27:3527] [INFO]: GET /api/user-stories?productId=83281d32-b29d-41e1-8a24-1d9947920146 200 709708 - 517.686 ms
[2026-06-19 16:35:27:3527] [INFO]: GET /api/features?productId=83281d32-b29d-41e1-8a24-1d9947920146 200 1832800 - 573.586 ms
[2026-06-19 16:35:27:3527] [INFO]: GET /api/users?productId=83281d32-b29d-41e1-8a24-1d9947920146 304 - - 158.881 ms
[2026-06-19 16:35:28:3528] [INFO]: GET /api/user-stories?productId=83281d32-b29d-41e1-8a24-1d9947920146 304 - - 352.301 ms
[2026-06-19 16:35:28:3528] [INFO]: GET /api/features?productId=83281d32-b29d-41e1-8a24-1d9947920146 304 - - 484.499 ms
[2026-06-19 16:35:39:3539] [INFO]: OPTIONS /api/features?productId=83281d32-b29d-41e1-8a24-1d9947920146 204 0 - 0.295 ms
[2026-06-19 16:35:39:3539] [INFO]: OPTIONS /api/users?productId=83281d32-b29d-41e1-8a24-1d9947920146 204 0 - 2.513 ms
[2026-06-19 16:35:39:3539] [INFO]: OPTIONS /api/features?productId=83281d32-b29d-41e1-8a24-1d9947920146 204 0 - 2.075 ms
[2026-06-19 16:35:39:3539] [INFO]: OPTIONS /api/users?productId=83281d32-b29d-41e1-8a24-1d9947920146 204 0 - 0.123 ms
[2026-06-19 16:35:39:3539] [INFO]: GET /api/users?productId=83281d32-b29d-41e1-8a24-1d9947920146 304 - - 305.890 ms
[2026-06-19 16:35:39:3539] [INFO]: GET /api/features?productId=83281d32-b29d-41e1-8a24-1d9947920146 304 - - 414.260 ms
[2026-06-19 16:35:39:3539] [INFO]: GET /api/users?productId=83281d32-b29d-41e1-8a24-1d9947920146 304 - - 109.825 ms
[2026-06-19 16:35:40:3540] [INFO]: GET /api/features?productId=83281d32-b29d-41e1-8a24-1d9947920146 304 - - 406.532 ms
[2026-06-19 16:36:05:365] [INFO]: [SOCKET] User disconnected: Krishna Shelar (de8d0345-d3af-4f54-82ff-4ec269040688) - Socket: WqRJm6ivC-XPtR3EAAAC
[2026-06-19 16:36:05:365] [INFO]: [SOCKET] User disconnected: Krishna Shelar (de8d0345-d3af-4f54-82ff-4ec269040688) - Socket: XRdSz_AyOYcaeMEOAAAD
[2026-06-19 16:36:05:365] [INFO]: OPTIONS /api/products 204 0 - 0.529 ms
[2026-06-19 16:36:05:365] [INFO]: OPTIONS /api/products 204 0 - 0.195 ms
[2026-06-19 16:36:05:365] [INFO]: [SOCKET] User connected: Krishna Shelar (de8d0345-d3af-4f54-82ff-4ec269040688) - Socket: nkR24Pta6w8RaVIeAAAG
[2026-06-19 16:36:05:365] [INFO]: [SOCKET] User connected: Krishna Shelar (de8d0345-d3af-4f54-82ff-4ec269040688) - Socket: d6Hklx0GXN5p2vTFAAAH
[2026-06-19 16:36:05:365] [INFO]: GET /api/products 304 - - 127.663 ms
[2026-06-19 16:36:05:365] [INFO]: OPTIONS /api/products/83281d32-b29d-41e1-8a24-1d9947920146/status 204 0 - 0.179 ms
[2026-06-19 16:36:05:365] [INFO]: OPTIONS /api/users?productId=83281d32-b29d-41e1-8a24-1d9947920146 204 0 - 0.166 ms
[2026-06-19 16:36:05:365] [INFO]: OPTIONS /api/users?productId=83281d32-b29d-41e1-8a24-1d9947920146 204 0 - 0.118 ms
[2026-06-19 16:36:05:365] [INFO]: GET /api/products 304 - - 81.048 ms
[2026-06-19 16:36:05:365] [INFO]: GET /api/products/83281d32-b29d-41e1-8a24-1d9947920146/status 304 - - 298.182 ms
[2026-06-19 16:36:06:366] [INFO]: GET /api/users?productId=83281d32-b29d-41e1-8a24-1d9947920146 304 - - 334.356 ms
[2026-06-19 16:36:06:366] [INFO]: GET /api/products/83281d32-b29d-41e1-8a24-1d9947920146/status 304 - - 275.115 ms
[2026-06-19 16:36:06:366] [INFO]: GET /api/products/83281d32-b29d-41e1-8a24-1d9947920146/status 304 - - 239.399 ms
[2026-06-19 16:36:06:366] [INFO]: GET /api/users?productId=83281d32-b29d-41e1-8a24-1d9947920146 304 - - 492.365 ms
[2026-06-19 16:36:06:366] [INFO]: GET /api/users?productId=83281d32-b29d-41e1-8a24-1d9947920146 304 - - 85.958 ms
[2026-06-19 16:36:07:367] [INFO]: OPTIONS /api/status/c7abf630-e327-4fc7-b909-48f8ad9195e7 204 0 - 0.127 ms
[2026-06-19 16:36:09:369] [INFO]: [NOTIFICATION SERVICE] Creating notification for user 5219bd51-1f74-4da4-b079-a3a27fb3326a: "Task Status Changed"
[2026-06-19 16:36:09:369] [INFO]: [SOCKET] Emitting event "notification" to user room 5219bd51-1f74-4da4-b079-a3a27fb3326a
[2026-06-19 16:36:09:369] [INFO]: PUT /api/status/c7abf630-e327-4fc7-b909-48f8ad9195e7 200 467 - 1759.987 ms
[2026-06-19 16:36:10:3610] [INFO]: [NOTIFICATION SERVICE] Creating notification for user 5219bd51-1f74-4da4-b079-a3a27fb3326a: "Task Status Changed"
[2026-06-19 16:36:10:3610] [INFO]: [SOCKET] Emitting event "notification" to user room 5219bd51-1f74-4da4-b079-a3a27fb3326a
[2026-06-19 16:36:10:3610] [INFO]: PUT /api/status/c7abf630-e327-4fc7-b909-48f8ad9195e7 200 460 - 1614.845 ms
[2026-06-19 16:36:11:3611] [INFO]: OPTIONS /api/user-stories?productId=83281d32-b29d-41e1-8a24-1d9947920146 204 0 - 0.117 ms
[2026-06-19 16:36:11:3611] [INFO]: OPTIONS /api/users?productId=83281d32-b29d-41e1-8a24-1d9947920146 204 0 - 0.082 ms
[2026-06-19 16:36:11:3611] [INFO]: OPTIONS /api/features?productId=83281d32-b29d-41e1-8a24-1d9947920146 204 0 - 0.080 ms
[2026-06-19 16:36:11:3611] [INFO]: OPTIONS /api/user-stories?productId=83281d32-b29d-41e1-8a24-1d9947920146 204 0 - 0.182 ms
[2026-06-19 16:36:11:3611] [INFO]: OPTIONS /api/users?productId=83281d32-b29d-41e1-8a24-1d9947920146 204 0 - 0.187 ms
[2026-06-19 16:36:11:3611] [INFO]: GET /api/user-stories?productId=83281d32-b29d-41e1-8a24-1d9947920146 304 - - 320.488 ms
[2026-06-19 16:36:11:3611] [INFO]: GET /api/features?productId=83281d32-b29d-41e1-8a24-1d9947920146 304 - - 392.391 ms
[2026-06-19 16:36:11:3611] [INFO]: GET /api/users?productId=83281d32-b29d-41e1-8a24-1d9947920146 304 - - 402.480 ms
[2026-06-19 16:36:11:3611] [INFO]: GET /api/user-stories?productId=83281d32-b29d-41e1-8a24-1d9947920146 304 - - 223.093 ms
[2026-06-19 16:36:12:3612] [INFO]: GET /api/users?productId=83281d32-b29d-41e1-8a24-1d9947920146 304 - - 133.467 ms
[2026-06-19 16:36:12:3612] [INFO]: GET /api/features?productId=83281d32-b29d-41e1-8a24-1d9947920146 304 - - 269.599 ms
[2026-06-19 16:36:12:3612] [INFO]: OPTIONS /api/products/83281d32-b29d-41e1-8a24-1d9947920146/status 204 0 - 0.127 ms
[2026-06-19 16:36:12:3612] [INFO]: OPTIONS /api/products/83281d32-b29d-41e1-8a24-1d9947920146/status 204 0 - 0.095 ms
[2026-06-19 16:36:12:3612] [INFO]: GET /api/users?productId=83281d32-b29d-41e1-8a24-1d9947920146 304 - - 125.622 ms
[2026-06-19 16:36:12:3612] [INFO]: GET /api/users?productId=83281d32-b29d-41e1-8a24-1d9947920146 304 - - 88.136 ms
[2026-06-19 16:36:12:3612] [INFO]: GET /api/products/83281d32-b29d-41e1-8a24-1d9947920146/status 200 462 - 224.126 ms
[2026-06-19 16:36:12:3612] [INFO]: GET /api/features?productId=83281d32-b29d-41e1-8a24-1d9947920146 304 - - 210.633 ms
[2026-06-19 16:36:12:3612] [INFO]: GET /api/products/83281d32-b29d-41e1-8a24-1d9947920146/status 304 - - 241.324 ms
[2026-06-19 16:36:12:3612] [INFO]: GET /api/users?productId=83281d32-b29d-41e1-8a24-1d9947920146 304 - - 247.908 ms
[2026-06-19 16:36:12:3612] [INFO]: GET /api/users?productId=83281d32-b29d-41e1-8a24-1d9947920146 304 - - 75.097 ms
[2026-06-19 16:36:13:3613] [INFO]: GET /api/features?productId=83281d32-b29d-41e1-8a24-1d9947920146 304 - - 282.291 ms
[2026-06-19 16:36:34:3634] [INFO]: OPTIONS /api/user-stories?productId=83281d32-b29d-41e1-8a24-1d9947920146 204 0 - 0.334 ms
[2026-06-19 16:36:34:3634] [INFO]: OPTIONS /api/features?productId=83281d32-b29d-41e1-8a24-1d9947920146 204 0 - 0.099 ms
[2026-06-19 16:36:34:3634] [INFO]: OPTIONS /api/features?productId=83281d32-b29d-41e1-8a24-1d9947920146 204 0 - 0.097 ms
[2026-06-19 16:36:34:3634] [INFO]: OPTIONS /api/users?productId=83281d32-b29d-41e1-8a24-1d9947920146 204 0 - 1.260 ms
[2026-06-19 16:36:34:3634] [INFO]: OPTIONS /api/user-stories?productId=83281d32-b29d-41e1-8a24-1d9947920146 204 0 - 0.088 ms
[2026-06-19 16:36:34:3634] [INFO]: OPTIONS /api/users?productId=83281d32-b29d-41e1-8a24-1d9947920146 204 0 - 0.145 ms
[2026-06-19 16:36:34:3634] [INFO]: GET /api/users?productId=83281d32-b29d-41e1-8a24-1d9947920146 304 - - 350.659 ms
[2026-06-19 16:36:34:3634] [INFO]: GET /api/features?productId=83281d32-b29d-41e1-8a24-1d9947920146 304 - - 454.804 ms
[2026-06-19 16:36:34:3634] [INFO]: GET /api/user-stories?productId=83281d32-b29d-41e1-8a24-1d9947920146 304 - - 470.598 ms
[2026-06-19 16:36:34:3634] [INFO]: GET /api/users?productId=83281d32-b29d-41e1-8a24-1d9947920146 304 - - 143.827 ms
[2026-06-19 16:36:35:3635] [INFO]: GET /api/features?productId=83281d32-b29d-41e1-8a24-1d9947920146 304 - - 481.000 ms
[2026-06-19 16:36:35:3635] [INFO]: GET /api/user-stories?productId=83281d32-b29d-41e1-8a24-1d9947920146 304 - - 490.495 ms
[2026-06-19 16:37:24:3724] [INFO]: OPTIONS /api/products/83281d32-b29d-41e1-8a24-1d9947920146/status 204 0 - 0.351 ms
[2026-06-19 16:37:24:3724] [INFO]: OPTIONS /api/users?productId=83281d32-b29d-41e1-8a24-1d9947920146 204 0 - 0.160 ms
[2026-06-19 16:37:24:3724] [INFO]: OPTIONS /api/products/83281d32-b29d-41e1-8a24-1d9947920146/status 204 0 - 0.096 ms
[2026-06-19 16:37:24:3724] [INFO]: OPTIONS /api/users?productId=83281d32-b29d-41e1-8a24-1d9947920146 204 0 - 0.200 ms
[2026-06-19 16:37:24:3724] [INFO]: GET /api/products/83281d32-b29d-41e1-8a24-1d9947920146/status 304 - - 312.146 ms
[2026-06-19 16:37:24:3724] [INFO]: GET /api/products/83281d32-b29d-41e1-8a24-1d9947920146/status 304 - - 172.128 ms
[2026-06-19 16:37:24:3724] [INFO]: GET /api/users?productId=83281d32-b29d-41e1-8a24-1d9947920146 304 - - 446.877 ms
[2026-06-19 16:37:24:3724] [INFO]: GET /api/users?productId=83281d32-b29d-41e1-8a24-1d9947920146 304 - - 91.481 ms
[2026-06-19 16:37:25:3725] [INFO]: OPTIONS /api/user-stories?productId=83281d32-b29d-41e1-8a24-1d9947920146 204 0 - 0.149 ms
[2026-06-19 16:37:25:3725] [INFO]: OPTIONS /api/features?productId=83281d32-b29d-41e1-8a24-1d9947920146 204 0 - 0.121 ms
[2026-06-19 16:37:25:3725] [INFO]: GET /api/users?productId=83281d32-b29d-41e1-8a24-1d9947920146 304 - - 89.471 ms
[2026-06-19 16:37:25:3725] [INFO]: GET /api/users?productId=83281d32-b29d-41e1-8a24-1d9947920146 304 - - 85.150 ms
[2026-06-19 16:37:25:3725] [INFO]: GET /api/user-stories?productId=83281d32-b29d-41e1-8a24-1d9947920146 304 - - 319.952 ms
[2026-06-19 16:37:25:3725] [INFO]: GET /api/features?productId=83281d32-b29d-41e1-8a24-1d9947920146 304 - - 440.492 ms
[2026-06-19 16:37:25:3725] [INFO]: GET /api/user-stories?productId=83281d32-b29d-41e1-8a24-1d9947920146 304 - - 291.863 ms
[2026-06-19 16:37:25:3725] [INFO]: GET /api/features?productId=83281d32-b29d-41e1-8a24-1d9947920146 304 - - 260.455 ms
[2026-06-19 16:37:26:3726] [INFO]: GET /api/users?productId=83281d32-b29d-41e1-8a24-1d9947920146 304 - - 85.814 ms
[2026-06-19 16:37:26:3726] [INFO]: GET /api/users?productId=83281d32-b29d-41e1-8a24-1d9947920146 304 - - 89.474 ms
[2026-06-19 16:37:26:3726] [INFO]: GET /api/features?productId=83281d32-b29d-41e1-8a24-1d9947920146 304 - - 302.184 ms
[2026-06-19 16:37:26:3726] [INFO]: GET /api/features?productId=83281d32-b29d-41e1-8a24-1d9947920146 304 - - 239.500 ms
[2026-06-19 16:38:20:3820] [INFO]: [SOCKET] User disconnected: Krishna Shelar (de8d0345-d3af-4f54-82ff-4ec269040688) - Socket: d6Hklx0GXN5p2vTFAAAH
[2026-06-19 16:38:20:3820] [INFO]: [SOCKET] User disconnected: Krishna Shelar (de8d0345-d3af-4f54-82ff-4ec269040688) - Socket: nkR24Pta6w8RaVIeAAAG
[2026-06-19 16:38:21:3821] [INFO]: OPTIONS /api/products 204 0 - 0.204 ms
[2026-06-19 16:38:21:3821] [INFO]: OPTIONS /api/products 204 0 - 0.192 ms
[2026-06-19 16:38:21:3821] [INFO]: [SOCKET] User connected: Krishna Shelar (de8d0345-d3af-4f54-82ff-4ec269040688) - Socket: r_hXpMlwomtClJNXAAAK
[2026-06-19 16:38:21:3821] [INFO]: [SOCKET] User connected: Krishna Shelar (de8d0345-d3af-4f54-82ff-4ec269040688) - Socket: S56U_xtB-SGmm3faAAAL
[2026-06-19 16:38:21:3821] [INFO]: GET /api/products 304 - - 549.880 ms
[2026-06-19 16:38:21:3821] [INFO]: OPTIONS /api/products/83281d32-b29d-41e1-8a24-1d9947920146/status 204 0 - 0.152 ms
[2026-06-19 16:38:21:3821] [INFO]: OPTIONS /api/users?productId=83281d32-b29d-41e1-8a24-1d9947920146 204 0 - 0.127 ms
[2026-06-19 16:38:21:3821] [INFO]: OPTIONS /api/users?productId=83281d32-b29d-41e1-8a24-1d9947920146 204 0 - 0.144 ms
[2026-06-19 16:38:21:3821] [INFO]: GET /api/products 304 - - 61.733 ms
[2026-06-19 16:38:22:3822] [INFO]: GET /api/users?productId=83281d32-b29d-41e1-8a24-1d9947920146 304 - - 352.253 ms
[2026-06-19 16:38:22:3822] [INFO]: GET /api/users?productId=83281d32-b29d-41e1-8a24-1d9947920146 304 - - 68.054 ms
[2026-06-19 16:38:22:3822] [INFO]: GET /api/users?productId=83281d32-b29d-41e1-8a24-1d9947920146 304 - - 74.741 ms
[2026-06-19 16:38:22:3822] [INFO]: GET /api/products/83281d32-b29d-41e1-8a24-1d9947920146/status 304 - - 597.981 ms
[2026-06-19 16:38:22:3822] [INFO]: GET /api/products/83281d32-b29d-41e1-8a24-1d9947920146/status 304 - - 183.459 ms
[2026-06-19 16:38:22:3822] [INFO]: GET /api/products/83281d32-b29d-41e1-8a24-1d9947920146/status 304 - - 181.403 ms
[2026-06-19 16:38:30:3830] [INFO]: OPTIONS /api/features?productId=83281d32-b29d-41e1-8a24-1d9947920146 204 0 - 0.134 ms
[2026-06-19 16:38:30:3830] [INFO]: OPTIONS /api/users?productId=83281d32-b29d-41e1-8a24-1d9947920146 204 0 - 0.082 ms
[2026-06-19 16:38:30:3830] [INFO]: OPTIONS /api/users?productId=83281d32-b29d-41e1-8a24-1d9947920146 204 0 - 0.246 ms
[2026-06-19 16:38:30:3830] [INFO]: OPTIONS /api/features?productId=83281d32-b29d-41e1-8a24-1d9947920146 204 0 - 0.124 ms
[2026-06-19 16:38:30:3830] [INFO]: GET /api/users?productId=83281d32-b29d-41e1-8a24-1d9947920146 304 - - 342.466 ms
[2026-06-19 16:38:31:3831] [INFO]: GET /api/features?productId=83281d32-b29d-41e1-8a24-1d9947920146 304 - - 500.758 ms
[2026-06-19 16:38:31:3831] [INFO]: GET /api/users?productId=83281d32-b29d-41e1-8a24-1d9947920146 304 - - 152.779 ms
[2026-06-19 16:38:31:3831] [INFO]: GET /api/features?productId=83281d32-b29d-41e1-8a24-1d9947920146 304 - - 551.060 ms
[2026-06-19 16:38:44:3844] [INFO]: OPTIONS /api/features/ae094073-7dc5-49ee-9580-18da4d73dcbf 204 0 - 0.303 ms
[2026-06-19 16:38:46:3846] [INFO]: [NOTIFICATION SERVICE] Creating notification for user 9a5609b6-18cf-46ba-bbf5-8e01d52d210f: "Feature Assigned"
[2026-06-19 16:38:46:3846] [INFO]: [SOCKET] Emitting event "notification" to user room 9a5609b6-18cf-46ba-bbf5-8e01d52d210f
[2026-06-19 16:38:46:3846] [INFO]: [NOTIFICATION SERVICE] Creating notification for user 9a5609b6-18cf-46ba-bbf5-8e01d52d210f: "Feature Updated"
[2026-06-19 16:38:47:3847] [INFO]: [SOCKET] Emitting event "notification" to user room 9a5609b6-18cf-46ba-bbf5-8e01d52d210f
[2026-06-19 16:38:47:3847] [INFO]: PUT /api/features/ae094073-7dc5-49ee-9580-18da4d73dcbf 200 83156 - 2181.395 ms
[2026-06-19 16:38:49:3849] [INFO]: OPTIONS /api/features?productId=83281d32-b29d-41e1-8a24-1d9947920146 204 0 - 0.113 ms
[2026-06-19 16:38:49:3849] [INFO]: OPTIONS /api/users?productId=83281d32-b29d-41e1-8a24-1d9947920146 204 0 - 0.090 ms
[2026-06-19 16:38:50:3850] [INFO]: GET /api/users?productId=83281d32-b29d-41e1-8a24-1d9947920146 304 - - 421.644 ms
[2026-06-19 16:38:50:3850] [INFO]: GET /api/features?productId=83281d32-b29d-41e1-8a24-1d9947920146 200 1871502 - 512.339 ms
[2026-06-19 16:38:59:3859] [INFO]: OPTIONS /api/features/63454124-33a7-4619-898f-025d7ed4b3c6 204 0 - 0.315 ms
[2026-06-19 16:39:00:390] [INFO]: [NOTIFICATION SERVICE] Creating notification for user de8d0345-d3af-4f54-82ff-4ec269040688: "Feature Updated"
[2026-06-19 16:39:00:390] [INFO]: [SOCKET] Emitting event "notification" to user room de8d0345-d3af-4f54-82ff-4ec269040688
[2026-06-19 16:39:00:390] [INFO]: PUT /api/features/63454124-33a7-4619-898f-025d7ed4b3c6 200 44460 - 1172.688 ms
[2026-06-19 16:39:03:393] [INFO]: OPTIONS /api/features?productId=83281d32-b29d-41e1-8a24-1d9947920146 204 0 - 0.260 ms
[2026-06-19 16:39:03:393] [INFO]: OPTIONS /api/users?productId=83281d32-b29d-41e1-8a24-1d9947920146 204 0 - 0.202 ms
[2026-06-19 16:39:03:393] [INFO]: GET /api/users?productId=83281d32-b29d-41e1-8a24-1d9947920146 304 - - 323.646 ms
[2026-06-19 16:39:04:394] [INFO]: GET /api/features?productId=83281d32-b29d-41e1-8a24-1d9947920146 200 1871498 - 515.016 ms
[2026-06-19 16:40:26:4026] [INFO]: OPTIONS /api/users/all 204 0 - 0.319 ms
[2026-06-19 16:40:26:4026] [INFO]: OPTIONS /api/products 204 0 - 0.151 ms
[2026-06-19 16:40:26:4026] [INFO]: OPTIONS /api/products 204 0 - 0.141 ms
[2026-06-19 16:40:26:4026] [INFO]: OPTIONS /api/users/all 204 0 - 0.116 ms
[2026-06-19 16:40:27:4027] [INFO]: GET /api/products 304 - - 180.469 ms
[2026-06-19 16:40:27:4027] [INFO]: GET /api/products 304 - - 60.264 ms
[2026-06-19 16:40:27:4027] [INFO]: GET /api/users/all 200 234289 - 903.645 ms
[2026-06-19 16:40:28:4028] [INFO]: GET /api/users/all 304 - - 313.050 ms
[2026-06-19 16:40:58:4058] [INFO]: OPTIONS /api/products/83281d32-b29d-41e1-8a24-1d9947920146/status 204 0 - 0.300 ms
[2026-06-19 16:40:58:4058] [INFO]: OPTIONS /api/users?productId=83281d32-b29d-41e1-8a24-1d9947920146 204 0 - 0.105 ms
[2026-06-19 16:40:58:4058] [INFO]: OPTIONS /api/products/83281d32-b29d-41e1-8a24-1d9947920146/status 204 0 - 0.137 ms
[2026-06-19 16:40:58:4058] [INFO]: OPTIONS /api/users?productId=83281d32-b29d-41e1-8a24-1d9947920146 204 0 - 0.144 ms
[2026-06-19 16:40:58:4058] [INFO]: GET /api/products/83281d32-b29d-41e1-8a24-1d9947920146/status 304 - - 372.853 ms
[2026-06-19 16:40:58:4058] [INFO]: GET /api/users?productId=83281d32-b29d-41e1-8a24-1d9947920146 304 - - 378.576 ms
[2026-06-19 16:40:59:4059] [INFO]: GET /api/users?productId=83281d32-b29d-41e1-8a24-1d9947920146 304 - - 203.841 ms
[2026-06-19 16:40:59:4059] [INFO]: GET /api/products/83281d32-b29d-41e1-8a24-1d9947920146/status 304 - - 219.716 ms
[2026-06-19 16:40:59:4059] [INFO]: OPTIONS /api/requirements-mapping?projectId=83281d32-b29d-41e1-8a24-1d9947920146 204 0 - 0.117 ms
[2026-06-19 16:40:59:4059] [INFO]: OPTIONS /api/user-stories?productId=83281d32-b29d-41e1-8a24-1d9947920146 204 0 - 0.119 ms
[2026-06-19 16:40:59:4059] [INFO]: OPTIONS /api/functional-requirements?productId=83281d32-b29d-41e1-8a24-1d9947920146 204 0 - 0.139 ms
[2026-06-19 16:40:59:4059] [INFO]: OPTIONS /api/requirements-mapping?projectId=83281d32-b29d-41e1-8a24-1d9947920146 204 0 - 0.086 ms
[2026-06-19 16:40:59:4059] [INFO]: OPTIONS /api/user-stories?productId=83281d32-b29d-41e1-8a24-1d9947920146 204 0 - 0.114 ms
[2026-06-19 16:40:59:4059] [INFO]: OPTIONS /api/functional-requirements?productId=83281d32-b29d-41e1-8a24-1d9947920146 204 0 - 0.335 ms
[2026-06-19 16:41:00:410] [INFO]: GET /api/user-stories?productId=83281d32-b29d-41e1-8a24-1d9947920146 304 - - 343.081 ms
[2026-06-19 16:41:00:410] [INFO]: GET /api/requirements-mapping?projectId=83281d32-b29d-41e1-8a24-1d9947920146 200 6607 - 516.973 ms
[2026-06-19 16:41:00:410] [INFO]: GET /api/user-stories?productId=83281d32-b29d-41e1-8a24-1d9947920146 304 - - 238.977 ms
[2026-06-19 16:41:00:410] [INFO]: GET /api/functional-requirements?productId=83281d32-b29d-41e1-8a24-1d9947920146 200 1503 - 584.670 ms
[2026-06-19 16:41:00:410] [INFO]: GET /api/functional-requirements?productId=83281d32-b29d-41e1-8a24-1d9947920146 304 - - 67.901 ms
[2026-06-19 16:41:00:410] [INFO]: OPTIONS /api/features?productId=83281d32-b29d-41e1-8a24-1d9947920146 204 0 - 0.126 ms
[2026-06-19 16:41:00:410] [INFO]: OPTIONS /api/features?productId=83281d32-b29d-41e1-8a24-1d9947920146 204 0 - 0.199 ms
[2026-06-19 16:41:00:410] [INFO]: GET /api/requirements-mapping?projectId=83281d32-b29d-41e1-8a24-1d9947920146 304 - - 280.358 ms
[2026-06-19 16:41:00:410] [INFO]: GET /api/users?productId=83281d32-b29d-41e1-8a24-1d9947920146 304 - - 144.711 ms
[2026-06-19 16:41:00:410] [INFO]: GET /api/users?productId=83281d32-b29d-41e1-8a24-1d9947920146 304 - - 101.104 ms
[2026-06-19 16:41:01:411] [INFO]: GET /api/features?productId=83281d32-b29d-41e1-8a24-1d9947920146 304 - - 477.715 ms
[2026-06-19 16:41:01:411] [INFO]: GET /api/user-stories?productId=83281d32-b29d-41e1-8a24-1d9947920146 304 - - 552.837 ms
[2026-06-19 16:41:01:411] [INFO]: GET /api/user-stories?productId=83281d32-b29d-41e1-8a24-1d9947920146 304 - - 235.556 ms
[2026-06-19 16:41:01:411] [INFO]: OPTIONS /api/users/all 204 0 - 0.178 ms
[2026-06-19 16:41:01:411] [INFO]: OPTIONS /api/products 204 0 - 0.176 ms
[2026-06-19 16:41:01:411] [INFO]: OPTIONS /api/users/all 204 0 - 0.214 ms
[2026-06-19 16:41:01:411] [INFO]: OPTIONS /api/products 204 0 - 0.092 ms
[2026-06-19 16:41:01:411] [INFO]: GET /api/features?productId=83281d32-b29d-41e1-8a24-1d9947920146 304 - - 397.253 ms
[2026-06-19 16:41:01:411] [INFO]: GET /api/products 304 - - 130.295 ms
[2026-06-19 16:41:01:411] [INFO]: GET /api/products 304 - - 87.592 ms
[2026-06-19 16:41:02:412] [INFO]: GET /api/users/all 304 - - 728.133 ms
[2026-06-19 16:41:02:412] [INFO]: GET /api/users/all 304 - - 383.875 ms
[2026-06-19 16:45:22:4522] [INFO]: OPTIONS /api/features?productId=83281d32-b29d-41e1-8a24-1d9947920146 204 0 - 0.352 ms
[2026-06-19 16:45:22:4522] [INFO]: OPTIONS /api/users?productId=83281d32-b29d-41e1-8a24-1d9947920146 204 0 - 0.102 ms
[2026-06-19 16:45:22:4522] [INFO]: OPTIONS /api/features?productId=83281d32-b29d-41e1-8a24-1d9947920146 204 0 - 0.178 ms
[2026-06-19 16:45:22:4522] [INFO]: OPTIONS /api/users?productId=83281d32-b29d-41e1-8a24-1d9947920146 204 0 - 0.083 ms
[2026-06-19 16:45:23:4523] [INFO]: GET /api/users?productId=83281d32-b29d-41e1-8a24-1d9947920146 304 - - 592.769 ms
[2026-06-19 16:45:23:4523] [INFO]: GET /api/users?productId=83281d32-b29d-41e1-8a24-1d9947920146 304 - - 198.250 ms
[2026-06-19 16:45:23:4523] [INFO]: GET /api/features?productId=83281d32-b29d-41e1-8a24-1d9947920146 304 - - 1294.382 ms
[2026-06-19 16:45:24:4524] [INFO]: GET /api/features?productId=83281d32-b29d-41e1-8a24-1d9947920146 304 - - 355.278 ms
[2026-06-19 16:45:57:4557] [INFO]: OPTIONS /api/users/all 204 0 - 0.683 ms
[2026-06-19 16:45:57:4557] [INFO]: OPTIONS /api/products 204 0 - 0.134 ms
[2026-06-19 16:45:57:4557] [INFO]: OPTIONS /api/users/all 204 0 - 0.160 ms
[2026-06-19 16:45:57:4557] [INFO]: OPTIONS /api/products 204 0 - 0.126 ms
[2026-06-19 16:45:57:4557] [INFO]: GET /api/products 304 - - 122.550 ms
[2026-06-19 16:45:57:4557] [INFO]: GET /api/products 304 - - 59.346 ms
[2026-06-19 16:45:58:4558] [INFO]: GET /api/users/all 304 - - 891.951 ms
[2026-06-19 16:45:58:4558] [INFO]: GET /api/users/all 304 - - 362.031 ms
[2026-06-19 16:46:19:4619] [INFO]: OPTIONS /api/user-stories?productId=c188438d-8438-4278-88e0-6b1ee87aee76 204 0 - 0.193 ms
[2026-06-19 16:46:19:4619] [INFO]: OPTIONS /api/users?productId=c188438d-8438-4278-88e0-6b1ee87aee76 204 0 - 0.100 ms
[2026-06-19 16:46:19:4619] [INFO]: OPTIONS /api/features?productId=c188438d-8438-4278-88e0-6b1ee87aee76 204 0 - 0.084 ms
[2026-06-19 16:46:19:4619] [INFO]: OPTIONS /api/user-stories?productId=c188438d-8438-4278-88e0-6b1ee87aee76 204 0 - 0.136 ms
[2026-06-19 16:46:19:4619] [INFO]: OPTIONS /api/users?productId=c188438d-8438-4278-88e0-6b1ee87aee76 204 0 - 0.141 ms
[2026-06-19 16:46:19:4619] [INFO]: OPTIONS /api/features?productId=c188438d-8438-4278-88e0-6b1ee87aee76 204 0 - 0.196 ms
[2026-06-19 16:46:20:4620] [INFO]: GET /api/user-stories?productId=c188438d-8438-4278-88e0-6b1ee87aee76 200 2 - 584.666 ms
[2026-06-19 16:46:20:4620] [INFO]: GET /api/user-stories?productId=c188438d-8438-4278-88e0-6b1ee87aee76 304 - - 375.751 ms
[2026-06-19 16:46:20:4620] [INFO]: GET /api/users?productId=c188438d-8438-4278-88e0-6b1ee87aee76 200 381 - 1096.168 ms
[2026-06-19 16:46:20:4620] [INFO]: GET /api/users?productId=c188438d-8438-4278-88e0-6b1ee87aee76 304 - - 108.833 ms
[2026-06-19 16:46:21:4621] [INFO]: GET /api/features?productId=c188438d-8438-4278-88e0-6b1ee87aee76 200 2 - 1462.246 ms
[2026-06-19 16:46:21:4621] [INFO]: GET /api/features?productId=c188438d-8438-4278-88e0-6b1ee87aee76 304 - - 342.920 ms
[2026-06-19 16:46:35:4635] [INFO]: OPTIONS /api/features?productId=c188438d-8438-4278-88e0-6b1ee87aee76 204 0 - 0.107 ms
[2026-06-19 16:46:35:4635] [INFO]: OPTIONS /api/users?productId=c188438d-8438-4278-88e0-6b1ee87aee76 204 0 - 0.091 ms
[2026-06-19 16:46:35:4635] [INFO]: OPTIONS /api/features?productId=c188438d-8438-4278-88e0-6b1ee87aee76 204 0 - 0.112 ms
[2026-06-19 16:46:35:4635] [INFO]: OPTIONS /api/users?productId=c188438d-8438-4278-88e0-6b1ee87aee76 204 0 - 0.162 ms
[2026-06-19 16:46:35:4635] [INFO]: GET /api/users?productId=c188438d-8438-4278-88e0-6b1ee87aee76 304 - - 162.158 ms
[2026-06-19 16:46:35:4635] [INFO]: GET /api/features?productId=c188438d-8438-4278-88e0-6b1ee87aee76 304 - - 228.670 ms
[2026-06-19 16:46:35:4635] [INFO]: GET /api/users?productId=c188438d-8438-4278-88e0-6b1ee87aee76 304 - - 101.119 ms
[2026-06-19 16:46:35:4635] [INFO]: OPTIONS /api/products/c188438d-8438-4278-88e0-6b1ee87aee76/status 204 0 - 0.256 ms
[2026-06-19 16:46:35:4635] [INFO]: OPTIONS /api/products/c188438d-8438-4278-88e0-6b1ee87aee76/status 204 0 - 0.153 ms
[2026-06-19 16:46:36:4636] [INFO]: GET /api/users?productId=c188438d-8438-4278-88e0-6b1ee87aee76 304 - - 83.876 ms
[2026-06-19 16:46:36:4636] [INFO]: GET /api/features?productId=c188438d-8438-4278-88e0-6b1ee87aee76 304 - - 181.498 ms
[2026-06-19 16:46:36:4636] [INFO]: GET /api/users?productId=c188438d-8438-4278-88e0-6b1ee87aee76 304 - - 167.393 ms
[2026-06-19 16:46:36:4636] [INFO]: GET /api/products/c188438d-8438-4278-88e0-6b1ee87aee76/status 200 2 - 256.657 ms
[2026-06-19 16:46:36:4636] [INFO]: GET /api/products/c188438d-8438-4278-88e0-6b1ee87aee76/status 304 - - 119.210 ms
[2026-06-19 16:49:40:4940] [INFO]: [SOCKET] User disconnected: Krishna Shelar (de8d0345-d3af-4f54-82ff-4ec269040688) - Socket: r_hXpMlwomtClJNXAAAK
[2026-06-19 16:49:40:4940] [INFO]: [SOCKET] User disconnected: Krishna Shelar (de8d0345-d3af-4f54-82ff-4ec269040688) - Socket: S56U_xtB-SGmm3faAAAL
[2026-06-19 17:22:36:2236] [INFO]: [SOCKET] User connected: Krishna Shelar (de8d0345-d3af-4f54-82ff-4ec269040688) - Socket: R0943VuyG7TFl5TIAAAO
[2026-06-19 17:22:36:2236] [INFO]: [SOCKET] User connected: Krishna Shelar (de8d0345-d3af-4f54-82ff-4ec269040688) - Socket: FbtJ6D8F6PWdNas2AAAP
[2026-06-19 17:22:37:2237] [INFO]: OPTIONS /api/products 204 0 - 0.201 ms
[2026-06-19 17:22:37:2237] [INFO]: OPTIONS /api/products 204 0 - 0.105 ms
[2026-06-19 17:22:37:2237] [INFO]: [SOCKET] User connected: Krishna Shelar (de8d0345-d3af-4f54-82ff-4ec269040688) - Socket: FXtJuLYDxdLW3PbUAAAS
[2026-06-19 17:22:37:2237] [INFO]: [SOCKET] User connected: Krishna Shelar (de8d0345-d3af-4f54-82ff-4ec269040688) - Socket: x9GzOWAJZNQzvAU4AAAT
[2026-06-19 17:22:38:2238] [INFO]: GET /api/products 304 - - 643.059 ms
[2026-06-19 17:22:38:2238] [INFO]: OPTIONS /api/products/c188438d-8438-4278-88e0-6b1ee87aee76/status 204 0 - 0.170 ms
[2026-06-19 17:22:38:2238] [INFO]: OPTIONS /api/users?productId=c188438d-8438-4278-88e0-6b1ee87aee76 204 0 - 0.129 ms
[2026-06-19 17:22:38:2238] [INFO]: OPTIONS /api/products/c188438d-8438-4278-88e0-6b1ee87aee76/status 204 0 - 0.116 ms
[2026-06-19 17:22:38:2238] [INFO]: OPTIONS /api/users?productId=c188438d-8438-4278-88e0-6b1ee87aee76 204 0 - 0.132 ms
[2026-06-19 17:22:38:2238] [INFO]: GET /api/products 304 - - 111.738 ms
[2026-06-19 17:22:38:2238] [INFO]: GET /api/products/c188438d-8438-4278-88e0-6b1ee87aee76/status 304 - - 344.828 ms
[2026-06-19 17:22:38:2238] [INFO]: GET /api/users?productId=c188438d-8438-4278-88e0-6b1ee87aee76 304 - - 521.937 ms
[2026-06-19 17:22:38:2238] [INFO]: GET /api/products/c188438d-8438-4278-88e0-6b1ee87aee76/status 304 - - 171.964 ms
[2026-06-19 17:22:38:2238] [INFO]: GET /api/users?productId=c188438d-8438-4278-88e0-6b1ee87aee76 304 - - 134.576 ms
[2026-06-19 17:22:38:2238] [INFO]: GET /api/users?productId=c188438d-8438-4278-88e0-6b1ee87aee76 304 - - 108.153 ms
[2026-06-19 17:22:39:2239] [INFO]: GET /api/products/c188438d-8438-4278-88e0-6b1ee87aee76/status 304 - - 328.832 ms
[2026-06-19 17:22:43:2243] [INFO]: OPTIONS /api/features?productId=c188438d-8438-4278-88e0-6b1ee87aee76 204 0 - 0.210 ms
[2026-06-19 17:22:43:2243] [INFO]: OPTIONS /api/features?productId=c188438d-8438-4278-88e0-6b1ee87aee76 204 0 - 0.106 ms
[2026-06-19 17:22:43:2243] [INFO]: GET /api/users?productId=c188438d-8438-4278-88e0-6b1ee87aee76 304 - - 189.109 ms
[2026-06-19 17:22:43:2243] [INFO]: GET /api/users?productId=c188438d-8438-4278-88e0-6b1ee87aee76 304 - - 147.360 ms
[2026-06-19 17:22:43:2243] [INFO]: GET /api/features?productId=c188438d-8438-4278-88e0-6b1ee87aee76 304 - - 369.271 ms
[2026-06-19 17:22:43:2243] [INFO]: GET /api/features?productId=c188438d-8438-4278-88e0-6b1ee87aee76 304 - - 213.700 ms
[2026-06-19 17:22:50:2250] [INFO]: OPTIONS /api/products/c188438d-8438-4278-88e0-6b1ee87aee76/status 204 0 - 0.178 ms
[2026-06-19 17:22:50:2250] [INFO]: OPTIONS /api/users?productId=c188438d-8438-4278-88e0-6b1ee87aee76 204 0 - 0.122 ms
[2026-06-19 17:22:50:2250] [INFO]: OPTIONS /api/products/c188438d-8438-4278-88e0-6b1ee87aee76/status 204 0 - 0.161 ms
[2026-06-19 17:22:50:2250] [INFO]: OPTIONS /api/users?productId=c188438d-8438-4278-88e0-6b1ee87aee76 204 0 - 0.179 ms
[2026-06-19 17:22:50:2250] [INFO]: GET /api/users?productId=c188438d-8438-4278-88e0-6b1ee87aee76 304 - - 89.593 ms
[2026-06-19 17:22:50:2250] [INFO]: GET /api/products/c188438d-8438-4278-88e0-6b1ee87aee76/status 304 - - 235.164 ms
[2026-06-19 17:22:50:2250] [INFO]: GET /api/users?productId=c188438d-8438-4278-88e0-6b1ee87aee76 304 - - 79.170 ms
[2026-06-19 17:22:50:2250] [INFO]: GET /api/products/c188438d-8438-4278-88e0-6b1ee87aee76/status 304 - - 148.648 ms
[2026-06-19 17:22:51:2251] [INFO]: OPTIONS /api/users/all 204 0 - 0.647 ms
[2026-06-19 17:22:51:2251] [INFO]: OPTIONS /api/products 204 0 - 0.197 ms
[2026-06-19 17:22:51:2251] [INFO]: OPTIONS /api/users/all 204 0 - 0.131 ms
[2026-06-19 17:22:51:2251] [INFO]: OPTIONS /api/products 204 0 - 0.202 ms
[2026-06-19 17:22:51:2251] [INFO]: GET /api/products 304 - - 174.694 ms
[2026-06-19 17:22:51:2251] [INFO]: GET /api/products 304 - - 93.065 ms
[2026-06-19 17:22:52:2252] [INFO]: GET /api/users/all 304 - - 833.708 ms
[2026-06-19 17:22:52:2252] [INFO]: GET /api/users/all 304 - - 333.133 ms
[2026-06-19 17:22:55:2255] [INFO]: [SOCKET] User disconnected: Krishna Shelar (de8d0345-d3af-4f54-82ff-4ec269040688) - Socket: FXtJuLYDxdLW3PbUAAAS
[2026-06-19 17:22:55:2255] [INFO]: [SOCKET] User disconnected: Krishna Shelar (de8d0345-d3af-4f54-82ff-4ec269040688) - Socket: x9GzOWAJZNQzvAU4AAAT
[2026-06-19 17:22:56:2256] [INFO]: OPTIONS /api/products 204 0 - 0.130 ms
[2026-06-19 17:22:56:2256] [INFO]: [SOCKET] User connected: Krishna Shelar (de8d0345-d3af-4f54-82ff-4ec269040688) - Socket: GcLY5oWwzdFvc9cxAAAW
[2026-06-19 17:22:56:2256] [INFO]: [SOCKET] User connected: Krishna Shelar (de8d0345-d3af-4f54-82ff-4ec269040688) - Socket: fupWvM3iRWRhltUwAAAX
[2026-06-19 17:22:56:2256] [INFO]: GET /api/products 304 - - 142.776 ms
[2026-06-19 17:22:56:2256] [INFO]: OPTIONS /api/products/c188438d-8438-4278-88e0-6b1ee87aee76/status 204 0 - 0.212 ms
[2026-06-19 17:22:56:2256] [INFO]: OPTIONS /api/users?productId=c188438d-8438-4278-88e0-6b1ee87aee76 204 0 - 0.199 ms
[2026-06-19 17:22:56:2256] [INFO]: OPTIONS /api/users?productId=c188438d-8438-4278-88e0-6b1ee87aee76 204 0 - 0.837 ms
[2026-06-19 17:22:56:2256] [INFO]: GET /api/products 304 - - 86.869 ms
[2026-06-19 17:22:56:2256] [INFO]: GET /api/users?productId=c188438d-8438-4278-88e0-6b1ee87aee76 304 - - 169.372 ms
[2026-06-19 17:22:56:2256] [INFO]: GET /api/products/c188438d-8438-4278-88e0-6b1ee87aee76/status 304 - - 137.844 ms
[2026-06-19 17:22:56:2256] [INFO]: GET /api/users?productId=c188438d-8438-4278-88e0-6b1ee87aee76 304 - - 78.391 ms
[2026-06-19 17:22:56:2256] [INFO]: GET /api/users?productId=c188438d-8438-4278-88e0-6b1ee87aee76 304 - - 64.178 ms
[2026-06-19 17:22:57:2257] [INFO]: GET /api/products/c188438d-8438-4278-88e0-6b1ee87aee76/status 304 - - 198.972 ms
[2026-06-19 17:22:57:2257] [INFO]: GET /api/products/c188438d-8438-4278-88e0-6b1ee87aee76/status 304 - - 177.363 ms
[2026-06-19 17:22:59:2259] [INFO]: OPTIONS /api/users/all 204 0 - 0.122 ms
[2026-06-19 17:22:59:2259] [INFO]: OPTIONS /api/users/all 204 0 - 0.084 ms
[2026-06-19 17:22:59:2259] [INFO]: GET /api/products 304 - - 85.534 ms
[2026-06-19 17:22:59:2259] [INFO]: GET /api/products 304 - - 79.661 ms
[2026-06-19 17:22:59:2259] [INFO]: GET /api/users/all 304 - - 543.085 ms
[2026-06-19 17:23:00:230] [INFO]: GET /api/users/all 304 - - 363.832 ms
[2026-06-19 17:23:21:2321] [INFO]: [SOCKET] User disconnected: Krishna Shelar (de8d0345-d3af-4f54-82ff-4ec269040688) - Socket: R0943VuyG7TFl5TIAAAO
[2026-06-19 17:23:21:2321] [INFO]: [SOCKET] User disconnected: Krishna Shelar (de8d0345-d3af-4f54-82ff-4ec269040688) - Socket: FbtJ6D8F6PWdNas2AAAP
[2026-06-19 17:33:51:3351] [INFO]: [SOCKET] User disconnected: Krishna Shelar (de8d0345-d3af-4f54-82ff-4ec269040688) - Socket: GcLY5oWwzdFvc9cxAAAW
[2026-06-19 17:33:51:3351] [INFO]: [SOCKET] User disconnected: Krishna Shelar (de8d0345-d3af-4f54-82ff-4ec269040688) - Socket: fupWvM3iRWRhltUwAAAX
[2026-06-19 17:33:52:3352] [INFO]: OPTIONS /api/products 204 0 - 0.149 ms
[2026-06-19 17:33:52:3352] [INFO]: [SOCKET] User connected: Krishna Shelar (de8d0345-d3af-4f54-82ff-4ec269040688) - Socket: 9qPCouyxU2yh2nrwAAAa
[2026-06-19 17:33:52:3352] [INFO]: [SOCKET] User connected: Krishna Shelar (de8d0345-d3af-4f54-82ff-4ec269040688) - Socket: VbZWBt-FHM7xR7wfAAAb
[2026-06-19 17:33:52:3352] [INFO]: GET /api/products 304 - - 565.084 ms
[2026-06-19 17:33:52:3352] [INFO]: GET /api/products 304 - - 67.792 ms
[2026-06-19 17:33:52:3352] [INFO]: OPTIONS /api/products/c188438d-8438-4278-88e0-6b1ee87aee76/status 204 0 - 0.383 ms
[2026-06-19 17:33:52:3352] [INFO]: OPTIONS /api/users?productId=c188438d-8438-4278-88e0-6b1ee87aee76 204 0 - 0.212 ms
[2026-06-19 17:33:52:3352] [INFO]: OPTIONS /api/users?productId=c188438d-8438-4278-88e0-6b1ee87aee76 204 0 - 0.228 ms
[2026-06-19 17:33:53:3353] [INFO]: GET /api/products/c188438d-8438-4278-88e0-6b1ee87aee76/status 304 - - 239.295 ms
[2026-06-19 17:33:53:3353] [INFO]: GET /api/products/c188438d-8438-4278-88e0-6b1ee87aee76/status 304 - - 121.060 ms
[2026-06-19 17:33:53:3353] [INFO]: GET /api/users?productId=c188438d-8438-4278-88e0-6b1ee87aee76 304 - - 379.820 ms
[2026-06-19 17:33:53:3353] [INFO]: GET /api/users?productId=c188438d-8438-4278-88e0-6b1ee87aee76 304 - - 65.849 ms
[2026-06-19 17:33:53:3353] [INFO]: GET /api/products/c188438d-8438-4278-88e0-6b1ee87aee76/status 304 - - 119.280 ms
[2026-06-19 17:33:53:3353] [INFO]: GET /api/users?productId=c188438d-8438-4278-88e0-6b1ee87aee76 304 - - 63.767 ms
[2026-06-19 17:33:54:3354] [INFO]: OPTIONS /api/user-stories?productId=c188438d-8438-4278-88e0-6b1ee87aee76 204 0 - 0.110 ms
[2026-06-19 17:33:54:3354] [INFO]: OPTIONS /api/features?productId=c188438d-8438-4278-88e0-6b1ee87aee76 204 0 - 0.072 ms
[2026-06-19 17:33:54:3354] [INFO]: OPTIONS /api/user-stories?productId=c188438d-8438-4278-88e0-6b1ee87aee76 204 0 - 0.077 ms
[2026-06-19 17:33:55:3355] [INFO]: GET /api/users?productId=c188438d-8438-4278-88e0-6b1ee87aee76 304 - - 67.504 ms
[2026-06-19 17:33:55:3355] [INFO]: GET /api/users?productId=c188438d-8438-4278-88e0-6b1ee87aee76 304 - - 67.413 ms
[2026-06-19 17:33:55:3355] [INFO]: GET /api/features?productId=c188438d-8438-4278-88e0-6b1ee87aee76 304 - - 188.542 ms
[2026-06-19 17:33:55:3355] [INFO]: GET /api/features?productId=c188438d-8438-4278-88e0-6b1ee87aee76 304 - - 136.254 ms
[2026-06-19 17:33:55:3355] [INFO]: GET /api/user-stories?productId=c188438d-8438-4278-88e0-6b1ee87aee76 304 - - 477.120 ms
[2026-06-19 17:33:55:3355] [INFO]: GET /api/user-stories?productId=c188438d-8438-4278-88e0-6b1ee87aee76 304 - - 122.421 ms
[2026-06-19 17:33:58:3358] [INFO]: OPTIONS /api/user-stories?productId=83281d32-b29d-41e1-8a24-1d9947920146 204 0 - 0.240 ms
[2026-06-19 17:33:58:3358] [INFO]: OPTIONS /api/users?productId=83281d32-b29d-41e1-8a24-1d9947920146 204 0 - 0.189 ms
[2026-06-19 17:33:58:3358] [INFO]: OPTIONS /api/features?productId=83281d32-b29d-41e1-8a24-1d9947920146 204 0 - 0.076 ms
[2026-06-19 17:33:58:3358] [INFO]: GET /api/users?productId=83281d32-b29d-41e1-8a24-1d9947920146 304 - - 349.158 ms
[2026-06-19 17:33:58:3358] [INFO]: GET /api/user-stories?productId=83281d32-b29d-41e1-8a24-1d9947920146 304 - - 386.591 ms
[2026-06-19 17:33:59:3359] [INFO]: GET /api/features?productId=83281d32-b29d-41e1-8a24-1d9947920146 304 - - 618.335 ms
[2026-06-19 17:34:05:345] [INFO]: OPTIONS /api/features?productId=83281d32-b29d-41e1-8a24-1d9947920146 204 0 - 0.188 ms
[2026-06-19 17:34:05:345] [INFO]: OPTIONS /api/users?productId=83281d32-b29d-41e1-8a24-1d9947920146 204 0 - 0.087 ms
[2026-06-19 17:34:05:345] [INFO]: OPTIONS /api/features?productId=83281d32-b29d-41e1-8a24-1d9947920146 204 0 - 0.205 ms
[2026-06-19 17:34:05:345] [INFO]: OPTIONS /api/users?productId=83281d32-b29d-41e1-8a24-1d9947920146 204 0 - 0.138 ms
[2026-06-19 17:34:05:345] [INFO]: GET /api/users?productId=83281d32-b29d-41e1-8a24-1d9947920146 304 - - 392.026 ms
[2026-06-19 17:34:05:345] [INFO]: GET /api/features?productId=83281d32-b29d-41e1-8a24-1d9947920146 304 - - 441.312 ms
[2026-06-19 17:34:05:345] [INFO]: GET /api/users?productId=83281d32-b29d-41e1-8a24-1d9947920146 304 - - 133.705 ms
[2026-06-19 17:34:06:346] [INFO]: GET /api/features?productId=83281d32-b29d-41e1-8a24-1d9947920146 304 - - 286.634 ms
[2026-06-19 17:34:09:349] [INFO]: OPTIONS /api/user-stories?productId=83281d32-b29d-41e1-8a24-1d9947920146 204 0 - 0.144 ms
[2026-06-19 17:34:09:349] [INFO]: OPTIONS /api/user-stories?productId=83281d32-b29d-41e1-8a24-1d9947920146 204 0 - 0.075 ms
[2026-06-19 17:34:09:349] [INFO]: GET /api/users?productId=83281d32-b29d-41e1-8a24-1d9947920146 304 - - 371.929 ms
[2026-06-19 17:34:09:349] [INFO]: GET /api/users?productId=83281d32-b29d-41e1-8a24-1d9947920146 304 - - 77.171 ms
[2026-06-19 17:34:09:349] [INFO]: GET /api/user-stories?productId=83281d32-b29d-41e1-8a24-1d9947920146 304 - - 491.045 ms
[2026-06-19 17:34:09:349] [INFO]: GET /api/features?productId=83281d32-b29d-41e1-8a24-1d9947920146 304 - - 579.478 ms
[2026-06-19 17:34:09:349] [INFO]: GET /api/user-stories?productId=83281d32-b29d-41e1-8a24-1d9947920146 304 - - 236.339 ms
[2026-06-19 17:34:10:3410] [INFO]: GET /api/features?productId=83281d32-b29d-41e1-8a24-1d9947920146 304 - - 396.095 ms
[2026-06-19 17:35:35:3535] [INFO]: OPTIONS /api/user-stories?productId=83281d32-b29d-41e1-8a24-1d9947920146 204 0 - 0.186 ms
[2026-06-19 17:35:36:3536] [INFO]: DELETE /api/user-stories?productId=83281d32-b29d-41e1-8a24-1d9947920146 200 52 - 321.769 ms
[2026-06-19 17:35:36:3536] [INFO]: OPTIONS /api/users?productId=83281d32-b29d-41e1-8a24-1d9947920146 204 0 - 0.121 ms
[2026-06-19 17:35:36:3536] [INFO]: OPTIONS /api/features?productId=83281d32-b29d-41e1-8a24-1d9947920146 204 0 - 0.089 ms
[2026-06-19 17:35:36:3536] [INFO]: GET /api/user-stories?productId=83281d32-b29d-41e1-8a24-1d9947920146 200 2 - 139.957 ms
[2026-06-19 17:35:36:3536] [INFO]: GET /api/users?productId=83281d32-b29d-41e1-8a24-1d9947920146 304 - - 372.553 ms
[2026-06-19 17:35:36:3536] [INFO]: GET /api/features?productId=83281d32-b29d-41e1-8a24-1d9947920146 304 - - 495.537 ms
[2026-06-19 17:35:53:3553] [INFO]: OPTIONS /api/user-stories/bulk 204 0 - 0.162 ms
[2026-06-19 17:35:54:3554] [INFO]: [NOTIFICATION SERVICE] Creating notification for user de8d0345-d3af-4f54-82ff-4ec269040688: "User Story Assigned via Import"
[2026-06-19 17:35:55:3555] [INFO]: [SOCKET] Emitting event "notification" to user room de8d0345-d3af-4f54-82ff-4ec269040688
[2026-06-19 17:35:55:3555] [INFO]: [NOTIFICATION SERVICE] Creating notification for user de8d0345-d3af-4f54-82ff-4ec269040688: "User Story Assigned via Import"
[2026-06-19 17:35:55:3555] [INFO]: [SOCKET] Emitting event "notification" to user room de8d0345-d3af-4f54-82ff-4ec269040688
[2026-06-19 17:35:55:3555] [INFO]: [NOTIFICATION SERVICE] Creating notification for user de8d0345-d3af-4f54-82ff-4ec269040688: "User Story Assigned via Import"
[2026-06-19 17:35:56:3556] [INFO]: [SOCKET] Emitting event "notification" to user room de8d0345-d3af-4f54-82ff-4ec269040688
[2026-06-19 17:35:56:3556] [INFO]: [NOTIFICATION SERVICE] Creating notification for user de8d0345-d3af-4f54-82ff-4ec269040688: "User Story Assigned via Import"
[2026-06-19 17:35:56:3556] [INFO]: [SOCKET] Emitting event "notification" to user room de8d0345-d3af-4f54-82ff-4ec269040688
[2026-06-19 17:35:57:3557] [INFO]: [NOTIFICATION SERVICE] Creating notification for user de8d0345-d3af-4f54-82ff-4ec269040688: "User Story Assigned via Import"
[2026-06-19 17:35:57:3557] [INFO]: [SOCKET] Emitting event "notification" to user room de8d0345-d3af-4f54-82ff-4ec269040688
[2026-06-19 17:35:57:3557] [INFO]: [NOTIFICATION SERVICE] Creating notification for user de8d0345-d3af-4f54-82ff-4ec269040688: "User Story Assigned via Import"
[2026-06-19 17:35:58:3558] [INFO]: [SOCKET] Emitting event "notification" to user room de8d0345-d3af-4f54-82ff-4ec269040688
[2026-06-19 17:35:58:3558] [INFO]: [NOTIFICATION SERVICE] Creating notification for user de8d0345-d3af-4f54-82ff-4ec269040688: "User Story Assigned via Import"
[2026-06-19 17:35:58:3558] [INFO]: [SOCKET] Emitting event "notification" to user room de8d0345-d3af-4f54-82ff-4ec269040688
[2026-06-19 17:35:58:3558] [INFO]: [NOTIFICATION SERVICE] Creating notification for user de8d0345-d3af-4f54-82ff-4ec269040688: "User Story Assigned via Import"
[2026-06-19 17:35:59:3559] [INFO]: [SOCKET] Emitting event "notification" to user room de8d0345-d3af-4f54-82ff-4ec269040688
[2026-06-19 17:35:59:3559] [ERROR]: POST /api/user-stories/bulk - Error: 
Invalid `prisma.userStory.create()` invocation:


Transaction API error: Transaction already closed: A query cannot be executed on an expired transaction. The timeout for this transaction was 5000 ms, however 5261 ms passed since the start of the transaction. Consider increasing the interactive transaction timeout or doing less work in the transaction.
[2026-06-19 17:35:59:3559] [ERROR]: PrismaClientKnownRequestError: 
Invalid `prisma.userStory.create()` invocation:


Transaction API error: Transaction already closed: A query cannot be executed on an expired transaction. The timeout for this transaction was 5000 ms, however 5261 ms passed since the start of the transaction. Consider increasing the interactive transaction timeout or doing less work in the transaction.
    at $n.handleRequestError (C:\Users\krish\OneDrive\Desktop\TKS Project Tracking\backend\node_modules\@prisma\client\runtime\library.js:121:7315)
    at $n.handleAndLogRequestError (C:\Users\krish\OneDrive\Desktop\TKS Project Tracking\backend\node_modules\@prisma\client\runtime\library.js:121:6623)
    at $n.request (C:\Users\krish\OneDrive\Desktop\TKS Project Tracking\backend\node_modules\@prisma\client\runtime\library.js:121:6307)
    at async l (C:\Users\krish\OneDrive\Desktop\TKS Project Tracking\backend\node_modules\@prisma\client\runtime\library.js:130:9633)
    at async file:///C:/Users/krish/OneDrive/Desktop/TKS%20Project%20Tracking/backend/src/routes/userStories.js:141:26
    at async Proxy._transactionWithCallback (C:\Users\krish\OneDrive\Desktop\TKS Project Tracking\backend\node_modules\@prisma\client\runtime\library.js:130:8000)
    at async file:///C:/Users/krish/OneDrive/Desktop/TKS%20Project%20Tracking/backend/src/routes/userStories.js:130:5
[2026-06-19 17:35:59:3559] [INFO]: POST /api/user-stories/bulk 500 389 - 5600.394 ms
[2026-06-19 17:36:11:3611] [INFO]: OPTIONS /api/user-stories?productId=83281d32-b29d-41e1-8a24-1d9947920146 204 0 - 0.232 ms
[2026-06-19 17:36:11:3611] [INFO]: DELETE /api/user-stories?productId=83281d32-b29d-41e1-8a24-1d9947920146 200 52 - 253.040 ms
[2026-06-19 17:36:11:3611] [INFO]: OPTIONS /api/users?productId=83281d32-b29d-41e1-8a24-1d9947920146 204 0 - 0.318 ms
[2026-06-19 17:36:11:3611] [INFO]: OPTIONS /api/features?productId=83281d32-b29d-41e1-8a24-1d9947920146 204 0 - 0.986 ms
[2026-06-19 17:36:11:3611] [INFO]: GET /api/user-stories?productId=83281d32-b29d-41e1-8a24-1d9947920146 200 2 - 135.624 ms
[2026-06-19 17:36:12:3612] [INFO]: GET /api/users?productId=83281d32-b29d-41e1-8a24-1d9947920146 304 - - 370.618 ms
[2026-06-19 17:36:12:3612] [INFO]: GET /api/features?productId=83281d32-b29d-41e1-8a24-1d9947920146 304 - - 548.206 ms
[2026-06-19 17:37:38:3738] [INFO]: OPTIONS /api/products/83281d32-b29d-41e1-8a24-1d9947920146/status 204 0 - 0.363 ms
[2026-06-19 17:37:38:3738] [INFO]: OPTIONS /api/users?productId=83281d32-b29d-41e1-8a24-1d9947920146 204 0 - 0.153 ms
[2026-06-19 17:37:38:3738] [INFO]: OPTIONS /api/products/83281d32-b29d-41e1-8a24-1d9947920146/status 204 0 - 0.123 ms
[2026-06-19 17:37:38:3738] [INFO]: OPTIONS /api/users?productId=83281d32-b29d-41e1-8a24-1d9947920146 204 0 - 0.116 ms
[2026-06-19 17:37:38:3738] [INFO]: GET /api/products/83281d32-b29d-41e1-8a24-1d9947920146/status 304 - - 344.866 ms
[2026-06-19 17:37:38:3738] [INFO]: GET /api/users?productId=83281d32-b29d-41e1-8a24-1d9947920146 304 - - 349.588 ms
[2026-06-19 17:37:38:3738] [INFO]: GET /api/products/83281d32-b29d-41e1-8a24-1d9947920146/status 304 - - 186.390 ms
[2026-06-19 17:37:38:3738] [INFO]: GET /api/users?productId=83281d32-b29d-41e1-8a24-1d9947920146 304 - - 289.608 ms
[2026-06-19 17:37:39:3739] [INFO]: OPTIONS /api/users/all 204 0 - 0.112 ms
[2026-06-19 17:37:39:3739] [INFO]: OPTIONS /api/products 204 0 - 0.102 ms
[2026-06-19 17:37:39:3739] [INFO]: OPTIONS /api/users/all 204 0 - 0.073 ms
[2026-06-19 17:37:39:3739] [INFO]: OPTIONS /api/products 204 0 - 0.091 ms
[2026-06-19 17:37:39:3739] [INFO]: GET /api/products 304 - - 61.865 ms
[2026-06-19 17:37:39:3739] [INFO]: GET /api/products 304 - - 60.085 ms
[2026-06-19 17:37:40:3740] [INFO]: GET /api/users/all 200 234291 - 728.558 ms
[2026-06-19 17:37:40:3740] [INFO]: GET /api/users/all 304 - - 290.268 ms
[2026-06-19 17:37:58:3758] [INFO]: OPTIONS /api/requirements-mapping?projectId=83281d32-b29d-41e1-8a24-1d9947920146 204 0 - 0.160 ms
[2026-06-19 17:37:58:3758] [INFO]: OPTIONS /api/user-stories?productId=83281d32-b29d-41e1-8a24-1d9947920146 204 0 - 0.075 ms
[2026-06-19 17:37:58:3758] [INFO]: OPTIONS /api/functional-requirements?productId=83281d32-b29d-41e1-8a24-1d9947920146 204 0 - 0.166 ms
[2026-06-19 17:37:58:3758] [INFO]: OPTIONS /api/requirements-mapping?projectId=83281d32-b29d-41e1-8a24-1d9947920146 204 0 - 0.366 ms
[2026-06-19 17:37:58:3758] [INFO]: OPTIONS /api/user-stories?productId=83281d32-b29d-41e1-8a24-1d9947920146 204 0 - 0.069 ms
[2026-06-19 17:37:58:3758] [INFO]: OPTIONS /api/functional-requirements?productId=83281d32-b29d-41e1-8a24-1d9947920146 204 0 - 0.084 ms
[2026-06-19 17:37:58:3758] [INFO]: GET /api/functional-requirements?productId=83281d32-b29d-41e1-8a24-1d9947920146 304 - - 175.525 ms
[2026-06-19 17:37:58:3758] [INFO]: GET /api/user-stories?productId=83281d32-b29d-41e1-8a24-1d9947920146 304 - - 179.278 ms
[2026-06-19 17:37:58:3758] [INFO]: GET /api/requirements-mapping?projectId=83281d32-b29d-41e1-8a24-1d9947920146 200 2 - 182.936 ms
[2026-06-19 17:37:58:3758] [INFO]: GET /api/functional-requirements?productId=83281d32-b29d-41e1-8a24-1d9947920146 304 - - 144.739 ms
[2026-06-19 17:37:58:3758] [INFO]: GET /api/user-stories?productId=83281d32-b29d-41e1-8a24-1d9947920146 304 - - 138.889 ms
[2026-06-19 17:37:58:3758] [INFO]: GET /api/requirements-mapping?projectId=83281d32-b29d-41e1-8a24-1d9947920146 304 - - 192.441 ms
[2026-06-19 17:37:59:3759] [INFO]: OPTIONS /api/features?productId=83281d32-b29d-41e1-8a24-1d9947920146 204 0 - 0.099 ms
[2026-06-19 17:37:59:3759] [INFO]: OPTIONS /api/users?productId=83281d32-b29d-41e1-8a24-1d9947920146 204 0 - 0.065 ms
[2026-06-19 17:37:59:3759] [INFO]: OPTIONS /api/features?productId=83281d32-b29d-41e1-8a24-1d9947920146 204 0 - 0.065 ms
[2026-06-19 17:37:59:3759] [INFO]: OPTIONS /api/users?productId=83281d32-b29d-41e1-8a24-1d9947920146 204 0 - 0.068 ms
[2026-06-19 17:37:59:3759] [INFO]: GET /api/users?productId=83281d32-b29d-41e1-8a24-1d9947920146 304 - - 324.254 ms
[2026-06-19 17:37:59:3759] [INFO]: GET /api/features?productId=83281d32-b29d-41e1-8a24-1d9947920146 304 - - 418.288 ms
[2026-06-19 17:37:59:3759] [INFO]: GET /api/users?productId=83281d32-b29d-41e1-8a24-1d9947920146 304 - - 139.128 ms
[2026-06-19 17:37:59:3759] [INFO]: OPTIONS /api/products/83281d32-b29d-41e1-8a24-1d9947920146/status 204 0 - 0.106 ms
[2026-06-19 17:37:59:3759] [INFO]: OPTIONS /api/products/83281d32-b29d-41e1-8a24-1d9947920146/status 204 0 - 0.077 ms
[2026-06-19 17:37:59:3759] [INFO]: GET /api/users?productId=83281d32-b29d-41e1-8a24-1d9947920146 304 - - 73.526 ms
[2026-06-19 17:38:00:380] [INFO]: GET /api/users?productId=83281d32-b29d-41e1-8a24-1d9947920146 304 - - 151.278 ms
[2026-06-19 17:38:00:380] [INFO]: GET /api/products/83281d32-b29d-41e1-8a24-1d9947920146/status 304 - - 252.833 ms
[2026-06-19 17:38:00:380] [INFO]: GET /api/features?productId=83281d32-b29d-41e1-8a24-1d9947920146 304 - - 385.319 ms
[2026-06-19 17:38:00:380] [INFO]: GET /api/products/83281d32-b29d-41e1-8a24-1d9947920146/status 304 - - 203.745 ms
[2026-06-19 17:38:04:384] [INFO]: GET /api/users?productId=83281d32-b29d-41e1-8a24-1d9947920146 304 - - 282.048 ms
[2026-06-19 17:38:04:384] [INFO]: GET /api/users?productId=83281d32-b29d-41e1-8a24-1d9947920146 304 - - 73.182 ms
[2026-06-19 17:38:04:384] [INFO]: GET /api/features?productId=83281d32-b29d-41e1-8a24-1d9947920146 304 - - 401.671 ms
[2026-06-19 17:38:04:384] [INFO]: GET /api/features?productId=83281d32-b29d-41e1-8a24-1d9947920146 304 - - 214.937 ms
[2026-06-19 17:38:13:3813] [INFO]: OPTIONS /api/products/83281d32-b29d-41e1-8a24-1d9947920146/status 204 0 - 0.130 ms
[2026-06-19 17:38:13:3813] [INFO]: OPTIONS /api/users?productId=83281d32-b29d-41e1-8a24-1d9947920146 204 0 - 0.091 ms
[2026-06-19 17:38:13:3813] [INFO]: OPTIONS /api/products/83281d32-b29d-41e1-8a24-1d9947920146/status 204 0 - 0.110 ms
[2026-06-19 17:38:13:3813] [INFO]: OPTIONS /api/users?productId=83281d32-b29d-41e1-8a24-1d9947920146 204 0 - 0.104 ms
[2026-06-19 17:38:13:3813] [INFO]: GET /api/products/83281d32-b29d-41e1-8a24-1d9947920146/status 304 - - 191.778 ms
[2026-06-19 17:38:13:3813] [INFO]: GET /api/users?productId=83281d32-b29d-41e1-8a24-1d9947920146 304 - - 297.904 ms
[2026-06-19 17:38:13:3813] [INFO]: GET /api/users?productId=83281d32-b29d-41e1-8a24-1d9947920146 304 - - 155.384 ms
[2026-06-19 17:38:13:3813] [INFO]: GET /api/products/83281d32-b29d-41e1-8a24-1d9947920146/status 304 - - 266.447 ms
[2026-06-19 17:38:31:3831] [INFO]: OPTIONS /api/features?productId=83281d32-b29d-41e1-8a24-1d9947920146 204 0 - 0.281 ms
[2026-06-19 17:38:31:3831] [INFO]: OPTIONS /api/users?productId=83281d32-b29d-41e1-8a24-1d9947920146 204 0 - 0.115 ms
[2026-06-19 17:38:31:3831] [INFO]: OPTIONS /api/features?productId=83281d32-b29d-41e1-8a24-1d9947920146 204 0 - 0.140 ms
[2026-06-19 17:38:31:3831] [INFO]: OPTIONS /api/users?productId=83281d32-b29d-41e1-8a24-1d9947920146 204 0 - 0.173 ms
[2026-06-19 17:38:32:3832] [INFO]: GET /api/users?productId=83281d32-b29d-41e1-8a24-1d9947920146 304 - - 348.724 ms
[2026-06-19 17:38:32:3832] [INFO]: GET /api/features?productId=83281d32-b29d-41e1-8a24-1d9947920146 304 - - 494.735 ms
[2026-06-19 17:38:32:3832] [INFO]: GET /api/users?productId=83281d32-b29d-41e1-8a24-1d9947920146 304 - - 148.559 ms
[2026-06-19 17:38:32:3832] [INFO]: GET /api/features?productId=83281d32-b29d-41e1-8a24-1d9947920146 304 - - 212.704 ms
[2026-06-19 17:39:00:390] [INFO]: OPTIONS /api/user-stories?productId=83281d32-b29d-41e1-8a24-1d9947920146 204 0 - 0.291 ms
[2026-06-19 17:39:00:390] [INFO]: OPTIONS /api/users?productId=83281d32-b29d-41e1-8a24-1d9947920146 204 0 - 0.156 ms
[2026-06-19 17:39:00:390] [INFO]: OPTIONS /api/features?productId=83281d32-b29d-41e1-8a24-1d9947920146 204 0 - 0.089 ms
[2026-06-19 17:39:00:390] [INFO]: OPTIONS /api/users?productId=83281d32-b29d-41e1-8a24-1d9947920146 204 0 - 0.602 ms
[2026-06-19 17:39:00:390] [INFO]: OPTIONS /api/features?productId=83281d32-b29d-41e1-8a24-1d9947920146 204 0 - 0.229 ms
[2026-06-19 17:39:00:390] [INFO]: OPTIONS /api/user-stories?productId=83281d32-b29d-41e1-8a24-1d9947920146 204 0 - 0.112 ms
[2026-06-19 17:39:01:391] [INFO]: GET /api/user-stories?productId=83281d32-b29d-41e1-8a24-1d9947920146 304 - - 718.981 ms
[2026-06-19 17:39:01:391] [INFO]: GET /api/user-stories?productId=83281d32-b29d-41e1-8a24-1d9947920146 304 - - 130.104 ms
[2026-06-19 17:39:01:391] [INFO]: GET /api/users?productId=83281d32-b29d-41e1-8a24-1d9947920146 304 - - 871.152 ms
[2026-06-19 17:39:01:391] [INFO]: GET /api/users?productId=83281d32-b29d-41e1-8a24-1d9947920146 304 - - 74.976 ms
[2026-06-19 17:39:01:391] [INFO]: GET /api/features?productId=83281d32-b29d-41e1-8a24-1d9947920146 304 - - 1076.369 ms
[2026-06-19 17:39:02:392] [INFO]: GET /api/features?productId=83281d32-b29d-41e1-8a24-1d9947920146 304 - - 237.307 ms
[2026-06-19 17:57:28:5728] [INFO]: [SOCKET] User disconnected: Krishna Shelar (de8d0345-d3af-4f54-82ff-4ec269040688) - Socket: VbZWBt-FHM7xR7wfAAAb
[2026-06-19 17:57:28:5728] [INFO]: [SOCKET] User disconnected: Krishna Shelar (de8d0345-d3af-4f54-82ff-4ec269040688) - Socket: 9qPCouyxU2yh2nrwAAAa
[2026-06-19 18:03:40:340] [INFO]: [SOCKET] User connected: Krishna Shelar (de8d0345-d3af-4f54-82ff-4ec269040688) - Socket: ghsBI6VHM1lmumGQAAAe
[2026-06-19 18:03:40:340] [INFO]: [SOCKET] User connected: Krishna Shelar (de8d0345-d3af-4f54-82ff-4ec269040688) - Socket: sjBTuV9cDbLegaAhAAAf
